-- MySQL dump 10.13  Distrib 5.7.22, for osx10.13 (x86_64)
--
-- Host: localhost    Database: gensan_obo2a
-- ------------------------------------------------------
-- Server version	5.6.40

/*!40101 SET @OLD_CHARACTER_SET_CLIENT=@@CHARACTER_SET_CLIENT */;
/*!40101 SET @OLD_CHARACTER_SET_RESULTS=@@CHARACTER_SET_RESULTS */;
/*!40101 SET @OLD_COLLATION_CONNECTION=@@COLLATION_CONNECTION */;
/*!40101 SET NAMES utf8 */;
/*!40103 SET @OLD_TIME_ZONE=@@TIME_ZONE */;
/*!40103 SET TIME_ZONE='+00:00' */;
/*!40014 SET @OLD_UNIQUE_CHECKS=@@UNIQUE_CHECKS, UNIQUE_CHECKS=0 */;
/*!40014 SET @OLD_FOREIGN_KEY_CHECKS=@@FOREIGN_KEY_CHECKS, FOREIGN_KEY_CHECKS=0 */;
/*!40101 SET @OLD_SQL_MODE=@@SQL_MODE, SQL_MODE='NO_AUTO_VALUE_ON_ZERO' */;
/*!40111 SET @OLD_SQL_NOTES=@@SQL_NOTES, SQL_NOTES=0 */;

--
-- Table structure for table `building_permit`
--

DROP TABLE IF EXISTS `building_permit`;
/*!40101 SET @saved_cs_client     = @@character_set_client */;
/*!40101 SET character_set_client = utf8 */;
CREATE TABLE `building_permit` (
  `objid` varchar(50) NOT NULL,
  `taskid` varchar(50) DEFAULT NULL,
  `amount` decimal(16,2) DEFAULT NULL,
  `description` varchar(255) DEFAULT NULL,
  `title` varchar(255) DEFAULT NULL,
  `occupancytypeid` varchar(50) DEFAULT NULL,
  `numunits` smallint(3) DEFAULT NULL,
  `fixedcost` decimal(16,2) DEFAULT NULL,
  `projectcost` decimal(16,2) DEFAULT NULL,
  `dtproposedconstruction` date DEFAULT NULL,
  `dtexpectedcompletion` date DEFAULT NULL,
  `totalfloorarea` decimal(16,2) DEFAULT NULL,
  `height` decimal(16,2) DEFAULT NULL,
  `numfloors` smallint(255) DEFAULT NULL,
  `worktypes` tinytext,
  `location_lotno` varchar(50) DEFAULT NULL,
  `location_blockno` varchar(50) DEFAULT NULL,
  `location_street` varchar(255) DEFAULT NULL,
  `location_barangay_name` varchar(255) DEFAULT NULL,
  `location_barangay_objid` varchar(50) DEFAULT NULL,
  `supervisorid` varchar(50) DEFAULT NULL,
  `location_unitno` varchar(25) DEFAULT NULL,
  `location_bldgno` varchar(25) DEFAULT NULL,
  `location_bldgname` varchar(25) DEFAULT NULL,
  `location_subdivision` varchar(25) DEFAULT NULL,
  `location_lotarea` decimal(16,2) DEFAULT NULL,
  PRIMARY KEY (`objid`) USING BTREE,
  KEY `fk_building_permit_taskid` (`taskid`) USING BTREE,
  KEY `fk_building_permit_applicantid` (`supervisorid`) USING BTREE,
  KEY `fk_building_permit_supervisorid` (`occupancytypeid`) USING BTREE,
  CONSTRAINT `fk_building_application_supervisorid` FOREIGN KEY (`supervisorid`) REFERENCES `obo_professional_info` (`objid`),
  CONSTRAINT `fk_building_application_taskid` FOREIGN KEY (`taskid`) REFERENCES `building_permit_task` (`taskid`),
  CONSTRAINT `fk_building_permit_objid` FOREIGN KEY (`objid`) REFERENCES `obo_app` (`objid`),
  CONSTRAINT `fk_building_permit_occupancytypeid` FOREIGN KEY (`occupancytypeid`) REFERENCES `obo_occupancy_type` (`objid`)
) ENGINE=InnoDB DEFAULT CHARSET=utf8;
/*!40101 SET character_set_client = @saved_cs_client */;

--
-- Dumping data for table `building_permit`
--

LOCK TABLES `building_permit` WRITE;
/*!40000 ALTER TABLE `building_permit` DISABLE KEYS */;
/*!40000 ALTER TABLE `building_permit` ENABLE KEYS */;
UNLOCK TABLES;

--
-- Table structure for table `building_permit_rpu`
--

DROP TABLE IF EXISTS `building_permit_rpu`;
/*!40101 SET @saved_cs_client     = @@character_set_client */;
/*!40101 SET character_set_client = utf8 */;
CREATE TABLE `building_permit_rpu` (
  `objid` varchar(50) NOT NULL DEFAULT '',
  `appid` varchar(50) DEFAULT NULL,
  `tdno` varchar(50) DEFAULT NULL,
  `tctno` varchar(50) DEFAULT NULL,
  `pin` varchar(50) DEFAULT NULL,
  `barangay` varchar(50) DEFAULT NULL,
  `titleno` varchar(50) DEFAULT NULL,
  `lotno` varchar(50) DEFAULT NULL,
  `blockno` varchar(50) DEFAULT NULL,
  `areasqm` decimal(16,4) DEFAULT NULL,
  `classcode` varchar(255) DEFAULT NULL,
  `ownerid` varchar(50) DEFAULT NULL,
  `street` varchar(255) DEFAULT NULL,
  `refid` varchar(50) DEFAULT NULL,
  `bill_amtdue` decimal(16,2) DEFAULT NULL,
  `lotowned` int(255) DEFAULT NULL,
  `taxclearanceid` varchar(50) DEFAULT NULL,
  `truecopycertid` varchar(50) DEFAULT NULL,
  `taxclearancefee` decimal(16,2) DEFAULT NULL,
  `truecopycertfee` decimal(16,2) DEFAULT NULL,
  PRIMARY KEY (`objid`) USING BTREE,
  UNIQUE KEY `uix_building_permit_rpu_appid_refid` (`appid`,`refid`) USING BTREE,
  KEY `fk_building_permit_rpu_ownerid` (`ownerid`) USING BTREE,
  CONSTRAINT `fk_building_permit_rpu_appid` FOREIGN KEY (`appid`) REFERENCES `building_permit` (`objid`),
  CONSTRAINT `fk_building_permit_rpu_ownerid` FOREIGN KEY (`ownerid`) REFERENCES `obo_app_entity` (`objid`)
) ENGINE=InnoDB DEFAULT CHARSET=utf8;
/*!40101 SET character_set_client = @saved_cs_client */;

--
-- Dumping data for table `building_permit_rpu`
--

LOCK TABLES `building_permit_rpu` WRITE;
/*!40000 ALTER TABLE `building_permit_rpu` DISABLE KEYS */;
/*!40000 ALTER TABLE `building_permit_rpu` ENABLE KEYS */;
UNLOCK TABLES;

--
-- Table structure for table `building_permit_task`
--

DROP TABLE IF EXISTS `building_permit_task`;
/*!40101 SET @saved_cs_client     = @@character_set_client */;
/*!40101 SET character_set_client = utf8 */;
CREATE TABLE `building_permit_task` (
  `taskid` varchar(50) NOT NULL,
  `refid` varchar(50) DEFAULT NULL,
  `parentprocessid` varchar(50) DEFAULT NULL,
  `state` varchar(50) DEFAULT NULL,
  `startdate` datetime DEFAULT NULL,
  `enddate` datetime DEFAULT NULL,
  `assignee_objid` varchar(50) DEFAULT NULL,
  `assignee_name` varchar(100) DEFAULT NULL,
  `actor_objid` varchar(50) DEFAULT NULL,
  `actor_name` varchar(100) DEFAULT NULL,
  `message` varchar(255) DEFAULT NULL,
  `dtcreated` datetime DEFAULT NULL,
  `prevtaskid` varchar(50) DEFAULT NULL,
  PRIMARY KEY (`taskid`) USING BTREE,
  KEY `FK_obo_subproc_task_refid` (`refid`) USING BTREE,
  KEY `ix_refid` (`refid`) USING BTREE,
  KEY `ix_parentprocessid` (`parentprocessid`) USING BTREE,
  KEY `ix_startdate` (`startdate`) USING BTREE,
  KEY `ix_enddate` (`enddate`) USING BTREE,
  KEY `ix_assignee_objid` (`assignee_objid`) USING BTREE,
  KEY `ix_actor_objid` (`actor_objid`) USING BTREE,
  KEY `ix_dtcreated` (`dtcreated`) USING BTREE,
  KEY `ix_prevtaskid` (`prevtaskid`) USING BTREE,
  KEY `fk_building_permit_task_state` (`state`),
  CONSTRAINT `fx_building_permit_task_refid` FOREIGN KEY (`refid`) REFERENCES `building_permit` (`objid`)
) ENGINE=InnoDB DEFAULT CHARSET=utf8;
/*!40101 SET character_set_client = @saved_cs_client */;

--
-- Dumping data for table `building_permit_task`
--

LOCK TABLES `building_permit_task` WRITE;
/*!40000 ALTER TABLE `building_permit_task` DISABLE KEYS */;
/*!40000 ALTER TABLE `building_permit_task` ENABLE KEYS */;
UNLOCK TABLES;

--
-- Table structure for table `idtype`
--

DROP TABLE IF EXISTS `idtype`;
/*!40101 SET @saved_cs_client     = @@character_set_client */;
/*!40101 SET character_set_client = utf8 */;
CREATE TABLE `idtype` (
  `name` varchar(50) NOT NULL,
  `title` varchar(50) DEFAULT NULL,
  `caption` varchar(50) DEFAULT NULL,
  PRIMARY KEY (`name`) USING BTREE
) ENGINE=InnoDB DEFAULT CHARSET=utf8;
/*!40101 SET character_set_client = @saved_cs_client */;

--
-- Dumping data for table `idtype`
--

LOCK TABLES `idtype` WRITE;
/*!40000 ALTER TABLE `idtype` DISABLE KEYS */;
INSERT INTO `idtype` VALUES ('ctc','CTC No','Community Tax Certficate'),('drivers','Drivers License No','Drivers License'),('gsis','GSIS No','GSIS'),('passport','Passport No.','PASSPORT'),('sss','SSS No','SSS'),('umid','UMID No','UMID');
/*!40000 ALTER TABLE `idtype` ENABLE KEYS */;
UNLOCK TABLES;

--
-- Table structure for table `obo_app`
--

DROP TABLE IF EXISTS `obo_app`;
/*!40101 SET @saved_cs_client     = @@character_set_client */;
/*!40101 SET character_set_client = utf8 */;
CREATE TABLE `obo_app` (
  `objid` varchar(50) NOT NULL,
  `doctypeid` varchar(50) DEFAULT NULL,
  `appno` varchar(50) DEFAULT NULL,
  `appdate` date DEFAULT NULL,
  `trackingno` varchar(50) DEFAULT NULL,
  `applicantid` varchar(50) DEFAULT NULL,
  `contact_name` varchar(255) DEFAULT NULL,
  `contact_detail` varchar(255) DEFAULT NULL,
  `contact_email` varchar(255) DEFAULT NULL,
  `contact_mobileno` varchar(50) DEFAULT NULL,
  `contact_phoneno` varchar(50) DEFAULT NULL,
  `txnmode` varchar(50) DEFAULT NULL,
  `orgcode` varchar(50) DEFAULT NULL,
  `createdby_objid` varchar(50) DEFAULT NULL,
  `createdby_name` varchar(255) DEFAULT NULL,
  `dtcreated` datetime DEFAULT NULL,
  `apptype` varchar(50) DEFAULT NULL,
  `txntype` varchar(50) DEFAULT NULL,
  PRIMARY KEY (`objid`),
  UNIQUE KEY `uix_obo_app_appno` (`appno`),
  UNIQUE KEY `uix_obo_app_trackingno` (`trackingno`),
  KEY `fk_obo_app_doctypeid` (`doctypeid`),
  KEY `fk_obo_app_applicantid` (`applicantid`),
  KEY `objid` (`objid`),
  CONSTRAINT `fk_obo_app_applicantid` FOREIGN KEY (`applicantid`) REFERENCES `obo_app_entity` (`objid`),
  CONSTRAINT `fk_obo_app_doctypeid` FOREIGN KEY (`doctypeid`) REFERENCES `obo_doctype` (`objid`)
) ENGINE=InnoDB DEFAULT CHARSET=utf8;
/*!40101 SET character_set_client = @saved_cs_client */;

--
-- Dumping data for table `obo_app`
--

LOCK TABLES `obo_app` WRITE;
/*!40000 ALTER TABLE `obo_app` DISABLE KEYS */;
/*!40000 ALTER TABLE `obo_app` ENABLE KEYS */;
UNLOCK TABLES;

--
-- Table structure for table `obo_app_attachment`
--

DROP TABLE IF EXISTS `obo_app_attachment`;
/*!40101 SET @saved_cs_client     = @@character_set_client */;
/*!40101 SET character_set_client = utf8 */;
CREATE TABLE `obo_app_attachment` (
  `objid` varchar(50) NOT NULL,
  `appid` varchar(50) DEFAULT NULL,
  `parentid` varchar(50) DEFAULT NULL,
  `fileid` varchar(50) DEFAULT NULL,
  `title` varchar(255) DEFAULT NULL,
  `createdby_objid` varchar(50) DEFAULT NULL,
  `createdby_name` varchar(255) DEFAULT NULL,
  `dtcreated` datetime DEFAULT NULL,
  PRIMARY KEY (`objid`),
  UNIQUE KEY `uix_building_permit_attachment_fileid` (`fileid`),
  KEY `fk_building_permit_attachment_appid` (`appid`),
  CONSTRAINT `fk_obo_app_attachment_appid` FOREIGN KEY (`appid`) REFERENCES `obo_app` (`objid`),
  CONSTRAINT `fk_obo_app_attachment_fileid` FOREIGN KEY (`fileid`) REFERENCES `sys_file` (`objid`)
) ENGINE=InnoDB DEFAULT CHARSET=utf8;
/*!40101 SET character_set_client = @saved_cs_client */;

--
-- Dumping data for table `obo_app_attachment`
--

LOCK TABLES `obo_app_attachment` WRITE;
/*!40000 ALTER TABLE `obo_app_attachment` DISABLE KEYS */;
/*!40000 ALTER TABLE `obo_app_attachment` ENABLE KEYS */;
UNLOCK TABLES;

--
-- Table structure for table `obo_app_doc`
--

DROP TABLE IF EXISTS `obo_app_doc`;
/*!40101 SET @saved_cs_client     = @@character_set_client */;
/*!40101 SET character_set_client = utf8 */;
CREATE TABLE `obo_app_doc` (
  `objid` varchar(50) NOT NULL,
  `appid` varchar(50) DEFAULT NULL,
  `state` int(50) DEFAULT NULL,
  `doctypeid` varchar(50) DEFAULT NULL,
  `worktypes` tinytext,
  `remarks` varchar(800) DEFAULT NULL,
  `amount` decimal(16,2) DEFAULT NULL,
  `controlid` varchar(50) DEFAULT NULL,
  `projectcost` decimal(16,2) DEFAULT NULL,
  `equipmentcost` decimal(16,2) DEFAULT NULL,
  PRIMARY KEY (`objid`) USING BTREE,
  UNIQUE KEY `uix_building_permit_doc_doctypeid` (`appid`,`doctypeid`) USING BTREE,
  KEY `fk_building_permit_doc_doctypeid` (`doctypeid`) USING BTREE,
  KEY `fk_building_permit_doc_controlid` (`controlid`) USING BTREE,
  CONSTRAINT `fk_obo_app_doc_appid` FOREIGN KEY (`appid`) REFERENCES `obo_app` (`objid`),
  CONSTRAINT `fk_obo_app_doc_controlid` FOREIGN KEY (`controlid`) REFERENCES `obo_control` (`objid`),
  CONSTRAINT `fk_obo_app_doc_doctypeid` FOREIGN KEY (`doctypeid`) REFERENCES `obo_doctype` (`objid`)
) ENGINE=InnoDB DEFAULT CHARSET=utf8;
/*!40101 SET character_set_client = @saved_cs_client */;

--
-- Dumping data for table `obo_app_doc`
--

LOCK TABLES `obo_app_doc` WRITE;
/*!40000 ALTER TABLE `obo_app_doc` DISABLE KEYS */;
/*!40000 ALTER TABLE `obo_app_doc` ENABLE KEYS */;
UNLOCK TABLES;

--
-- Table structure for table `obo_app_doc_checklist`
--

DROP TABLE IF EXISTS `obo_app_doc_checklist`;
/*!40101 SET @saved_cs_client     = @@character_set_client */;
/*!40101 SET character_set_client = utf8 */;
CREATE TABLE `obo_app_doc_checklist` (
  `objid` varchar(50) NOT NULL,
  `parentid` varchar(50) DEFAULT NULL,
  `typeid` varchar(50) DEFAULT NULL,
  `values` mediumtext,
  PRIMARY KEY (`objid`) USING BTREE,
  KEY `fk_building_permit_checklist_parentid` (`parentid`) USING BTREE,
  KEY `fk_building_permit_checklist_typeid` (`typeid`) USING BTREE,
  CONSTRAINT `fk_obo_app_doc_checklist_parentid` FOREIGN KEY (`parentid`) REFERENCES `obo_app_doc` (`objid`)
) ENGINE=InnoDB DEFAULT CHARSET=utf8;
/*!40101 SET character_set_client = @saved_cs_client */;

--
-- Dumping data for table `obo_app_doc_checklist`
--

LOCK TABLES `obo_app_doc_checklist` WRITE;
/*!40000 ALTER TABLE `obo_app_doc_checklist` DISABLE KEYS */;
/*!40000 ALTER TABLE `obo_app_doc_checklist` ENABLE KEYS */;
UNLOCK TABLES;

--
-- Table structure for table `obo_app_doc_info`
--

DROP TABLE IF EXISTS `obo_app_doc_info`;
/*!40101 SET @saved_cs_client     = @@character_set_client */;
/*!40101 SET character_set_client = utf8 */;
CREATE TABLE `obo_app_doc_info` (
  `objid` varchar(50) NOT NULL,
  `appid` varchar(50) DEFAULT NULL,
  `parentid` varchar(50) DEFAULT NULL,
  `name` varchar(50) DEFAULT NULL,
  `stringvalue` varchar(1200) DEFAULT NULL,
  `decimalvalue` decimal(18,2) DEFAULT NULL,
  `intvalue` int(11) DEFAULT NULL,
  `datevalue` date DEFAULT NULL,
  `booleanvalue` int(11) DEFAULT NULL,
  `remarks` varchar(255) DEFAULT NULL,
  `lookupkey` varchar(50) DEFAULT NULL,
  `lookupvalue` varchar(255) DEFAULT NULL,
  PRIMARY KEY (`objid`) USING BTREE,
  UNIQUE KEY `uix_building_permit_info_parentid_varname` (`parentid`,`name`) USING BTREE,
  KEY `fk_building_permit_info_appid` (`appid`) USING BTREE,
  KEY `fk_building_permit_info_name` (`name`),
  CONSTRAINT `fk_obo_app_doc_info_appid` FOREIGN KEY (`appid`) REFERENCES `obo_app` (`objid`),
  CONSTRAINT `fk_obo_app_doc_info_name` FOREIGN KEY (`name`) REFERENCES `obo_variable` (`objid`),
  CONSTRAINT `fk_obo_app_doc_info_parentid` FOREIGN KEY (`parentid`) REFERENCES `obo_app_doc` (`objid`)
) ENGINE=InnoDB DEFAULT CHARSET=utf8;
/*!40101 SET character_set_client = @saved_cs_client */;

--
-- Dumping data for table `obo_app_doc_info`
--

LOCK TABLES `obo_app_doc_info` WRITE;
/*!40000 ALTER TABLE `obo_app_doc_info` DISABLE KEYS */;
/*!40000 ALTER TABLE `obo_app_doc_info` ENABLE KEYS */;
UNLOCK TABLES;

--
-- Table structure for table `obo_app_entity`
--

DROP TABLE IF EXISTS `obo_app_entity`;
/*!40101 SET @saved_cs_client     = @@character_set_client */;
/*!40101 SET character_set_client = utf8 */;
CREATE TABLE `obo_app_entity` (
  `objid` varchar(50) NOT NULL DEFAULT '',
  `appid` varchar(50) DEFAULT NULL,
  `profileid` varchar(50) DEFAULT NULL,
  `entitytype` varchar(50) DEFAULT NULL,
  `profileno` varchar(50) DEFAULT NULL,
  `name` varchar(300) NOT NULL,
  `firstname` varchar(100) DEFAULT NULL,
  `middlename` varchar(100) DEFAULT NULL,
  `lastname` varchar(100) DEFAULT NULL,
  `resident` int(255) DEFAULT NULL,
  `address_objid` varchar(50) DEFAULT NULL,
  `address_text` varchar(255) DEFAULT NULL,
  `address_unitno` varchar(50) DEFAULT NULL,
  `address_bldgno` varchar(50) DEFAULT NULL,
  `address_bldgname` varchar(100) DEFAULT NULL,
  `address_street` varchar(255) DEFAULT NULL,
  `address_subdivision` varchar(255) DEFAULT NULL,
  `address_barangay_objid` varchar(50) DEFAULT NULL,
  `address_barangay_name` varchar(50) DEFAULT NULL,
  `address_citymunicipality` varchar(50) DEFAULT NULL,
  `address_province` varchar(50) DEFAULT NULL,
  `tin` varchar(50) DEFAULT NULL,
  `email` varchar(255) DEFAULT NULL,
  `mobileno` varchar(50) DEFAULT NULL,
  `phoneno` varchar(50) DEFAULT NULL,
  `id_type_name` varchar(50) DEFAULT NULL,
  `id_idno` varchar(50) DEFAULT NULL,
  `id_placeissued` varchar(100) DEFAULT NULL,
  `id_dtissued` date DEFAULT NULL,
  PRIMARY KEY (`objid`) USING BTREE,
  KEY `fx_building_permit_entity_appid` (`appid`) USING BTREE,
  CONSTRAINT `fk_obo_app_entity_appid` FOREIGN KEY (`appid`) REFERENCES `obo_app` (`objid`)
) ENGINE=InnoDB DEFAULT CHARSET=utf8;
/*!40101 SET character_set_client = @saved_cs_client */;

--
-- Dumping data for table `obo_app_entity`
--

LOCK TABLES `obo_app_entity` WRITE;
/*!40000 ALTER TABLE `obo_app_entity` DISABLE KEYS */;
/*!40000 ALTER TABLE `obo_app_entity` ENABLE KEYS */;
UNLOCK TABLES;

--
-- Table structure for table `obo_app_fee`
--

DROP TABLE IF EXISTS `obo_app_fee`;
/*!40101 SET @saved_cs_client     = @@character_set_client */;
/*!40101 SET character_set_client = utf8 */;
CREATE TABLE `obo_app_fee` (
  `objid` varchar(50) NOT NULL,
  `appid` varchar(50) DEFAULT NULL,
  `parentid` varchar(50) DEFAULT NULL,
  `itemid` varchar(50) DEFAULT NULL,
  `amount` decimal(16,4) DEFAULT NULL,
  `amtpaid` decimal(16,4) DEFAULT NULL,
  `remarks` varchar(255) DEFAULT NULL,
  PRIMARY KEY (`objid`) USING BTREE,
  UNIQUE KEY `uix_building_permit_fee_appid_itemid` (`appid`,`itemid`) USING BTREE,
  KEY `fk_building_permit_fee_itemid` (`itemid`) USING BTREE,
  KEY `fk_building_permit_fee_parentid` (`parentid`) USING BTREE,
  CONSTRAINT `fk_obo_app_fee_appid` FOREIGN KEY (`appid`) REFERENCES `obo_app` (`objid`),
  CONSTRAINT `fk_obo_app_fee_itemid` FOREIGN KEY (`itemid`) REFERENCES `obo_itemaccount` (`objid`),
  CONSTRAINT `fk_obo_app_fee_parentid` FOREIGN KEY (`parentid`) REFERENCES `obo_app_doc` (`objid`)
) ENGINE=InnoDB DEFAULT CHARSET=utf8;
/*!40101 SET character_set_client = @saved_cs_client */;

--
-- Dumping data for table `obo_app_fee`
--

LOCK TABLES `obo_app_fee` WRITE;
/*!40000 ALTER TABLE `obo_app_fee` DISABLE KEYS */;
/*!40000 ALTER TABLE `obo_app_fee` ENABLE KEYS */;
UNLOCK TABLES;

--
-- Table structure for table `obo_app_postrequirement`
--

DROP TABLE IF EXISTS `obo_app_postrequirement`;
/*!40101 SET @saved_cs_client     = @@character_set_client */;
/*!40101 SET character_set_client = utf8 */;
CREATE TABLE `obo_app_postrequirement` (
  `objid` varchar(50) NOT NULL,
  `appid` varchar(50) DEFAULT NULL,
  `parentid` varchar(50) DEFAULT NULL,
  `typeid` varchar(50) DEFAULT NULL,
  `state` int(10) DEFAULT NULL,
  `remarks` mediumtext,
  `createdby_objid` varchar(50) DEFAULT NULL,
  `createdby_name` varchar(255) DEFAULT NULL,
  `dtcreated` datetime DEFAULT NULL,
  PRIMARY KEY (`objid`) USING BTREE,
  KEY `fk_req_appid` (`appid`) USING BTREE,
  KEY `fk_req_typeid` (`typeid`) USING BTREE,
  KEY `fk_building_permit_requirement_parentid` (`parentid`) USING BTREE,
  CONSTRAINT `obo_app_postrequirement_typeid` FOREIGN KEY (`typeid`) REFERENCES `obo_requirement_type` (`objid`)
) ENGINE=InnoDB DEFAULT CHARSET=utf8;
/*!40101 SET character_set_client = @saved_cs_client */;

--
-- Dumping data for table `obo_app_postrequirement`
--

LOCK TABLES `obo_app_postrequirement` WRITE;
/*!40000 ALTER TABLE `obo_app_postrequirement` DISABLE KEYS */;
/*!40000 ALTER TABLE `obo_app_postrequirement` ENABLE KEYS */;
UNLOCK TABLES;

--
-- Table structure for table `obo_app_professional`
--

DROP TABLE IF EXISTS `obo_app_professional`;
/*!40101 SET @saved_cs_client     = @@character_set_client */;
/*!40101 SET character_set_client = utf8 */;
CREATE TABLE `obo_app_professional` (
  `objid` varchar(50) NOT NULL,
  `appid` varchar(50) DEFAULT NULL,
  `sectionid` varchar(50) DEFAULT NULL,
  `designprofessionalid` varchar(50) DEFAULT NULL,
  `supervisorid` varchar(50) DEFAULT NULL,
  `doctypeid` varchar(50) DEFAULT NULL,
  PRIMARY KEY (`objid`),
  KEY `fk_obo_app_professional_appid` (`appid`),
  KEY `fk_obo_app_professional_sectionid` (`sectionid`),
  KEY `fk_obo_app_professional_doctypeid` (`doctypeid`),
  KEY `fk_obo_app_professional_supervisorid` (`supervisorid`),
  KEY `fk_obo_app_professional_designprofessionalid` (`designprofessionalid`),
  CONSTRAINT `fk_obo_app_professional_appid` FOREIGN KEY (`appid`) REFERENCES `obo_app` (`objid`),
  CONSTRAINT `fk_obo_app_professional_designprofessionalid` FOREIGN KEY (`designprofessionalid`) REFERENCES `obo_professional_info` (`objid`),
  CONSTRAINT `fk_obo_app_professional_doctypeid` FOREIGN KEY (`doctypeid`) REFERENCES `obo_doctype` (`objid`),
  CONSTRAINT `fk_obo_app_professional_sectionid` FOREIGN KEY (`sectionid`) REFERENCES `obo_section` (`objid`),
  CONSTRAINT `fk_obo_app_professional_supervisorid` FOREIGN KEY (`supervisorid`) REFERENCES `obo_professional_info` (`objid`)
) ENGINE=InnoDB DEFAULT CHARSET=utf8;
/*!40101 SET character_set_client = @saved_cs_client */;

--
-- Dumping data for table `obo_app_professional`
--

LOCK TABLES `obo_app_professional` WRITE;
/*!40000 ALTER TABLE `obo_app_professional` DISABLE KEYS */;
/*!40000 ALTER TABLE `obo_app_professional` ENABLE KEYS */;
UNLOCK TABLES;

--
-- Table structure for table `obo_app_requirement`
--

DROP TABLE IF EXISTS `obo_app_requirement`;
/*!40101 SET @saved_cs_client     = @@character_set_client */;
/*!40101 SET character_set_client = utf8 */;
CREATE TABLE `obo_app_requirement` (
  `objid` varchar(50) NOT NULL,
  `appid` varchar(50) DEFAULT NULL,
  `parentid` varchar(50) DEFAULT NULL,
  `typeid` varchar(50) DEFAULT NULL,
  `state` int(10) DEFAULT NULL,
  `remarks` mediumtext,
  `reviewer_objid` varchar(50) DEFAULT NULL,
  `reviewer_name` varchar(255) DEFAULT NULL,
  `dtreviewed` datetime DEFAULT NULL,
  `supersederid` varchar(50) DEFAULT NULL,
  `transmittalid` varchar(50) DEFAULT NULL,
  PRIMARY KEY (`objid`) USING BTREE,
  KEY `fk_req_appid` (`appid`) USING BTREE,
  KEY `fk_req_typeid` (`typeid`) USING BTREE,
  KEY `fk_building_permit_requirement_parentid` (`parentid`) USING BTREE,
  KEY `fk_building_permit_requirement_supersederid` (`supersederid`) USING BTREE,
  KEY `fk_building_permit_requirement_transmittalid` (`transmittalid`) USING BTREE,
  CONSTRAINT `fk_obo_app_requirement_appid` FOREIGN KEY (`appid`) REFERENCES `obo_app` (`objid`),
  CONSTRAINT `fk_obo_app_requirement_parentid` FOREIGN KEY (`parentid`) REFERENCES `obo_app_doc` (`objid`),
  CONSTRAINT `fk_obo_app_requirement_supersederid` FOREIGN KEY (`supersederid`) REFERENCES `obo_app_requirement` (`objid`),
  CONSTRAINT `fk_obo_app_requirement_transmittalid` FOREIGN KEY (`transmittalid`) REFERENCES `obo_app_transmittal` (`objid`),
  CONSTRAINT `fk_obo_app_requirement_typeid` FOREIGN KEY (`typeid`) REFERENCES `obo_requirement_type` (`objid`)
) ENGINE=InnoDB DEFAULT CHARSET=utf8;
/*!40101 SET character_set_client = @saved_cs_client */;

--
-- Dumping data for table `obo_app_requirement`
--

LOCK TABLES `obo_app_requirement` WRITE;
/*!40000 ALTER TABLE `obo_app_requirement` DISABLE KEYS */;
/*!40000 ALTER TABLE `obo_app_requirement` ENABLE KEYS */;
UNLOCK TABLES;

--
-- Table structure for table `obo_app_taskitem`
--

DROP TABLE IF EXISTS `obo_app_taskitem`;
/*!40101 SET @saved_cs_client     = @@character_set_client */;
/*!40101 SET character_set_client = utf8 */;
CREATE TABLE `obo_app_taskitem` (
  `objid` varchar(50) NOT NULL,
  `appid` varchar(50) DEFAULT NULL,
  `typeid` varchar(50) DEFAULT NULL,
  `taskid` varchar(50) DEFAULT NULL,
  PRIMARY KEY (`objid`) USING BTREE,
  UNIQUE KEY `uix_building_application_section_appid_typeid` (`appid`,`typeid`) USING BTREE,
  KEY `fk_building_application_section_taskid` (`taskid`) USING BTREE,
  KEY `fk_building_application_section_typeid` (`typeid`) USING BTREE,
  CONSTRAINT `fk_obo_app_taskitem_appid` FOREIGN KEY (`appid`) REFERENCES `obo_app` (`objid`),
  CONSTRAINT `fk_obo_app_taskitem_taskid` FOREIGN KEY (`taskid`) REFERENCES `obo_app_taskitem_task` (`taskid`),
  CONSTRAINT `fk_obo_app_taskitem_typeid` FOREIGN KEY (`typeid`) REFERENCES `obo_taskitem_type` (`objid`)
) ENGINE=InnoDB DEFAULT CHARSET=utf8;
/*!40101 SET character_set_client = @saved_cs_client */;

--
-- Dumping data for table `obo_app_taskitem`
--

LOCK TABLES `obo_app_taskitem` WRITE;
/*!40000 ALTER TABLE `obo_app_taskitem` DISABLE KEYS */;
/*!40000 ALTER TABLE `obo_app_taskitem` ENABLE KEYS */;
UNLOCK TABLES;

--
-- Table structure for table `obo_app_taskitem_finding`
--

DROP TABLE IF EXISTS `obo_app_taskitem_finding`;
/*!40101 SET @saved_cs_client     = @@character_set_client */;
/*!40101 SET character_set_client = utf8 */;
CREATE TABLE `obo_app_taskitem_finding` (
  `objid` varchar(50) NOT NULL,
  `appid` varchar(50) DEFAULT NULL,
  `parentid` varchar(50) DEFAULT NULL,
  `rootid` varchar(50) DEFAULT NULL,
  `particulars` mediumtext,
  `dtcreated` datetime DEFAULT NULL,
  `createdby_objid` varchar(50) DEFAULT NULL,
  `createdby_name` varchar(255) DEFAULT NULL,
  `state` int(50) DEFAULT NULL,
  `supersederid` varchar(50) DEFAULT NULL,
  `transmittalid` varchar(50) DEFAULT NULL,
  `checklistitemid` varchar(50) DEFAULT NULL,
  `values` mediumtext,
  `attachmentid` varchar(50) DEFAULT NULL,
  PRIMARY KEY (`objid`) USING BTREE,
  KEY `fk_building_permit_finding_appid` (`appid`) USING BTREE,
  KEY `fk_building_permit_finding_parentid` (`parentid`) USING BTREE,
  KEY `fk_building_permit_finding_supersederid` (`supersederid`) USING BTREE,
  KEY `fk_building_permit_finding_checklistitemid` (`checklistitemid`) USING BTREE,
  KEY `fk_building_permit_finding_attachmentid` (`attachmentid`),
  CONSTRAINT `fk_obo_app_taskitem_finding_appid` FOREIGN KEY (`appid`) REFERENCES `obo_app` (`objid`),
  CONSTRAINT `fk_obo_app_taskitem_finding_attachmentid` FOREIGN KEY (`attachmentid`) REFERENCES `sys_file` (`objid`),
  CONSTRAINT `fk_obo_app_taskitem_finding_checklistitemid` FOREIGN KEY (`checklistitemid`) REFERENCES `obo_checklist_master` (`objid`),
  CONSTRAINT `fk_obo_app_taskitem_finding_parentid` FOREIGN KEY (`parentid`) REFERENCES `obo_app_taskitem` (`objid`),
  CONSTRAINT `fk_obo_app_taskitem_finding_supersederid` FOREIGN KEY (`supersederid`) REFERENCES `obo_app_taskitem_finding` (`objid`)
) ENGINE=InnoDB DEFAULT CHARSET=utf8;
/*!40101 SET character_set_client = @saved_cs_client */;

--
-- Dumping data for table `obo_app_taskitem_finding`
--

LOCK TABLES `obo_app_taskitem_finding` WRITE;
/*!40000 ALTER TABLE `obo_app_taskitem_finding` DISABLE KEYS */;
/*!40000 ALTER TABLE `obo_app_taskitem_finding` ENABLE KEYS */;
UNLOCK TABLES;

--
-- Table structure for table `obo_app_taskitem_task`
--

DROP TABLE IF EXISTS `obo_app_taskitem_task`;
/*!40101 SET @saved_cs_client     = @@character_set_client */;
/*!40101 SET character_set_client = utf8 */;
CREATE TABLE `obo_app_taskitem_task` (
  `taskid` varchar(50) NOT NULL,
  `refid` varchar(50) DEFAULT NULL,
  `parentprocessid` varchar(50) DEFAULT NULL,
  `state` varchar(50) DEFAULT NULL,
  `startdate` datetime DEFAULT NULL,
  `enddate` datetime DEFAULT NULL,
  `assignee_objid` varchar(50) DEFAULT NULL,
  `assignee_name` varchar(100) DEFAULT NULL,
  `actor_objid` varchar(50) DEFAULT NULL,
  `actor_name` varchar(100) DEFAULT NULL,
  `message` varchar(255) DEFAULT NULL,
  `dtcreated` datetime DEFAULT NULL,
  `prevtaskid` varchar(50) DEFAULT NULL,
  PRIMARY KEY (`taskid`) USING BTREE,
  KEY `ix_refid` (`refid`) USING BTREE,
  KEY `ix_parentprocessid` (`parentprocessid`) USING BTREE,
  KEY `ix_startdate` (`startdate`) USING BTREE,
  KEY `ix_enddate` (`enddate`) USING BTREE,
  KEY `ix_assignee_objid` (`assignee_objid`) USING BTREE,
  KEY `ix_actor_objid` (`actor_objid`) USING BTREE,
  KEY `ix_dtcreated` (`dtcreated`) USING BTREE,
  KEY `ix_prevtaskid` (`prevtaskid`) USING BTREE,
  CONSTRAINT `fk_obo_app_taskitem_task_refid` FOREIGN KEY (`refid`) REFERENCES `obo_app_taskitem` (`objid`)
) ENGINE=InnoDB DEFAULT CHARSET=utf8;
/*!40101 SET character_set_client = @saved_cs_client */;

--
-- Dumping data for table `obo_app_taskitem_task`
--

LOCK TABLES `obo_app_taskitem_task` WRITE;
/*!40000 ALTER TABLE `obo_app_taskitem_task` DISABLE KEYS */;
/*!40000 ALTER TABLE `obo_app_taskitem_task` ENABLE KEYS */;
UNLOCK TABLES;

--
-- Table structure for table `obo_app_transmittal`
--

DROP TABLE IF EXISTS `obo_app_transmittal`;
/*!40101 SET @saved_cs_client     = @@character_set_client */;
/*!40101 SET character_set_client = utf8 */;
CREATE TABLE `obo_app_transmittal` (
  `objid` varchar(50) NOT NULL,
  `appid` varchar(50) DEFAULT NULL,
  `state` int(1) DEFAULT NULL,
  `type` varchar(50) DEFAULT NULL,
  `taskid` varchar(50) DEFAULT NULL,
  `dtcreated` datetime DEFAULT NULL,
  `createdby_objid` varchar(50) DEFAULT NULL,
  `createdby_name` varchar(255) DEFAULT NULL,
  `approverid` varchar(50) DEFAULT NULL,
  `endorserid` varchar(50) DEFAULT NULL,
  `template` varchar(255) DEFAULT NULL,
  `reportheader` varchar(50) DEFAULT NULL,
  PRIMARY KEY (`objid`) USING BTREE,
  UNIQUE KEY `uix_building_permit_transmittal_taskid` (`taskid`) USING BTREE,
  KEY `fk_building_permit_transmittal_appid` (`appid`) USING BTREE,
  CONSTRAINT `fk_obo_app_transmittal_appid` FOREIGN KEY (`appid`) REFERENCES `obo_app` (`objid`)
) ENGINE=InnoDB DEFAULT CHARSET=utf8;
/*!40101 SET character_set_client = @saved_cs_client */;

--
-- Dumping data for table `obo_app_transmittal`
--

LOCK TABLES `obo_app_transmittal` WRITE;
/*!40000 ALTER TABLE `obo_app_transmittal` DISABLE KEYS */;
/*!40000 ALTER TABLE `obo_app_transmittal` ENABLE KEYS */;
UNLOCK TABLES;

--
-- Table structure for table `obo_appno`
--

DROP TABLE IF EXISTS `obo_appno`;
/*!40101 SET @saved_cs_client     = @@character_set_client */;
/*!40101 SET character_set_client = utf8 */;
CREATE TABLE `obo_appno` (
  `appno` varchar(50) NOT NULL,
  `appid` varchar(50) NOT NULL DEFAULT '',
  PRIMARY KEY (`appid`,`appno`),
  CONSTRAINT `fk_obo_appno_appid` FOREIGN KEY (`appid`) REFERENCES `obo_app` (`objid`)
) ENGINE=InnoDB DEFAULT CHARSET=utf8;
/*!40101 SET character_set_client = @saved_cs_client */;

--
-- Dumping data for table `obo_appno`
--

LOCK TABLES `obo_appno` WRITE;
/*!40000 ALTER TABLE `obo_appno` DISABLE KEYS */;
/*!40000 ALTER TABLE `obo_appno` ENABLE KEYS */;
UNLOCK TABLES;

--
-- Table structure for table `obo_checklist_master`
--

DROP TABLE IF EXISTS `obo_checklist_master`;
/*!40101 SET @saved_cs_client     = @@character_set_client */;
/*!40101 SET character_set_client = utf8 */;
CREATE TABLE `obo_checklist_master` (
  `objid` varchar(50) NOT NULL,
  `doctypeid` varchar(50) DEFAULT NULL,
  `taskitemtypeid` varchar(50) DEFAULT NULL,
  `indexno` smallint(6) DEFAULT NULL,
  `title` varchar(500) DEFAULT NULL,
  `category` varchar(50) DEFAULT NULL,
  `params` varchar(50) DEFAULT NULL,
  `system` int(1) DEFAULT NULL,
  PRIMARY KEY (`objid`) USING BTREE,
  KEY `fk_obo_checklist_master` (`doctypeid`) USING BTREE,
  KEY `fk_obo_checklist_master_taskitemtypeid` (`taskitemtypeid`),
  CONSTRAINT `fk_obo_checklist_master_doctypeid` FOREIGN KEY (`doctypeid`) REFERENCES `obo_doctype` (`objid`),
  CONSTRAINT `fk_obo_checklist_master_taskitemtypeid` FOREIGN KEY (`taskitemtypeid`) REFERENCES `obo_taskitem_type` (`objid`)
) ENGINE=InnoDB DEFAULT CHARSET=utf8;
/*!40101 SET character_set_client = @saved_cs_client */;

--
-- Dumping data for table `obo_checklist_master`
--

LOCK TABLES `obo_checklist_master` WRITE;
/*!40000 ALTER TABLE `obo_checklist_master` DISABLE KEYS */;
INSERT INTO `obo_checklist_master` VALUES ('A01','ARCHITECTURAL',NULL,10,'Needed requirements {s} before {d}','REQUIREMENTS',NULL,0),('CE01',NULL,'BUILDING:CIVIL_STRUCTURAL',1,'Provide Slab Details','Structural Plans',NULL,NULL),('CE02',NULL,'BUILDING:CIVIL_STRUCTURAL',2,'Provide Column/s Detail - min. size of column {s}','Structural Plans',NULL,NULL),('CE03',NULL,'BUILDING:CIVIL_STRUCTURAL',3,'Provide Foundation plan/s','Structural Plans',NULL,NULL),('CE04',NULL,'BUILDING:CIVIL_STRUCTURAL',4,'Provide Footing/s Detail - min. size of footing {i}','Structural Plans',NULL,NULL),('CE05',NULL,'BUILDING:CIVIL_STRUCTURAL',5,'Provide Roof/ Rood deck framing plans','Structural Plans',NULL,NULL),('CE06',NULL,'BUILDING:CIVIL_STRUCTURAL',6,'Provide Truss/es Detail','Structural Plans',NULL,NULL),('CE07',NULL,'BUILDING:CIVIL_STRUCTURAL',7,'Provide Schedule of slab/slab details in the form of plans and elevations/sections)','Structural Details',NULL,NULL),('CE08',NULL,'BUILDING:CIVIL_STRUCTURAL',8,'Provide Schedule of beams/beam details in the form of plans and elevations/sections)','Structural Details',NULL,NULL),('CE09',NULL,'BUILDING:CIVIL_STRUCTURAL',9,'Provide Schedule of beams/beam details in the form of plans and elevations/sections)','Structural Details',NULL,NULL),('CE10',NULL,'BUILDING:CIVIL_STRUCTURAL',10,'Provide Schedule of columns/column details in the form of plans and elevations/sections)','Structural Details',NULL,NULL),('CE11',NULL,'BUILDING:CIVIL_STRUCTURAL',11,'Provide Schedule of footings/footing details in the form of plans and elevations/sections)','Structural Details',NULL,NULL),('CE12',NULL,'BUILDING:CIVIL_STRUCTURAL',12,'Provide Schedule of trusses/truss details in the form of plans and elevations/sections)','Structural Details',NULL,NULL),('CE13',NULL,'BUILDING:CIVIL_STRUCTURAL',13,'Submit Two (2) copies of Structural Design Analysis & Computation \n(for  __ Storey Building/s) , (for fence height of more than 1.8m) ','Structural Documents',NULL,NULL),('CE14',NULL,'BUILDING:CIVIL_STRUCTURAL',14,'Submit Two (2) copies of Load Test and photos  (for  __ Storey Building/s)','Structural Documents',NULL,NULL),('CE15',NULL,'BUILDING:CIVIL_STRUCTURAL',15,'Submit Two (2) copies of Soil Exploration and photos  (for  __ Storey Building/s)','Structural Documents',NULL,NULL),('CE16',NULL,'BUILDING:CIVIL_STRUCTURAL',16,'Submit Two (2) copies of Structural Stability conformed by owner , signed & sealed by for existing buildings of more than 15 years','Structural Documents',NULL,NULL),('CE17',NULL,'BUILDING:CIVIL_STRUCTURAL',17,'Setlle comment/s of Line & Grade','Others',NULL,NULL),('CE18',NULL,'BUILDING:CIVIL_STRUCTURAL',18,'Settle Comments of Land Use','Others',NULL,NULL),('CE19',NULL,'BUILDING:CIVIL_STRUCTURAL',19,'-','Others',NULL,NULL),('EE01',NULL,'BUILDING:ELECTRICAL',1,'Provide Electrical Layout Plan','Electrical Plans',NULL,NULL),('EE02',NULL,'BUILDING:ELECTRICAL',2,'Provide Schedule of Loads','Electrical Plans',NULL,NULL),('EE03',NULL,'BUILDING:ELECTRICAL',3,'Provide Single Line Diagram','Electrical Plans',NULL,NULL),('EE04',NULL,'BUILDING:ELECTRICAL',4,'Provide Legend','Electrical Plans',NULL,NULL),('EE05',NULL,'BUILDING:ELECTRICAL',5,'Provide Notes & Specification','Electrical Plans',NULL,NULL),('EE06',NULL,'BUILDING:ELECTRICAL',6,'Provide Vicinity / Location Map','Electrical Plans',NULL,NULL),('EE07',NULL,'BUILDING:ELECTRICAL',7,'Indicate Service Entrance Wire or main feeder wire Voltage Drop  (show the solution)','Electrical Details',NULL,NULL),('EE08',NULL,'BUILDING:ELECTRICAL',8,'Indicate Sub feeder wires Voltage Drop','Electrical Details',NULL,NULL),('EE09',NULL,'BUILDING:ELECTRICAL',9,'Indicate Branch Circuit Voltage Drop','Electrical Details',NULL,NULL),('EE10',NULL,'BUILDING:ELECTRICAL',10,'Indicate  Service Entrance Wire or Main Feeder wire fault current calculation\n(show the solution)','Electrical Details',NULL,NULL),('EE11',NULL,'BUILDING:ELECTRICAL',11,'Indicate Sub feeder wires fault Current Calculation','Electrical Details',NULL,NULL),('EE12',NULL,'BUILDING:ELECTRICAL',12,' Indicate Panel board and its location on the Electrical layout plan','Structural Documents',NULL,NULL),('EE13',NULL,'BUILDING:ELECTRICAL',13,'Indicate the number of branch circuit wires and its direction','Structural Documents',NULL,NULL),('EE14',NULL,'BUILDING:ELECTRICAL',14,'Indicate Service Entrance Wire and its conduit sizes correctly','Structural Documents',NULL,NULL),('EE15',NULL,'BUILDING:ELECTRICAL',15,'Indicate total connected load and its computation','Structural Documents',NULL,NULL),('EL01',NULL,'BUILDING:ELECTRONIC',1,'Provide Electronics Permit application form, duly filled-out (signed & sealed by Engineer and conformed by the applicant )','Application',NULL,NULL),('EL02',NULL,'BUILDING:ELECTRONIC',2,'Provide Electronics Plan/s (signed & sealed by Engineer and conformed by the applicant )','Technical',NULL,NULL),('EL03',NULL,'BUILDING:ELECTRONIC',3,'Provide General Layout Plans with Legends','Technical',NULL,NULL),('EL04',NULL,'BUILDING:ELECTRONIC',4,'Wired & Wireless Telecommunications Systems','Technical',NULL,NULL),('EL05',NULL,'BUILDING:ELECTRONIC',5,'Broadcasting systems, including ratio and TV Broadcast equipment for commercial and training purposes','Technical',NULL,NULL),('EL06',NULL,'BUILDING:ELECTRONIC',6,'Cable or Wireless Television Systems','Technical',NULL,NULL),('EL07',NULL,'BUILDING:ELECTRONIC',7,'Information Technology (IT Systems)','Technical',NULL,NULL),('EL08',NULL,'BUILDING:ELECTRONIC',8,'Security and Alarm systems','Technical',NULL,NULL),('EL09',NULL,'BUILDING:ELECTRONIC',9,'Electronic Fire Alarm Systems','Technical',NULL,NULL),('EL10',NULL,'BUILDING:ELECTRONIC',10,'Indoor and outdoor signage’s','Technical',NULL,NULL),('EL11',NULL,'BUILDING:ELECTRONIC',11,'Electronically-controlled conveyance systems','Technical',NULL,NULL),('EL12',NULL,'BUILDING:ELECTRONIC',12,'Electronic/Computerized Process Controls and automation systems','Technical',NULL,NULL),('EL13',NULL,'BUILDING:ELECTRONIC',13,'Provide Single Line Diagram','Technical',NULL,NULL),('EL14',NULL,'BUILDING:ELECTRONIC',14,'Wired & Wireless Telecommunications Systems','Technical',NULL,NULL),('EL15',NULL,'BUILDING:ELECTRONIC',15,'Broadcasting systems, including ratio and TV Broadcast equipment for commercial and training purposes','Technical',NULL,NULL),('EL16',NULL,'BUILDING:ELECTRONIC',16,'Cable or Wireless Television Systems','Technical',NULL,NULL),('EL17',NULL,'BUILDING:ELECTRONIC',17,'Information Technology (IT Systems)','Technical',NULL,NULL),('EL18',NULL,'BUILDING:ELECTRONIC',18,'Security and Alarm systems','Technical',NULL,NULL),('EL19',NULL,'BUILDING:ELECTRONIC',19,'Electronic Fire Alarm Systems','Technical',NULL,NULL),('EL20',NULL,'BUILDING:ELECTRONIC',20,'Indoor and outdoor signage’s','Technical',NULL,NULL),('EL21',NULL,'BUILDING:ELECTRONIC',21,'Electronically-controlled conveyance systems','Technical',NULL,NULL),('EL22',NULL,'BUILDING:ELECTRONIC',22,'Electronic/Computerized Process Controls and automation systems','Technical',NULL,NULL),('EL23',NULL,'BUILDING:ELECTRONIC',23,'Provide Riser Diagram','Technical',NULL,NULL),('EL24',NULL,'BUILDING:ELECTRONIC',24,'Wired & Wireless Telecommunications Systems','Technical',NULL,NULL),('EL25',NULL,'BUILDING:ELECTRONIC',25,'Broadcasting systems, including ratio and TV Broadcast equipment for commercial and training purposes','Technical',NULL,NULL),('EL26',NULL,'BUILDING:ELECTRONIC',26,'Cable or Wireless Television Systems','Technical',NULL,NULL),('EL27',NULL,'BUILDING:ELECTRONIC',27,'Information Technology (IT Systems)','Technical',NULL,NULL),('EL28',NULL,'BUILDING:ELECTRONIC',28,'Security and Alarm systems','Technical',NULL,NULL),('EL29',NULL,'BUILDING:ELECTRONIC',29,'Electronic Fire Alarm Systems','Technical',NULL,NULL),('EL30',NULL,'BUILDING:ELECTRONIC',30,'Indoor and outdoor signage’s','Technical',NULL,NULL),('EL31',NULL,'BUILDING:ELECTRONIC',31,'Electronically-controlled conveyance systems','Technical',NULL,NULL),('EL32',NULL,'BUILDING:ELECTRONIC',32,'Electronic/Computerized Process Controls and automation systems','Technical',NULL,NULL),('EL33',NULL,'BUILDING:ELECTRONIC',33,'Provide Isometry of the System (Indicate all system)','Technical',NULL,NULL),('EL34',NULL,'BUILDING:ELECTRONIC',34,'Provide Equipment Specifications','Technical',NULL,NULL),('EL35',NULL,'BUILDING:ELECTRONIC',35,'Antenna','Technical',NULL,NULL),('EL36',NULL,'BUILDING:ELECTRONIC',36,'Devices in the Cabinet','Technical',NULL,NULL),('EL37',NULL,'BUILDING:ELECTRONIC',37,'Others (specify)','Technical',NULL,NULL),('EL38',NULL,'BUILDING:ELECTRONIC',38,'Provide Design Analysis','Technical',NULL,NULL),('EL39',NULL,'BUILDING:ELECTRONIC',39,'SEISMIC INSTRUMENTATION REQUIREMENTS (Indicate location of ACCELEROGRAPH/S at Site Development Plan)','Technical',NULL,NULL),('EL40',NULL,'BUILDING:ELECTRONIC',40,'See Philippine Electronics Code','Legal Basis',NULL,NULL),('EL41',NULL,'BUILDING:ELECTRONIC',41,'Book 1 _________________________________','Legal Basis',NULL,NULL),('EL43',NULL,'BUILDING:ELECTRONIC',42,'Book 2 _________________________________','Legal Basis',NULL,NULL),('EL45',NULL,'BUILDING:ELECTRONIC',43,'Book 3 _________________________________','Legal Basis',NULL,NULL),('EL47',NULL,'BUILDING:ELECTRONIC',44,'Book 4 _________________________________','Legal Basis',NULL,NULL),('EL48',NULL,'BUILDING:ELECTRONIC',45,'See PD 1096 NATIONAL BUILDING CODE - IRR [Section 302 No. 10]','Legal Basis',NULL,NULL),('EL49',NULL,'BUILDING:ELECTRONIC',46,'Others (specify)','Others',NULL,NULL),('FSC01','FSEC_CHECKLIST',NULL,1,'Building exits must abut a public street or approved alley. ','MEANS OF EGRESS ',NULL,1),('FSC02','FSEC_CHECKLIST',NULL,2,'Provide at least two (2) means of egress for each floor, room. ','MEANS OF EGRESS ',NULL,1),('FSC03','FSEC_CHECKLIST',NULL,3,'Provide secondary stair/exit as far/remote from main stair/entrance/exit, to serve _the whole area__. ','MEANS OF EGRESS ',NULL,1),('FSC04','FSEC_CHECKLIST',NULL,4,'Enclose all stairways and fire escapes with walls having {n} hours of fire resistance with access thru self-closing fire doors. ','MEANS OF EGRESS ','d',1),('FSC05','FSEC_CHECKLIST',NULL,5,'Provide two (2) doors as exit ways from all rooms. ','MEANS OF EGRESS ',NULL,1),('FSC06','FSEC_CHECKLIST',NULL,6,'Interconnect stairs and fire escapes with fire resistive passageways on corridors at least {n} meters wide. ','MEANS OF EGRESS ','d',1),('FSC07','FSEC_CHECKLIST',NULL,7,'Enclose walls, doors, stairs ramps, escalators and other components of exits systems. ','MEANS OF EGRESS ',NULL,1),('FSC08','FSEC_CHECKLIST',NULL,8,'Provide protected/enclosed horizontal exits with self-closing fire doors. ','MEANS OF EGRESS ',NULL,1),('FSC09','FSEC_CHECKLIST',NULL,9,'Travel distance to an exit shall not be more than {n}  meters. ','MEANS OF EGRESS','d',1),('FSC10','FSEC_CHECKLIST',NULL,10,'Exit doors shall swing in the direction of exit travel. ','MEANS OF EGRESS ',NULL,1),('FSC11','FSEC_CHECKLIST',NULL,11,'Revolving doors shall not be used as means of egress except {s}','MEANS OF EGRESS ','s',1),('FSC12','FSEC_CHECKLIST',NULL,12,'Exit door should have a minimum width of 71 cm and a maximum width 122 cm and shall not restrict the opening. ','MEANS OF EGRESS ',NULL,1),('FSC13','FSEC_CHECKLIST',NULL,13,'Exit door/s should be openable from the inside without the use of keys, special knowledge or effort flush bolts or surface bolts are prohibited. ','MEANS OF EGRESS ',NULL,1),('FSC14','FSEC_CHECKLIST',NULL,14,'A floor or landing is required not less than the width of exit door. ','MEANS OF EGRESS ',NULL,1),('FSC15','FSEC_CHECKLIST',NULL,15,'Door should be not project into the required corridor width when fully opened so as not to reduced the corridor width to less than 76.17 cm. ','MEANS OF EGRESS ',NULL,1),('FSC16','FSEC_CHECKLIST',NULL,16,'Exit doors should provide immediate access to an approved means of egress. Exiting through a bathroom, bedroom or other room subject to locking does not comply. ','MEANS OF EGRESS ',NULL,1),('FSC17','FSEC_CHECKLIST',NULL,17,'Corridors should have a minimum width of {n} meters. ','MEANS OF EGRESS ','d',1),('FSC18','FSEC_CHECKLIST',NULL,18,'Required corridors in {s} occupancies shall have 2.43 meters (8 ft) minimum width. ','MEANS OF EGRESS ','s',1),('FSC19','FSEC_CHECKLIST',NULL,19,'Dead-end corridors and exit balconies is limited to 6.08 m (20 ft). ','MEANS OF EGRESS ',NULL,1),('FSC20','FSEC_CHECKLIST',NULL,20,'Aisles in auditorium shall be minimum of {n} meters in width. ','MEANS OF EGRESS ','d',1),('FSC21','FSEC_CHECKLIST',NULL,21,'Walls and ceilings of corridors should be fire resistive construction materials. ','MEANS OF EGRESS ',NULL,1),('FSC22','FSEC_CHECKLIST',NULL,22,'Interior openings into corridor should be protected as set forth in {s}. ','MEANS OF EGRESS ','s',1),('FSC23','FSEC_CHECKLIST',NULL,23,'Main stairways should have a minimum width of 112 cm. Trims and handrails should not project more than 8.90 cm (3 1/2 in) into the required width. ','MEANS OF EGRESS ',NULL,1),('FSC24','FSEC_CHECKLIST',NULL,24,'Landings on stairways should have a minimum dimension of 112 cm (44 in) in the direction of travel. ','MEANS OF EGRESS ',NULL,1),('FSC25','FSEC_CHECKLIST',NULL,25,'Risers on stairways should not exceed 19 cm and tread exclusive of nosing or projections should not be less than 25 cm. ','MEANS OF EGRESS ',NULL,1),('FSC26','FSEC_CHECKLIST',NULL,26,'Doors between guests rooms and corridors shall be self-closing and shall have a fire protection rating at least twenty (20) minutes. ','MEANS OF EGRESS ',NULL,1),('FSC27','FSEC_CHECKLIST',NULL,27,'Openings in corridor partitions other than door openings shall be prohibited. ','MEANS OF EGRESS ',NULL,1),('FSC28','FSEC_CHECKLIST',NULL,28,'Basement portion of stairways should be provided with an approved barrier where continuous to upper floor in an exit enclosure. ','MEANS OF EGRESS ',NULL,1),('FSC29','FSEC_CHECKLIST',NULL,29,'Vertical distance between stairway landings are limited to 3.69 m (12 ft) in assembly occupancies, distance is 2.43 m (8 ft) ','MEANS OF EGRESS ',NULL,1),('FSC30','FSEC_CHECKLIST',NULL,30,'Handrails should be placed not less than 81.28 cm (32 in) above the tread. Two (2) handrails are required when stairways exceed 111.7 cm in width. ','MEANS OF EGRESS ',NULL,1),('FSC31','FSEC_CHECKLIST',NULL,31,'Guardrails for stairs, balconies, stair landings, ramps & aisles located along the edge of openside floors and mezzanines shall be provided. ','MEANS OF EGRESS ',NULL,1),('FSC32','FSEC_CHECKLIST',NULL,32,'There shall be no enclosed usable space under the stairs in an exit enclosure nor shall the open space under such stairs be used for any purpose. ','MEANS OF EGRESS ',NULL,1),('FSC33','FSEC_CHECKLIST',NULL,33,'Non-combustible outside stairs are required to have 2.03 m (6 ft, 8 in) minimum headroom clearance for stairways which should be indicated on plans. ','MEANS OF EGRESS ',NULL,1),('FSC34','FSEC_CHECKLIST',NULL,34,'Ramp slopes should have be roughened or with nonslip surface. ','MEANS OF EGRESS ',NULL,1),('FSC35','FSEC_CHECKLIST',NULL,35,'Ramp slopes should not exceed 30.3 cm. (1 ft) in 3.03 m (10 ft.). ','MEANS OF EGRESS ',NULL,1),('FSC36','FSEC_CHECKLIST',NULL,36,'No openings other than the required exits are permitted and exit passageways should be one (1) hr fire resistive construction for a three (3) storey building or less and two (2) hrs for four (4) storey building or more. Any opening therein shall be protected with an approved self-closing fire doors. ','MEANS OF EGRESS ',NULL,1),('FSC37','FSEC_CHECKLIST',NULL,37,'Exit illumination and directional EXIT signs shall be provided. ','MEANS OF EGRESS ',NULL,1),('FSC38','FSEC_CHECKLIST',NULL,38,'Panic hardware is required on exit doors. In lieu of this, doors shall have no locks or latches. ','MEANS OF EGRESS ',NULL,1),('FSC39','FSEC_CHECKLIST',NULL,39,'Provide fire break up to the roof for ceiling areas. ','COMPARTMENTATION ',NULL,1),('FSC40','FSEC_CHECKLIST',NULL,40,'Provide monitored and curtained roof of sheetmetal or non-combustible material of a minimum of 1.82m (6 ft) high spaced not more than 76 m (250 ft) & curtained area limited to a minimum of 4, 630 m2 (50,000 ft2). ','COMPARTMENTATION ',NULL,1),('FSC41','FSEC_CHECKLIST',NULL,41,'Provide smoke partition at enclosed areas of 2, 083 m2 (22, 500 ft2) or less with the length of 45.7m (150 ft) or less, with self-closing fire doors. ','COMPARTMENTATION ',NULL,1),('FSC42','FSEC_CHECKLIST',NULL,42,'Provide partition walls of two (2) hour fire resistance from floor to underside of floor above. ','COMPARTMENTATION ',NULL,1),('FSC43','FSEC_CHECKLIST',NULL,43,'Provide interior finish as follows; Exit; Class {s}   \r\nAccess to Exit; Class {s}                            \r\nOther Spaces;  Class {s}','COMPARTMENTATION ','s,s,s',1),('FSC44','FSEC_CHECKLIST',NULL,44,'Provide fire stopping for all concealed spaces.  ','COMPARTMENTATION ',NULL,1),('FSC45','FSEC_CHECKLIST',NULL,45,'Provide standard fire wall with at least 100 cm (39.38 in) high parapets on all portion of the building on the property line. ','WALLS',NULL,1),('FSC46','FSEC_CHECKLIST',NULL,46,'Extend exterior masonry walls to form parapets or wings.','WALLS',NULL,1),('FSC47','FSEC_CHECKLIST',NULL,47,'Provide protection of all exterior walls. All exterior walls facing approved alleys which are dead-ended must have a fire resistance of {n} hours. ','WALLS','d',1),('FSC48','FSEC_CHECKLIST',NULL,48,'Provide automatic fire dampers on wall openings. ','WALLS',NULL,1),('FSC49','FSEC_CHECKLIST',NULL,49,'Provide protection of all walls. All exterior walls facing approved alleys which are dead-ended must have a fire dampers of {0} hours.','WARNING SYSTEMS',NULL,1),('FSC50','FSEC_CHECKLIST',NULL,50,'Provide approved type heat and smoke detection system. ','WARNING SYSTEMS',NULL,1),('FSC51','FSEC_CHECKLIST',NULL,51,'Provide efficient communication system for warning occupants and calling fire department. ','WARNING SYSTEMS',NULL,1),('FSC52','FSEC_CHECKLIST',NULL,52,'Provide approved type portable fire extinguisher (dry chemical) ABC type, {n} lbs. capacity for every 200 sq.m of floor area(low hazard), 100 sq. m floor area(moderate hazard) and 75 sq. m floor area(high hazard) areas or 22.8 m (75 ft) travel distance on every floor level. ','FIRE PROTECTION ','d',1),('FSC53','FSEC_CHECKLIST',NULL,53,'Provide {s} with {n} mm riser and coupling of fire department standards with pumps of reliable pressure & connected to an adequate water supply tank. Hose and hose cabinet shall be provided at every hose gate valve on all floors. ','FIRE PROTECTION ','s,d',1),('FSC54','FSEC_CHECKLIST',NULL,54,'Provide Fire Service connection with a standard outlet of 64 mm, and 102 mm dry standpipe, and shall located on a street front. ','FIRE PROTECTION ',NULL,1),('FSC55','FSEC_CHECKLIST',NULL,55,'Provide automatic fire extinguishing system where kitchen equipment is located (Kitchenhood). ','FIRE PROTECTION ',NULL,1),('FSC56','FSEC_CHECKLIST',NULL,56,'Provide automatic chemical extinguishing system on all areas where electronic/electrical equipment are located. ','FIRE PROTECTION ',NULL,1),('FSC57','FSEC_CHECKLIST',NULL,57,'Provide approved-type automatic fire extinguishing system in accordance with NFPA 13.  Approval of system plan is required prior to installation ','FIRE PROTECTION ',NULL,1),('FSC58','FSEC_CHECKLIST',NULL,58,'Provide outside window opening on bedrooms with a clear opening of not less than fifty six (56) cm in least dimension and forty five-hundredths (0.45) m2 in area. The bottom of the window shall be not more than one hundred twenty two (122) cm above the floor. ','MISCELLANEOUS ',NULL,1),('FSC59','FSEC_CHECKLIST',NULL,59,'All liquefied petroleum gas equipment including such equipment installed at utility gas plants shall be installed in accordance with the provisions of NFPA 59. ','MISCELLANEOUS ',NULL,1),('FSC60','FSEC_CHECKLIST',NULL,60,'No grills or any obstruction shall be installed on window openings and/or fire exits. ','MISCELLANEOUS ',NULL,1),('FSC61','FSEC_CHECKLIST',NULL,61,'Provide emergency lighting facilities with automatic transfer switch to AC/DC power source. ','MISCELLANEOUS ',NULL,1),('FSC62','FSEC_CHECKLIST',NULL,62,'Air conditioning ducts must be provided with approved fire dampers. ','MISCELLANEOUS ',NULL,1),('FSC63','FSEC_CHECKLIST',NULL,63,'Roof covering must be of non-combustible materials. Combustible roof covering must have fire retardant treatment. ','MISCELLANEOUS ',NULL,1),('FSC64','FSEC_CHECKLIST',NULL,64,'Provide fire escape ladder.','MISCELLANEOUS ',NULL,1),('FSC65','FSEC_CHECKLIST',NULL,65,'Provide fire escape stair. ','MISCELLANEOUS ',NULL,1),('FSC66','FSEC_CHECKLIST',NULL,66,'All unit partition wall shall be extended up to upper floor slab and/or one (1) meter above the roofline. ','MISCELLANEOUS ',NULL,1),('FSC67','FSEC_CHECKLIST',NULL,67,'Provide effective means of smoke ventilation such as access panels, movable windows. ','MISCELLANEOUS ',NULL,1),('FSC68','FSEC_CHECKLIST',NULL,68,'Project activity shall not affect the effectivity of the existing fire protection facilities. ','MISCELLANEOUS ',NULL,1),('FSC69','FSEC_CHECKLIST',NULL,69,'Provide/post allowable occupant load sign/s. Such signs shall be conspicuously and suitably located. ','MISCELLANEOUS ',NULL,1),('FSC70','FSEC_CHECKLIST',NULL,70,'Provide fire protection/suppression during construction. ','MISCELLANEOUS ',NULL,1),('FSC71','FSEC_CHECKLIST',NULL,71,'Provide fire exit plan for each floor of the building showing the routes from each room to appropriate exits, displayed prominently on the door of each room. ','MISCELLANEOUS ',NULL,1),('FSC72','FSEC_CHECKLIST',NULL,72,'No heating or lighting apparatus or equipment capable of igniting flammable materials shall be used in any storage or work area where rags, excelsior, hair or other highly flammable or combustible materials are stored or used. ','MISCELLANEOUS ',NULL,1),('FSC73','FSEC_CHECKLIST',NULL,73,'Provide/post \"NO SMOKING\" sign/s where combustible materials are stored or handled. Such signs shall be conspicuously and suitable located. ','MISCELLANEOUS ',NULL,1),('FSC74','FSEC_CHECKLIST',NULL,74,'If high hazard commodities will be stored/handled, automatic fire suppression system shall be provided.','MISCELLANEOUS ',NULL,1),('FSC75','FSEC_CHECKLIST',NULL,75,'Provide/post \"DO NOT USE ELEVATOR IN CASE OF FIRE\" sign/s. ','MISCELLANEOUS ',NULL,1),('FSC76','FSEC_CHECKLIST',NULL,76,'LPG tank/s must be installed outside the building and should be provided with safety devices that automatically stop the flow of gas should a leak develop. ','MISCELLANEOUS ',NULL,1),('FSC77','FSEC_CHECKLIST',NULL,77,'Provide fire resistive walls between stair & kitchen area. ','MISCELLANEOUS ',NULL,1),('FSC78','FSEC_CHECKLIST',NULL,78,'Provide outside window/s for rescue and ventilation with a minimum clear opening of 55 cm and approximately one half (0.5) m2 in area; the bottom of window opening is not more than eighty two (82) cm above the floor; it can readily be opened from the inside without the use of tools; where storm windows, screens, or antiburglar devices are used, these be provided with quick mechanism so that they may be so arranged that when opened they will not drop to the ground. ','MISCELLANEOUS ',NULL,1),('FSC79','FSEC_CHECKLIST',NULL,79,'Rooms used for kindergarten, first or second grade pupils shall not be located above or below the floor of exit discharge. Rooms used for second grade pupils shall not be located more than one (1) storey above the floor of exit discharge. ','MISCELLANEOUS ',NULL,1),('FSC80','FSEC_CHECKLIST',NULL,80,'Provide firefightersΓÇÖ elevator. ','MISCELLANEOUS ',NULL,1),('FSC81','FSEC_CHECKLIST',NULL,81,'All correction indicated on the original approved plan from this office on {s} shall be followed. ','MISCELLANEOUS ','s',1),('FSC82','FSEC_CHECKLIST',NULL,82,'Any changes in occupancy other than stated shall be in accordance with Rule 10.  ','MISCELLANEOUS ',NULL,1),('FSC83','FSEC_CHECKLIST',NULL,83,'Subject to inspection during construction.  ','MISCELLANEOUS ',NULL,1),('FSC84','FSEC_CHECKLIST',NULL,84,'Fire Safety Inspection Certificate must be secured before/prior to issuance of Certificate of Occupancy. ','MISCELLANEOUS ',NULL,1),('FSC85','FSEC_CHECKLIST',NULL,85,'Subject to additional requirements upon recommendation of the Fire Safety Inspector during construction phase and final inspection. ','MISCELLANEOUS ',NULL,1),('hw01','HOT_WORKS',NULL,1,'Available sprinklers, hose streams and extinguishers in service/operable','GENERAL',NULL,1),('hw02','HOT_WORKS',NULL,2,'Hot work equipment in good repair','GENERAL',NULL,1),('hw03','HOT_WORKS',NULL,3,'Flammable liquids, dust, lint and all deposits removed','REQUIREMENT WITHIN 35FT (10M) OF WORK',NULL,1),('hw04','HOT_WORKS',NULL,4,'Explosive atmosphere in area eliminated','REQUIREMENT WITHIN 35FT (10M) OF WORK',NULL,1),('hw05','HOT_WORKS',NULL,5,'Floors swept clean','REQUIREMENT WITHIN 35FT (10M) OF WORK',NULL,1),('hw06','HOT_WORKS',NULL,6,'Combustible floors wet down, covered with damp sand or fire resistant sheets','REQUIREMENT WITHIN 35FT (10M) OF WORK',NULL,1),('hw07','HOT_WORKS',NULL,7,'Remove other combustibles where possible, otherwise protect with fire resistant tarpaulins or metal shields','REQUIREMENT WITHIN 35FT (10M) OF WORK',NULL,1),('hw08','HOT_WORKS',NULL,8,'All wall and floor openings covered','REQUIREMENT WITHIN 35FT (10M) OF WORK',NULL,1),('hw09','HOT_WORKS',NULL,9,'Fire resistant tarpaulins suspended beneath work','REQUIREMENT WITHIN 35FT (10M) OF WORK',NULL,1),('hw10','HOT_WORKS',NULL,10,'Construction is non-combustible and without combustible covering insulation','WORK ON WALLS OR CEILINGS/ENCLOSED EQUIPMENT',NULL,1),('hw11','HOT_WORKS',NULL,11,'Combustible on other side walls moved away','WORK ON WALLS OR CEILINGS/ENCLOSED EQUIPMENT',NULL,1),('hw12','HOT_WORKS',NULL,12,'Danger exist by conduction of heat into another area','WORK ON WALLS OR CEILINGS/ENCLOSED EQUIPMENT',NULL,1),('hw13','HOT_WORKS',NULL,13,'Enclosed equipment cleaned of all combustibles','WORK ON WALLS OR CEILINGS/ENCLOSED EQUIPMENT',NULL,1),('hw14','HOT_WORKS',NULL,14,'Containers purged of flammable liquids/vapors','WORK ON WALLS OR CEILINGS/ENCLOSED EQUIPMENT',NULL,1),('hw15','HOT_WORKS',NULL,15,'Fire watch will be provided during and for 30 minutes after work, including any coffee or lunch breaks','FIRE WATCH/HOT WORK AREA MONITORING',NULL,1),('hw16','HOT_WORKS',NULL,16,'Fire watch is supplied with suitable extinguishers','FIRE WATCH/HOT WORK AREA MONITORING',NULL,1),('hw17','HOT_WORKS',NULL,17,'Fire watch is trained in use of this equipment and in sounding alarm','FIRE WATCH/HOT WORK AREA MONITORING',NULL,1),('hw18','HOT_WORKS',NULL,18,'Fire watch may be required for adjoining area, above and below','FIRE WATCH/HOT WORK AREA MONITORING',NULL,1),('hw19','HOT_WORKS',NULL,19,'Monitor hot work area for 30 minutes after job is completed. Conduct numbers of nearest fire station conspicuously displayed in the area','FIRE WATCH/HOT WORK AREA MONITORING',NULL,1),('hw20','HOT_WORKS',NULL,20,'Is area protected with smoke or heat detection','FIRE WATCH/HOT WORK AREA MONITORING',NULL,1),('hw21','HOT_WORKS',NULL,21,'Ample ventilation to remove smoke/vapor from work area','FIRE WATCH/HOT WORK AREA MONITORING',NULL,1),('LC01','LOCATIONAL_CLEARANCE',NULL,1,'Ensure that a minimum setback of {n} meters along {s} is provided in the implementation of the project','Conditions',NULL,0),('LC02','LOCATIONAL_CLEARANCE',NULL,2,'-','Conditions',NULL,0),('LGE01',NULL,'BUILDING:LINE_AND_GRADE',1,'Provide Lot Title of ________','Line & Grade Documents',NULL,NULL),('LGE02',NULL,'BUILDING:LINE_AND_GRADE',2,'Provide Lot Sketch Plan ________','Line & Grade Documents',NULL,NULL),('LGE03',NULL,'BUILDING:LINE_AND_GRADE',3,'Provide Vicinity Map','Line & Grade Documents',NULL,NULL),('LGE04',NULL,'BUILDING:LINE_AND_GRADE',4,'Provide Site Development Plan with Lot boundary based on Title and Lot Sketch Plan','Line & Grade Documents',NULL,NULL),('LGE05',NULL,'BUILDING:LINE_AND_GRADE',5,'Provide approved subdivision plan and narrative survey for lot purchases (if no Individual Lot Title)','Line & Grade Documents',NULL,NULL),('LGE06',NULL,'BUILDING:LINE_AND_GRADE',6,'Provide Location Map with Land mark','Line & Grade Documents',NULL,NULL),('LGE07',NULL,'BUILDING:LINE_AND_GRADE',7,'Provide ___  setback distance in compliance to the code and the locational clearance conditions.','Setback and Parking',NULL,NULL),('LGE08',NULL,'BUILDING:LINE_AND_GRADE',8,'Indicate setback distance compliance to the code at site development plan.','Setback and Parking',NULL,NULL),('LGE09',NULL,'BUILDING:LINE_AND_GRADE',9,'Verify  Lot distances at site development plan which do not coincide with Lot sketch plan.','Setback and Parking',NULL,NULL),('LGE10',NULL,'BUILDING:LINE_AND_GRADE',10,'Indicate proposed Firewall at site development plan, where the building line is within property line or when setback is LESS THAN 2.0m.','Setback and Parking',NULL,NULL),('LGE11',NULL,'BUILDING:LINE_AND_GRADE',11,' Indicate and Verify your bldg. line / Bldg. envelope/floor area then highlight at site development plan.','Setback and Parking',NULL,NULL),('LGE12',NULL,'BUILDING:LINE_AND_GRADE',12,'Provide minimum setback requirement of National Building Code Of the Phil., (with appropriate parking) \n___ setback along property line ;  ___ setback along road lot ','Setback and Parking',NULL,NULL),('LGE13',NULL,'BUILDING:LINE_AND_GRADE',13,'Provide seismic gap / building gap  for proposed building along property line','Setback and Parking',NULL,NULL),('LGE14',NULL,'BUILDING:LINE_AND_GRADE',14,'Parking Beyond Property Line and Road Right of Way is NOT ALLOWED','Setback and Parking',NULL,NULL),('LGE15',NULL,'BUILDING:LINE_AND_GRADE',15,'Submit DPWH clearance & Indicate setback distance from the existing center line of \nthe road. ( for affidavit - 30 days Clearances)','Clearances',NULL,NULL),('LGE16',NULL,'BUILDING:LINE_AND_GRADE',16,'Submit Affidavit of Undertaking (notarized) signed by Geodetic Engineer attesting that the proposed structure will be built outside the CAAP critical areas (for towers)','Clearances',NULL,NULL),('LGE17',NULL,'BUILDING:LINE_AND_GRADE',17,'Provide Relocation Survey plan and report Or Relocation Certificate from Geodetic Engineer for No Encroachment into  adjacent Lot boundary in exact position','Others',NULL,NULL),('LGE18',NULL,'BUILDING:LINE_AND_GRADE',18,'Establish monument on site ','Others',NULL,NULL),('LGE19',NULL,'BUILDING:LINE_AND_GRADE',19,'Indicate Road lot and Adjacent lot at site development plan','Others',NULL,NULL),('LGE20',NULL,'BUILDING:LINE_AND_GRADE',20,'Provide Structural Survey Plan indicating actual setback from property line to building  line and distance between existing structure like (edge of roads, canal, curb and gutter, unpaved rrow and existing building of adjacent lot to your proposed building.','Others',NULL,NULL),('LGE21',NULL,'BUILDING:LINE_AND_GRADE',21,'Settle Comment/s of Land Use','Others',NULL,NULL),('LGE22',NULL,'BUILDING:LINE_AND_GRADE',22,'Settle Comment/s of Architectural (parking)','Others',NULL,NULL),('LUE01',NULL,'BUILDING:LAND_USE',1,'Submit Air Transportation Office (ATO)    Clearance','Clearances (for 30 Days)',NULL,NULL),('LUE02',NULL,'BUILDING:LAND_USE',2,'Submit Department of Environment & Natural Resources (DENR) Clearance','Clearances (for 30 Days)',NULL,NULL),('LUE03',NULL,'BUILDING:LAND_USE',3,'Submit Department of Public Works & Highways (DPWH) Clearance','Clearances (for 30 Days)',NULL,NULL),('LUE04',NULL,'BUILDING:LAND_USE',4,'Submit Philippine Ports Authority (PPA) Clearance ','Clearances (for 30 Days)',NULL,NULL),('LUE05',NULL,'BUILDING:LAND_USE',5,'Submit Department of Education (DepEd) Clearance','Clearances (for 30 Days)',NULL,NULL),('LUE06',NULL,'BUILDING:LAND_USE',6,'Submit Department of Health (DOH) Clearance','Clearances (for 30 Days)',NULL,NULL),('LUE07',NULL,'BUILDING:LAND_USE',7,'Submit National Water Resources Board (NWRB) Clearance','Clearances (for 30 Days)',NULL,NULL),('LUE08',NULL,'BUILDING:LAND_USE',8,'Submit Department of Labor & Employment (DOLE) Clearance','Clearances (for 30 Days)',NULL,NULL),('LUE09',NULL,'BUILDING:LAND_USE',9,'Submit National Housing Authority (NHA) Clearance','Clearances (for 30 Days)',NULL,NULL),('LUE10',NULL,'BUILDING:LAND_USE',10,'Submit Department of Transportation and Communication (DOTC)  Clearance','Clearances (for 30 Days)',NULL,NULL),('LUE11',NULL,'BUILDING:LAND_USE',11,'Submit Approved Plan','Land Use Documents',NULL,NULL),('LUE12',NULL,'BUILDING:LAND_USE',12,'Submit Occupancy Certificate','Land Use Documents',NULL,NULL),('LUE13',NULL,'BUILDING:LAND_USE',13,'Submit Inspection Report','Land Use Documents',NULL,NULL),('LUE14',NULL,'BUILDING:LAND_USE',14,'Submit\no Deed of Absolute Sale                o Lease Purchase Agreement\no Authority to Construct               o Lease Contractor Certification\no  Deed of Assignment                  oMemorandum of Agreement\no  Others as deemed needed : ________________________________________________','Land Use Documents',NULL,NULL),('LUE15',NULL,'BUILDING:LAND_USE',15,'Submit Corporate Secretary\'s Certificate/ Board Resolution of Authorized Signatory of ________','Land Use Documents',NULL,NULL),('LUE16',NULL,'BUILDING:LAND_USE',16,'Submit Notarized Special Power of Attorney (SPA)  of __________________','Land Use Documents',NULL,NULL),('LUE17',NULL,'BUILDING:LAND_USE',17,'Fill-up completely all the information in all Application Permit forms & Electronic Data Sheet','Land Use Documents',NULL,NULL),('LUE18',NULL,'BUILDING:LAND_USE',18,'Provide space for signatories ','Land Use Documents',NULL,NULL),('LUE19',NULL,'BUILDING:LAND_USE',19,'Affix sign and seal of professionals and conformed by the applicant and/or owner on \nevery  page ','Land Use Documents',NULL,NULL),('LUE20',NULL,'BUILDING:LAND_USE',20,'Provide Signature conformed by the applicant/ owner on every page \n   o Specifications                                                             o Plan/s\n   o Estimates                                                                   o Voltage Drop Analysis\n   o  Construction Safety & Health program                    o Structural Design Analysis\n   o  Soil Foundation Report                                             o Geotechnical Investigation             ','Land Use Documents',NULL,NULL),('LUE21',NULL,'BUILDING:LAND_USE',21,'Submit photos if building is 70%-100% completed (COSH)','Land Use Documents',NULL,NULL),('LUE22',NULL,'BUILDING:LAND_USE',22,'Submit Construction Safety & Health program received from DOLE','Land Use Documents',NULL,NULL),('LUE23',NULL,'BUILDING:LAND_USE',23,'Affix signature of Safety officer in Construction safety and Health Program (every page)','Land Use Documents',NULL,NULL),('LUE24',NULL,'BUILDING:LAND_USE',24,'Write the exact/complete Project Title _______________ and location __________ in\n   o Specifications                                                             o Plan/s\n   o Estimates                                                                   o Voltage Drop Analysis\n   o  Construction Safety & Health program                    o Structural Design Analysis\n   o  Soil Foundation Report                                             o Geotechnical Investigation  \n','Land Use Documents',NULL,NULL),('LUE25',NULL,'BUILDING:LAND_USE',25,'Submit sketch plan with the name of the lot owner ________  indicated in the \nCertificate of Title ','Land Use Documents',NULL,NULL),('ME01-1',NULL,'BUILDING:MECHANICAL',1,'Provide Location Plan and Key Plan','Mechanical Plan',NULL,NULL),('ME01-10',NULL,'BUILDING:MECHANICAL',14,'Provide Mechanical Plan of Tank and Pressure Vessel of above 70kpa regardless of kilowatt rating','Mechanical Plan',NULL,NULL),('ME01-11',NULL,'BUILDING:MECHANICAL',15,'Provide detailed plans of fire suppression systems, location of automatic and smoke detectors and alarm and initiating devices use to monitor the conditions that are essential for the proper operation including switches for the position of gate valves as well as alert and evacuation signals; the detailed layout of the entire safe area to be protected and the heat/smoke ventilation system.','Mechanical Plan',NULL,NULL),('ME01-2',NULL,'BUILDING:MECHANICAL',2,'Provide General Layout Plan for each floor, drawn to a scale of not less than 1:100, indicating the equipment in heavier lines than the building outline with names of machinery and corresponding brake horsepower shall be indicated.','Mechanical Plan',NULL,NULL),('ME01-3',NULL,'BUILDING:MECHANICAL',3,'Provide Isometric drawing of gas, fuel, oil system showing: Assembly of pipes on racks and supports, Legend and General Notes, Capacity per outlet and Complete individual piping system.','Mechanical Plan',NULL,NULL),('ME01-4',NULL,'BUILDING:MECHANICAL',4,'Provide Mechanical Plan of Air Conditioning System','Mechanical Plan',NULL,NULL),('ME01-5',NULL,'BUILDING:MECHANICAL',5,'Provide Mechanical Plan of Ventilation System','Mechanical Plan',NULL,NULL),('ME01-6',NULL,'BUILDING:MECHANICAL',6,'Provide Mechanical Plan of Automatic Fire Suppression System (AFSS) ','Mechanical Plan',NULL,NULL),('ME01-6.a',NULL,'BUILDING:MECHANICAL',7,'Sprinkler','Mechanical Plan',NULL,NULL),('ME01-6.b',NULL,'BUILDING:MECHANICAL',8,'Foam','Mechanical Plan',NULL,NULL),('ME01-6.c',NULL,'BUILDING:MECHANICAL',9,'CO2','Mechanical Plan',NULL,NULL),('ME01-6.d',NULL,'BUILDING:MECHANICAL',10,'Automatic  Wet Standpipe','Mechanical Plan',NULL,NULL),('ME01-7',NULL,'BUILDING:MECHANICAL',11,'Provide Mechanical Plan of Boiler','Mechanical Plan',NULL,NULL),('ME01-8',NULL,'BUILDING:MECHANICAL',12,'Provide Mechanical Plan of Piping System (General Layout & Isometric)','Mechanical Plan',NULL,NULL),('ME01-9',NULL,'BUILDING:MECHANICAL',13,'Provide Mechanical Plan of Machine / Equipment Layout','Mechanical Plan',NULL,NULL),('ME02-1',NULL,'BUILDING:MECHANICAL',16,'Provide Mechanical specifications of ACU      ','Mechanical specification',NULL,NULL),('ME02-2',NULL,'BUILDING:MECHANICAL',17,'Provide Mechanical specifications of GenSet     ','Mechanical specification',NULL,NULL),('ME02-3',NULL,'BUILDING:MECHANICAL',18,'Provide Mechanical specifications of Elevator','Mechanical specification',NULL,NULL),('ME02-4',NULL,'BUILDING:MECHANICAL',19,'Provide Mechanical specifications of Escalator              ','Mechanical specification',NULL,NULL),('ME02-5',NULL,'BUILDING:MECHANICAL',20,'Provide Mechanical specifications of Pump','Mechanical specification',NULL,NULL),('ME02-6',NULL,'BUILDING:MECHANICAL',21,'Provide Mechanical specifications of Water Heater','Mechanical specification',NULL,NULL),('ME02-7',NULL,'BUILDING:MECHANICAL',22,'Provide Mechanical specifications of Fire pump','Mechanical specification',NULL,NULL),('ME03-1',NULL,'BUILDING:MECHANICAL',23,'Provide detailed drawings of all duct work installations, indicating dampers, controls, filters, fireproofing, acoustical and thermal insulation.','Mechanical Detail',NULL,NULL),('ME03-2',NULL,'BUILDING:MECHANICAL',24,'Provide Schedule of Equipment','Mechanical Detail',NULL,NULL),('ME03-3',NULL,'BUILDING:MECHANICAL',25,'Provide Detailed Plan of Machinery foundation & support drawn to scale of at least 1:50.','Mechanical Detail',NULL,NULL),('ME03-4',NULL,'BUILDING:MECHANICAL',26,'Provide Pipe Diameter and Length','Mechanical Detail',NULL,NULL),('ME03-5',NULL,'BUILDING:MECHANICAL',27,'Provide Riser diagram for Fire Pro','Mechanical Detail',NULL,NULL),('ME03-6',NULL,'BUILDING:MECHANICAL',28,'Provide Spot/ Installation details','Mechanical Detail',NULL,NULL),('ME03-7',NULL,'BUILDING:MECHANICAL',29,'Provide Process Flow Diagram','Mechanical Detail',NULL,NULL),('ME03-8',NULL,'BUILDING:MECHANICAL',30,'Provide Process and Instrumentation (P&ID)','Mechanical Detail',NULL,NULL),('ME04-1',NULL,'BUILDING:MECHANICAL',31,'Submit design basis for AFSS (Hydraulic Calculation)','Design computation',NULL,NULL),('ME04-2',NULL,'BUILDING:MECHANICAL',32,'Submit design basis for Machine/Genset Foundation','Design computation',NULL,NULL),('ME04-3',NULL,'BUILDING:MECHANICAL',33,'Submit design computation for Elevator','Design computation',NULL,NULL),('ME04-4',NULL,'BUILDING:MECHANICAL',34,'Submit design computation for Escalator','Design computation',NULL,NULL),('ME05-1',NULL,'BUILDING:MECHANICAL',35,'Submit Clear Copy of Valid PRC ID & PTR – Signed and Sealed','Documents',NULL,NULL),('ME05-2',NULL,'BUILDING:MECHANICAL',36,'Fill-up Completely the Mechanical Permit Application Form (Check Marked)','Documents',NULL,NULL),('ME05-3',NULL,'BUILDING:MECHANICAL',37,'Settle Comments of Land Use','Documents',NULL,NULL),('ME05-4',NULL,'BUILDING:MECHANICAL',38,'Settle Comments of Architectural','Documents',NULL,NULL),('ME05-5',NULL,'BUILDING:MECHANICAL',39,'Settle Comments of Plumbing/ Sanitary','Documents',NULL,NULL),('PE01',NULL,'BUILDING:PLUMBING',1,'Provide Site Development Plan','Site Development Plan',NULL,NULL),('PE02',NULL,'BUILDING:PLUMBING',2,'Provide Water Supply Layout ( Hot & Cold, as required).','Plumbing Plans',NULL,NULL),('PE03',NULL,'BUILDING:PLUMBING',3,'Provide Sewer / Soil Pipe Line Layout','Plumbing Plans',NULL,NULL),('PE04',NULL,'BUILDING:PLUMBING',4,'Provide Drainage Layout','Plumbing Plans',NULL,NULL),('PE05',NULL,'BUILDING:PLUMBING',5,'Provide Storm Water Drainage Layout','Plumbing Plans',NULL,NULL),('PE06',NULL,'BUILDING:PLUMBING',6,'Provide Isometric Drawings of the systems.','Plumbing Plans',NULL,NULL),('PE07',NULL,'BUILDING:PLUMBING',7,'Indicate Water Supply / Source','Plumbing Plans',NULL,NULL),('PE08',NULL,'BUILDING:PLUMBING',8,'Provide General Notes, Specifications and Legend.','Plumbing Plans',NULL,NULL),('PE09',NULL,'BUILDING:PLUMBING',9,'Modify Area Drain / Catch Basin - must be watertight.','Plumbing Details',NULL,NULL),('PE10',NULL,'BUILDING:PLUMBING',10,'Provide Plumbing Fixtures Mounting & Connection Details','Plumbing Details',NULL,NULL),('PE11',NULL,'BUILDING:PLUMBING',11,'Provide Pipe Diameter & Specifications','Plumbing Details',NULL,NULL),('PE12',NULL,'BUILDING:PLUMBING',12,'Provide 3-Chamber Septic Tank (Watertight) - as per GSC Septage Management Ordinance','Septic Tank / Vault Details',NULL,NULL),('PE13',NULL,'BUILDING:PLUMBING',13,'Install Tee Inlet, Partitions and Outlet','Septic Tank / Vault Details',NULL,NULL),('PE14',NULL,'BUILDING:PLUMBING',14,'Conform to minimum standard dimensions. Manhole minimum dimension: 508 mm x 508 mm','Septic Tank / Vault Details',NULL,NULL),('PE15',NULL,'BUILDING:PLUMBING',15,'Conform to minimum standard dimensions. Invert level of inlet pipe shall not be less than 50.8mm than the invert of outlet.','Septic Tank / Vault Details',NULL,NULL),('PE16',NULL,'BUILDING:PLUMBING',16,'Conform to minimum standard dimensions. Digestive Chamber Min. L = 1500 mm, W = 900 mm','Septic Tank / Vault Details',NULL,NULL),('PE17',NULL,'BUILDING:PLUMBING',17,'Conform to minimum standard dimensions. Digestive Chamber shall not be less than 2/3 of the total tank capacity while Leaching Chamber shall not be less than 1/3 of total tank capacity.','Septic Tank / Vault Details',NULL,NULL),('PE18',NULL,'BUILDING:PLUMBING',18,'Conform to standard dimensions. Air Space = 300 mm minimum, Liquid Depth = 600 mm min – 1800 mm max','Septic Tank / Vault Details',NULL,NULL),('PE19',NULL,'BUILDING:PLUMBING',19,'Conform to standard design. Bottom of tank should slope 10% towards the center.','Septic Tank / Vault Details',NULL,NULL),('PE20',NULL,'BUILDING:PLUMBING',20,'Verify SV plan and section (plan and section do not coincide).','Septic Tank / Vault Details',NULL,NULL),('PE21',NULL,'BUILDING:PLUMBING',21,'Submit Septic Tank Design Basis / Calculation','Septic Tank / Vault Details',NULL,NULL),('PE22',NULL,'BUILDING:PLUMBING',22,'For pre-fabricated Septic Tank, submit Material Data Sheet (must be accredited by AITECH/DOST/DOH).','Septic Tank / Vault Details',NULL,NULL),('PE23',NULL,'BUILDING:PLUMBING',23,'Reflect Septic Tank / Underground Tank on Foundation Plan for Structural Evaluation since it is located under Parking Area / Driveway','Septic Tank / Vault Details',NULL,NULL),('PE24',NULL,'BUILDING:PLUMBING',24,'Provide Grease Trap.','Wastewater Treatment',NULL,NULL),('PE25',NULL,'BUILDING:PLUMBING',25,'Provide Oil & Water Separator. ','Wastewater Treatment',NULL,NULL),('PE26',NULL,'BUILDING:PLUMBING',26,'Augment oil-water separator to also serve as a settling tank for pre-treatment of wash water prior to disposal.','Wastewater Treatment',NULL,NULL),('PE27',NULL,'BUILDING:PLUMBING',27,'Plumbing plans should be signed by a Registered Master Plumber.','Technical Documents',NULL,NULL),('PE28',NULL,'BUILDING:PLUMBING',28,'Fill-out completely the Plumbing Permit Application Form (Check Marked)','Technical Documents',NULL,NULL),('PE29',NULL,'BUILDING:PLUMBING',29,'For Deepwell, submit Clearances from the National Water Resources Board (Water Permit).','Technical Documents',NULL,NULL),('PE30',NULL,'BUILDING:PLUMBING',30,'Secure Environmental Compliance Certificate from DENR-EMB.','Technical Documents',NULL,NULL),('PE31',NULL,'BUILDING:PLUMBING',30,'Secure Discharge Permit from CENRO.','Technical Documents',NULL,NULL),('PE32',NULL,'BUILDING:PLUMBING',30,'Submit Cost Estimates and Specifications','Technical Documents',NULL,NULL),('PE33',NULL,'BUILDING:PLUMBING',30,'Provide Rain Water Collection Tank as per GSC Rainwater Ordinance of 2011','Codes and Ordinances',NULL,NULL),('PE34',NULL,'BUILDING:PLUMBING',30,'Provide Toilet Facility. If existing, submit approved plan or reflect in the Site Development Plan.','Codes and Ordinances',NULL,NULL),('PE35',NULL,'BUILDING:PLUMBING',30,'Provide GAD Compliant Toilet as per GAD Code.','Codes and Ordinances',NULL,NULL),('PE36',NULL,'BUILDING:PLUMBING',30,'Provide PWD Compliant Toilet as per BP 344.','Codes and Ordinances',NULL,NULL),('PE37',NULL,'BUILDING:PLUMBING',30,'Relocate Septic Vault. No SV shall be constructed under or within a building as per National Plumbing Code.','Codes and Ordinances',NULL,NULL),('PE38',NULL,'BUILDING:PLUMBING',30,'Conform to Minimum Plumbing Facilities (Table 4-1) of the Revised National Plumbing Code','Codes and Ordinances',NULL,NULL),('PE39',NULL,'BUILDING:PLUMBING',30,'Relocate toilet. Toilet shall not directly open into spaces where product water is being purified and handled as per Retail Water System Regulation Ordinance.','Codes and Ordinances',NULL,NULL),('PE40',NULL,'BUILDING:PLUMBING',30,'Provide detail and indicate capacity of water tank/s. ','Water Storage Tank (Steel, Stainless or Concrete)',NULL,NULL),('PE41',NULL,'BUILDING:PLUMBING',30,'Install water tank and booster pump for uniform water pressure.','Water Storage Tank (Steel, Stainless or Concrete)',NULL,NULL),('PE42',NULL,'BUILDING:PLUMBING',30,'Settle Architectural Comments regarding PWD Toilet / Accessibility of Toilet.','Others',NULL,NULL),('PE43',NULL,'BUILDING:PLUMBING',30,'Settle Comments of Land Use. ','Others',NULL,NULL),('SE01',NULL,'BUILDING:SANITARY',1,'Provide Site Development Plan','Site Development Plan',NULL,NULL),('SE02',NULL,'BUILDING:SANITARY',2,'Provide Water Supply Layout ( Hot & Cold, as required).','Sanitary Plans',NULL,NULL),('SE03',NULL,'BUILDING:SANITARY',3,'Provide Sewer Pipe Line Layout','Sanitary Plans',NULL,NULL),('SE04',NULL,'BUILDING:SANITARY',4,'Provide Drainage Layout','Sanitary Plans',NULL,NULL),('SE05',NULL,'BUILDING:SANITARY',5,'Provide Storm Water Drainage Layout','Sanitary Plans',NULL,NULL),('SE06',NULL,'BUILDING:SANITARY',6,'Provide Isometric Drawings of the systems.','Sanitary Plans',NULL,NULL),('SE07',NULL,'BUILDING:SANITARY',7,'Indicate Water Supply / Source','Sanitary Plans',NULL,NULL),('SE08',NULL,'BUILDING:SANITARY',8,'Provide General Notes, Specifications and Legend.','Sanitary Plans',NULL,NULL),('SE09',NULL,'BUILDING:SANITARY',9,'Provide Waste Water Treatment Facility (WWTF) / STP & indicate sizes and dimensions (as required)','Waste Water Treatment',NULL,NULL),('SE10',NULL,'BUILDING:SANITARY',10,'Submit WWTF/STP Design Basis','Waste Water Treatment',NULL,NULL),('SE11',NULL,'BUILDING:SANITARY',11,'Submit WWTF / STP Process Flow','Waste Water Treatment',NULL,NULL),('SE12',NULL,'BUILDING:SANITARY',12,'Submit Water Filtration Diagram / Process Flow','Water Treatment',NULL,NULL),('SE13',NULL,'BUILDING:SANITARY',13,'Secure Sanitary Permit with signature and dry seal of professionals and applicant.','Technical Documents',NULL,NULL),('SE14',NULL,'BUILDING:SANITARY',14,'For existing STP, submit Approved Plan','Technical Documents',NULL,NULL),('SE15',NULL,'BUILDING:SANITARY',15,'Submit clear copy of valid PRC ID and updated PTR','Technical Documents',NULL,NULL),('SE16',NULL,'BUILDING:SANITARY',16,'Sanitary Plans should be signed by a Sanitary Engineer.','Technical Documents',NULL,NULL),('SE17',NULL,'BUILDING:SANITARY',17,'Fill-out completely the Sanitary Permit Application Form (Check Marked)','Technical Documents',NULL,NULL),('SE18',NULL,'BUILDING:SANITARY',18,'For Deepwell, submit Clearances from the National Water Resources Board (Water Permit).','Technical Documents',NULL,NULL),('SE19',NULL,'BUILDING:SANITARY',19,'Secure Environmental Compliance Certificate from DENR-EMB.','Technical Documents',NULL,NULL),('SE20',NULL,'BUILDING:SANITARY',20,'Secure Discharge Permit from CENRO.','Technical Documents',NULL,NULL),('SE21',NULL,'BUILDING:SANITARY',21,'Submit Cost Estimates and Specifications','Technical Documents',NULL,NULL),('SE22',NULL,'BUILDING:SANITARY',22,'Provide detail and indicate capacity of water tank/s. ','Water Storage Tank ',NULL,NULL),('SE23',NULL,'BUILDING:SANITARY',23,'Install water tank and booster pump for uniform water pressure.','Water Storage Tank ',NULL,NULL),('SE24',NULL,'BUILDING:SANITARY',24,'Provide swimming pool plan and filtration system.','Swimming Pool',NULL,NULL),('SE25',NULL,'BUILDING:SANITARY',25,'For public swimming pool, provide toilet and shower facilities as per Sanitation Code of the Philippines.','Swimming Pool',NULL,NULL),('SE26',NULL,'BUILDING:SANITARY',26,'Indicate pool wastewater disposal and provide water treatment prior to disposal to public drain.','Swimming Pool',NULL,NULL),('SE27',NULL,'BUILDING:SANITARY',27,'Settle Comments of Land Use: _____________','Others',NULL,NULL);
/*!40000 ALTER TABLE `obo_checklist_master` ENABLE KEYS */;
UNLOCK TABLES;

--
-- Table structure for table `obo_control`
--

DROP TABLE IF EXISTS `obo_control`;
/*!40101 SET @saved_cs_client     = @@character_set_client */;
/*!40101 SET character_set_client = utf8 */;
CREATE TABLE `obo_control` (
  `objid` varchar(50) NOT NULL,
  `state` int(255) DEFAULT NULL,
  `appid` varchar(50) DEFAULT NULL,
  `docid` varchar(50) DEFAULT NULL,
  `doctypeid` varchar(50) DEFAULT NULL,
  `controlno` varchar(50) NOT NULL,
  `dtissued` date DEFAULT NULL,
  `issuedby_objid` varchar(50) DEFAULT NULL,
  `issuedby_name` varchar(255) DEFAULT NULL,
  `expirydate` date DEFAULT NULL,
  `remarks` varchar(800) DEFAULT NULL,
  `template` varchar(255) DEFAULT NULL,
  `endorserid` varchar(50) DEFAULT NULL,
  `approverid` varchar(50) DEFAULT NULL,
  `reportheader` varchar(50) DEFAULT NULL,
  PRIMARY KEY (`objid`) USING BTREE,
  UNIQUE KEY `uix_obo_control_controlno` (`controlno`) USING BTREE,
  UNIQUE KEY `uix_obo_control_appid` (`appid`,`doctypeid`),
  KEY `fk_obo_control_doctypeid` (`doctypeid`) USING BTREE,
  KEY `fk_obo_control_approverid` (`approverid`) USING BTREE,
  KEY `fk_obo_control_endorserid` (`endorserid`) USING BTREE,
  KEY `fk_obo_control_docid` (`docid`),
  CONSTRAINT `fk_obo_control_approverid` FOREIGN KEY (`approverid`) REFERENCES `sys_signature` (`objid`),
  CONSTRAINT `fk_obo_control_docid` FOREIGN KEY (`docid`) REFERENCES `obo_app_doc` (`objid`),
  CONSTRAINT `fk_obo_control_doctypeid` FOREIGN KEY (`doctypeid`) REFERENCES `obo_doctype` (`objid`),
  CONSTRAINT `fk_obo_control_endorserid` FOREIGN KEY (`endorserid`) REFERENCES `sys_signature` (`objid`)
) ENGINE=InnoDB DEFAULT CHARSET=utf8;
/*!40101 SET character_set_client = @saved_cs_client */;

--
-- Dumping data for table `obo_control`
--

LOCK TABLES `obo_control` WRITE;
/*!40000 ALTER TABLE `obo_control` DISABLE KEYS */;
/*!40000 ALTER TABLE `obo_control` ENABLE KEYS */;
UNLOCK TABLES;

--
-- Table structure for table `obo_doctype`
--

DROP TABLE IF EXISTS `obo_doctype`;
/*!40101 SET @saved_cs_client     = @@character_set_client */;
/*!40101 SET character_set_client = utf8 */;
CREATE TABLE `obo_doctype` (
  `objid` varchar(50) NOT NULL,
  `title` varchar(100) DEFAULT NULL,
  `sectionid` varchar(50) DEFAULT NULL,
  `sortorder` smallint(1) DEFAULT NULL,
  `type` varchar(50) DEFAULT NULL,
  `template` varchar(50) DEFAULT NULL,
  `autocreate` int(255) DEFAULT NULL,
  `issuetype` int(255) DEFAULT NULL,
  `requirefee` int(255) DEFAULT NULL,
  `appnopattern` varchar(50) DEFAULT NULL,
  `controlnopattern` varchar(50) DEFAULT NULL,
  `subtypeof` varchar(50) DEFAULT NULL,
  `apptype` varchar(50) DEFAULT NULL,
  `system` int(1) DEFAULT NULL,
  `role` varchar(50) DEFAULT NULL,
  `endorserid` varchar(50) DEFAULT NULL,
  `approverid` varchar(50) DEFAULT NULL,
  `reportheader` varchar(50) DEFAULT NULL,
  `refdoc` varchar(50) DEFAULT NULL,
  `includeinemail` int(255) DEFAULT NULL,
  PRIMARY KEY (`objid`) USING BTREE,
  KEY `fk_obo_doctype_sectionid` (`sectionid`) USING BTREE,
  KEY `fk_obo_doctype_endorserid` (`endorserid`) USING BTREE,
  KEY `fk_obo_doctype_approverid` (`approverid`) USING BTREE,
  KEY `fk_obo_doctype_role` (`role`) USING BTREE,
  CONSTRAINT `fk_obo_doctype_approverid` FOREIGN KEY (`approverid`) REFERENCES `sys_signature` (`objid`),
  CONSTRAINT `fk_obo_doctype_endorserid` FOREIGN KEY (`endorserid`) REFERENCES `sys_signature` (`objid`),
  CONSTRAINT `fk_obo_doctype_role` FOREIGN KEY (`role`) REFERENCES `sys_role` (`name`),
  CONSTRAINT `fk_obo_doctype_sectionid` FOREIGN KEY (`sectionid`) REFERENCES `obo_section` (`objid`)
) ENGINE=InnoDB DEFAULT CHARSET=utf8;
/*!40101 SET character_set_client = @saved_cs_client */;

--
-- Dumping data for table `obo_doctype`
--

LOCK TABLES `obo_doctype` WRITE;
/*!40000 ALTER TABLE `obo_doctype` DISABLE KEYS */;
INSERT INTO `obo_doctype` VALUES ('ACCESSORIES','ACCESSORIES','CIVIL_STRUCTURAL',0,'REGULAR',NULL,0,0,1,NULL,NULL,NULL,'building_permit',0,NULL,NULL,NULL,NULL,NULL,NULL),('ARCHITECTURAL','ARCHITECTURAL PERMIT','ARCHITECTURAL',2,'REGULAR',NULL,0,0,0,NULL,'[parentno]-A',NULL,'building_permit',0,NULL,NULL,NULL,NULL,'BUILDING_PERMIT',NULL),('BFP_SALES_TAX','BFP SALES TAX (OCCUPANCY)','BFP',20,'REGULAR',NULL,0,0,1,NULL,NULL,NULL,'occupancy_certificate',0,NULL,NULL,NULL,NULL,NULL,NULL),('BUILDING_PERMIT','BUILDING PERMIT',NULL,0,'MAIN','reports/obo/building_permit',1,1,1,'BPAPP-[yyyyMM]-[%05d]','BP-[YYYYMM]-[%05d]',NULL,'building_permit',0,NULL,'462bd257:17984323763:-8000','462bd257:17984323763:-7fff',NULL,NULL,1),('BUILDING_RPT','BUILDING RPT','RPT',12,'REGULAR',NULL,1,0,1,NULL,NULL,NULL,'building_permit',0,NULL,NULL,NULL,NULL,NULL,NULL),('CIVIL_STRUCTURAL','CIVIL/STRUCTURAL PERMIT','CIVIL_STRUCTURAL',3,'REGULAR',NULL,NULL,0,0,NULL,'[parentno]-C',NULL,'building_permit',0,NULL,NULL,NULL,NULL,'BUILDING_PERMIT',NULL),('DEMOLITION','DEMOLITION PERMIT',NULL,20,'REGULAR',NULL,NULL,0,NULL,NULL,NULL,NULL,'building_permit',0,NULL,NULL,NULL,NULL,NULL,NULL),('ELECTRICAL','ELECTRICAL PERMIT','ELECTRICAL',4,'REGULAR',NULL,NULL,0,1,NULL,'[parentno]-E',NULL,'building_permit',0,NULL,NULL,NULL,NULL,'BUILDING_PERMIT',NULL),('ELECTRONIC','ELECTRONICS PERMIT','ELECTRONIC',8,'REGULAR',NULL,NULL,0,1,NULL,'[parentno]-EC',NULL,'building_permit',0,NULL,NULL,NULL,NULL,'BUILDING_PERMIT',NULL),('EXCAVATION','EXCAVATION AND GROUND PERMIT',NULL,21,'REGULAR',NULL,NULL,0,1,NULL,NULL,NULL,'building_permit',0,NULL,NULL,NULL,NULL,NULL,NULL),('FENCING','FENCING PERMIT',NULL,9,'REGULAR',NULL,NULL,0,1,NULL,NULL,NULL,'building_permit',0,NULL,NULL,NULL,NULL,NULL,NULL),('FENCING_CIVIL_STRUCTURAL','FENCING CIVIL STRUCTURAL','CIVIL_STRUCTURAL',NULL,'REGULAR',NULL,NULL,0,1,NULL,NULL,NULL,'building_permit',NULL,NULL,NULL,NULL,NULL,NULL,NULL),('FENCING_ELECTRICAL','FENCING ELECTRICAL','ELECTRICAL',NULL,'REGULAR',NULL,NULL,0,1,NULL,NULL,NULL,'building_permit',NULL,NULL,NULL,NULL,NULL,NULL,NULL),('FENCING_LINE_AND_GRADE','FENCING PERMIT','LINE_AND_GRADE',NULL,'REGULAR',NULL,NULL,0,1,NULL,NULL,NULL,'building_permit',NULL,NULL,NULL,NULL,NULL,NULL,NULL),('FINAL_ELECTRICAL_INSPECTION','CERTIFICATE OF FINAL ELECTRICAL INSPECTION','ELECTRICAL',0,'MAIN','reports/obo/final_electrical_inspection',1,1,1,NULL,'CFEI-[yyyyMMdd]-[%5d]',NULL,'occupancy_certificate',0,NULL,'462bd257:17984323763:-8000','462bd257:17984323763:-7fff',NULL,NULL,1),('FSEC','FIRE SAFETY EVALUATION CLEARANCE','BFP',12,'MAIN','reports/bfp/fsec',1,2,1,NULL,NULL,NULL,'building_permit',0,'BFP_RELEASER','462bd257:17984323763:-7ffc','462bd257:17984323763:-7ffb',NULL,NULL,1),('FSEC_CHECKLIST','FIRE SAFETY EVALUATION CHECKLIST','BFP',13,'REGULAR','reports/bfp/fsec_checklist',1,2,NULL,NULL,NULL,'FSEC','building_permit',0,'ZONING_RELEASER','462bd257:17984323763:-7ffc','462bd257:17984323763:-7ffb',NULL,'FSEC',1),('FSIC','FIRE SAFETY INSPECTION CERTIFICATE','BFP',1,'MAIN','reports/bfp/fsic',1,2,2,NULL,NULL,NULL,'occupancy_certificate',0,'BFP_RELEASER','462bd257:17984323763:-7ffc','462bd257:17984323763:-7ffb',NULL,NULL,1),('HOT_WORKS','HOT WORKS PERMIT','BFP',15,'REGULAR','reports/bfp/hotworks_clearance',NULL,2,1,NULL,NULL,NULL,'building_permit',0,'BFP_RELEASER','462bd257:17984323763:-7ffc','462bd257:17984323763:-7ffb',NULL,'FSEC',1),('INSPECTION_TRANSMITTAL','OCCUPANCY INSPECTION TRANSMITTAL',NULL,2,'REPORT','reports/obo/finding_transmittal',NULL,NULL,NULL,NULL,'OPF-[yyyyMM]-[%05d]',NULL,'occupancy_certificate',0,NULL,NULL,NULL,NULL,NULL,NULL),('LINE_AND_GRADE','LINE AND GRADE','LINE_AND_GRADE',1,'REGULAR',NULL,1,0,1,NULL,'[parentno]-LG',NULL,'building_permit',0,NULL,NULL,NULL,NULL,'BUILDING_PERMIT',NULL),('LOCATIONAL_CLEARANCE','LOCATIONAL CLEARANCE','ZONING',100,'MAIN','reports/zoning/locational_clearance',1,2,1,NULL,'LOC-[yyyyMM]-[%05d]',NULL,'building_permit',0,'ZONING_RELEASER','462bd257:17984323763:-7ffe','462bd257:17984323763:-7ffd',NULL,NULL,1),('MECHANICAL','MECHANICAL PERMIT','MECHANICAL',5,'REGULAR',NULL,NULL,0,1,NULL,'[parentno]-M',NULL,'building_permit',0,NULL,NULL,NULL,NULL,'BUILDING_PERMIT',NULL),('NOTICE_OF_VIOLATION','NOTICE OF VIOLATION','ARCHITECTURAL',10,'REGULAR',NULL,0,0,1,NULL,NULL,NULL,'occupancy_certificate',0,NULL,NULL,NULL,NULL,NULL,NULL),('OCCUPANCY_CERTIFICATE','OCCUPANCY CERTIFICATE',NULL,0,'MAIN','reports/obo/occupancy_certificate',1,1,1,'OCCAPP-[yyyyMM]-[%05d]','OC-[YYYYMM]-[%05d]',NULL,'occupancy_certificate',0,NULL,'462bd257:17984323763:-8000','462bd257:17984323763:-7fff',NULL,NULL,1),('PAVEMENT','PAVMENT','CIVIL_STRUCTURAL',NULL,'REGULAR',NULL,NULL,0,1,NULL,NULL,NULL,'building_permit',NULL,NULL,NULL,NULL,NULL,NULL,NULL),('PLUMBING','PLUMBING PERMIT','PLUMBING',7,'REGULAR',NULL,NULL,0,1,NULL,'[parentno]-P',NULL,'building_permit',0,NULL,NULL,NULL,NULL,'BUILDING_PERMIT',NULL),('REQUIREMENT_TRANSMITTAL','REQUIREMENT TRANSMITTAL',NULL,NULL,'REPORT','reports/obo/requirement_transmittal',NULL,NULL,NULL,NULL,'BP-RT-[yyyyMM]-[%05d]',NULL,'building_permit',0,NULL,NULL,NULL,NULL,NULL,NULL),('SANITARY','SANITARY PERMIT','SANITARY',6,'REGULAR',NULL,NULL,0,NULL,NULL,'[parentno]-S',NULL,'building_permit',0,NULL,NULL,NULL,NULL,'BUILDING_PERMIT',NULL),('SCAFFOLDING','SCAFFOLDING PERMIT',NULL,12,'REGULAR',NULL,NULL,0,1,NULL,NULL,NULL,'building_permit',0,NULL,NULL,NULL,NULL,NULL,NULL),('SIDEWALK_CONSTRUCTION','SIDEWALK CONSTRUCTION PERMIT',NULL,10,'REGULAR',NULL,NULL,0,NULL,NULL,NULL,NULL,'building_permit',0,NULL,NULL,NULL,NULL,NULL,NULL),('SIGN','SIGN PERMIT',NULL,13,'REGULAR',NULL,NULL,0,1,NULL,NULL,NULL,'building_permit',0,NULL,NULL,NULL,NULL,NULL,NULL),('TEMPORARY_SERVICE_CONNECTION','PERMIT FOR TEMPORARY SERVICE CONNECTION',NULL,14,'REGULAR',NULL,NULL,1,NULL,NULL,NULL,NULL,'building_permit',0,NULL,NULL,NULL,NULL,NULL,NULL),('TEMPORARY_SIDEWALK_ENCLOSURE_AND_OCCUPANCY','TEMPORARY SIDEWALK ENCLOSURE AND OCCUPANCY PERMIT',NULL,11,'REGULAR',NULL,NULL,0,NULL,NULL,NULL,NULL,'building_permit',0,NULL,NULL,NULL,NULL,NULL,NULL),('TRADE_EVALUATION_TRANSMITTAL','TRADE EVALUATION',NULL,0,'REPORT','reports/obo/finding_transmittal',NULL,NULL,NULL,NULL,'BTET-[yyyyMM]-[%05d]',NULL,'building_permit',0,NULL,NULL,NULL,NULL,NULL,NULL),('ZONING_EVALUATION_TRANSMITTAL','ZONING EVALUATION',NULL,NULL,'REPORT','reports/obo/finding_transmittal',NULL,NULL,NULL,NULL,'ZFT-[yyyyMM]-[%05d]',NULL,'building_permit',0,NULL,NULL,NULL,NULL,NULL,NULL);
/*!40000 ALTER TABLE `obo_doctype` ENABLE KEYS */;
UNLOCK TABLES;

--
-- Table structure for table `obo_feegroup`
--

DROP TABLE IF EXISTS `obo_feegroup`;
/*!40101 SET @saved_cs_client     = @@character_set_client */;
/*!40101 SET character_set_client = utf8 */;
CREATE TABLE `obo_feegroup` (
  `objid` varchar(50) NOT NULL,
  `title` varchar(255) DEFAULT NULL,
  `sortindex` int(11) DEFAULT NULL,
  PRIMARY KEY (`objid`)
) ENGINE=InnoDB DEFAULT CHARSET=utf8;
/*!40101 SET character_set_client = @saved_cs_client */;

--
-- Dumping data for table `obo_feegroup`
--

LOCK TABLES `obo_feegroup` WRITE;
/*!40000 ALTER TABLE `obo_feegroup` DISABLE KEYS */;
INSERT INTO `obo_feegroup` VALUES ('BFP','BUREAU OF FIRE FEES',2),('BLDG_PERMIT','BUILDING PERMIT FEES',0),('OTHER','OTHER FEES',3),('ZONING','ZONING FEES',1);
/*!40000 ALTER TABLE `obo_feegroup` ENABLE KEYS */;
UNLOCK TABLES;

--
-- Table structure for table `obo_itemaccount`
--

DROP TABLE IF EXISTS `obo_itemaccount`;
/*!40101 SET @saved_cs_client     = @@character_set_client */;
/*!40101 SET character_set_client = utf8 */;
CREATE TABLE `obo_itemaccount` (
  `objid` varchar(50) NOT NULL,
  `title` varchar(50) DEFAULT NULL,
  `doctypeid` varchar(50) DEFAULT NULL,
  `item_objid` varchar(50) DEFAULT NULL,
  `item_code` varchar(50) DEFAULT NULL,
  `item_title` varchar(255) DEFAULT NULL,
  `item_fund_objid` varchar(50) DEFAULT NULL,
  `item_fund_title` varchar(50) DEFAULT NULL,
  `sortorder` int(10) DEFAULT NULL,
  `groupid` varchar(50) DEFAULT NULL,
  `tag` varchar(50) DEFAULT NULL,
  `feegroupid` varchar(50) DEFAULT NULL,
  PRIMARY KEY (`objid`) USING BTREE,
  KEY `fk_obo_itemaccount_doctypeid` (`doctypeid`) USING BTREE,
  KEY `fk_obo_itemaccount_feegroupid` (`feegroupid`),
  CONSTRAINT `fk_obo_itemaccount_doctypeid` FOREIGN KEY (`doctypeid`) REFERENCES `obo_doctype` (`objid`),
  CONSTRAINT `fk_obo_itemaccount_feegroupid` FOREIGN KEY (`feegroupid`) REFERENCES `obo_feegroup` (`objid`)
) ENGINE=InnoDB DEFAULT CHARSET=utf8;
/*!40101 SET character_set_client = @saved_cs_client */;

--
-- Dumping data for table `obo_itemaccount`
--

LOCK TABLES `obo_itemaccount` WRITE;
/*!40000 ALTER TABLE `obo_itemaccount` DISABLE KEYS */;
INSERT INTO `obo_itemaccount` VALUES ('ACCESSORY_FEE','ACCESSORY FEE','ACCESSORIES',NULL,NULL,NULL,NULL,NULL,5,NULL,NULL,'BLDG_PERMIT'),('ACCESSORY_STRUCTURE_FEE','ACCESSORY STRUCTURE FEE','ACCESSORIES',NULL,NULL,NULL,NULL,NULL,1,NULL,NULL,'BLDG_PERMIT'),('BFP_SALES_TAX','BFP SALES TAX','BFP_SALES_TAX',NULL,NULL,NULL,NULL,NULL,1,NULL,NULL,'BFP'),('BUILDING_PERMIT_FEE','BUILDING PERMIT FEE','BUILDING_PERMIT',NULL,NULL,NULL,NULL,NULL,-1,NULL,NULL,'BLDG_PERMIT'),('ELECTRICAL_FEE','ELECTRICAL FEE','ELECTRICAL',NULL,NULL,NULL,NULL,NULL,0,NULL,NULL,'BLDG_PERMIT'),('ELECTRONIC_FEE','ELECTRONIC FEE','ELECTRONIC',NULL,NULL,NULL,NULL,NULL,0,NULL,NULL,'BLDG_PERMIT'),('EXCAVATION_FEE','EXCAVATION FEE','EXCAVATION',NULL,NULL,NULL,NULL,NULL,20,NULL,NULL,'BLDG_PERMIT'),('FENCING_FEE','FENCING FEE','FENCING',NULL,NULL,NULL,NULL,NULL,20,NULL,NULL,'BLDG_PERMIT'),('FENCING_FEE_CIVIL_STRUCTURAL','FENCING FEE CIVIL STRUCTURAL','FENCING_CIVIL_STRUCTURAL',NULL,NULL,NULL,NULL,NULL,200,NULL,NULL,'BLDG_PERMIT'),('FENCING_FEE_ELECTRICAL','FENCING FEE ELECTRICAL','FENCING_ELECTRICAL',NULL,NULL,NULL,NULL,NULL,200,NULL,NULL,'BLDG_PERMIT'),('FENCING_FEE_LINE_AND_GRADE','FENCING FEE (LINE AND GRADE)','FENCING_LINE_AND_GRADE',NULL,NULL,NULL,NULL,NULL,200,NULL,NULL,'BLDG_PERMIT'),('FIRE_CONS_TAX','FIRE CODE CONTRUCTION TAX','FSEC',NULL,NULL,NULL,NULL,NULL,0,NULL,NULL,'BFP'),('FIRE_FILING_FEE','FIRE FILING FEE','FSEC',NULL,NULL,NULL,NULL,NULL,20,NULL,NULL,'BFP'),('FIRE_INSPECTION_FEE','FIRE SAFETY INSPECTION FEE','FSIC',NULL,NULL,NULL,NULL,NULL,50,NULL,NULL,'BFP'),('HOTWORKS','HOT WORKS','HOT_WORKS',NULL,NULL,NULL,NULL,NULL,1,NULL,NULL,'BFP'),('LINE_AND_GRADE','LINE AND GRADE','LINE_AND_GRADE',NULL,NULL,NULL,NULL,NULL,1,NULL,NULL,'BLDG_PERMIT'),('LOCATIONAL_CLEARANCE_FEE','LOCATIONAL CLEARANCE FEE','LOCATIONAL_CLEARANCE',NULL,NULL,NULL,NULL,NULL,1,NULL,NULL,'ZONING'),('MECHANICAL_FEE','MECHANICAL FEE','MECHANICAL',NULL,NULL,NULL,NULL,NULL,0,NULL,NULL,'BLDG_PERMIT'),('PENALTY_BUILDING_PERMIT','PENALTY ON BUILDING PERMIT','BUILDING_PERMIT',NULL,NULL,NULL,NULL,NULL,2,NULL,NULL,'BLDG_PERMIT'),('PLUMBING_FEE','PLUMBING FEE','PLUMBING',NULL,NULL,NULL,NULL,NULL,0,NULL,NULL,'BLDG_PERMIT'),('PRELIMINARY_INSPECTION_FEE','PRELIMINARY INSPECTION FEE','BUILDING_PERMIT',NULL,NULL,NULL,NULL,NULL,1,NULL,NULL,'BLDG_PERMIT'),('SANITARY_FEE','SANITARY FEE','SANITARY',NULL,NULL,NULL,NULL,NULL,0,NULL,NULL,'BLDG_PERMIT'),('SURCHARGE_BUILDING_PERMIT','SURCHARGE ON BUILDING PERMIT','BUILDING_PERMIT',NULL,NULL,NULL,NULL,NULL,1,NULL,NULL,'BLDG_PERMIT'),('TAX_CLEARANCE','TAX CLEARANCE','BUILDING_RPT',NULL,NULL,NULL,NULL,NULL,100,NULL,NULL,'OTHER'),('TAX_DEC','TAX DECLARATION','BUILDING_RPT',NULL,NULL,NULL,NULL,NULL,101,NULL,NULL,'OTHER'),('UPLR','UP LEGAL RESEARCH','LOCATIONAL_CLEARANCE',NULL,NULL,NULL,NULL,NULL,102,NULL,NULL,'ZONING'),('ZONING_FEE_PENALTY','ZONING_FEE_PENALTY','LOCATIONAL_CLEARANCE',NULL,NULL,NULL,NULL,NULL,1,NULL,NULL,'ZONING'),('ZONING_FEE_VIOLATION','ZONING FEE VIOLATION','LOCATIONAL_CLEARANCE',NULL,NULL,NULL,NULL,NULL,1,NULL,NULL,'ZONING');
/*!40000 ALTER TABLE `obo_itemaccount` ENABLE KEYS */;
UNLOCK TABLES;

--
-- Table structure for table `obo_lookupvalue`
--

DROP TABLE IF EXISTS `obo_lookupvalue`;
/*!40101 SET @saved_cs_client     = @@character_set_client */;
/*!40101 SET character_set_client = utf8 */;
CREATE TABLE `obo_lookupvalue` (
  `objid` varchar(50) NOT NULL,
  `listname` varchar(50) DEFAULT NULL,
  `key` varchar(50) DEFAULT NULL,
  `title` varchar(50) DEFAULT NULL,
  `system` int(255) DEFAULT NULL,
  PRIMARY KEY (`objid`)
) ENGINE=InnoDB DEFAULT CHARSET=utf8;
/*!40101 SET character_set_client = @saved_cs_client */;

--
-- Dumping data for table `obo_lookupvalue`
--

LOCK TABLES `obo_lookupvalue` WRITE;
/*!40000 ALTER TABLE `obo_lookupvalue` DISABLE KEYS */;
INSERT INTO `obo_lookupvalue` VALUES ('BASIS_OF_CLEARANCE:Z010','BASIS_OF_CLEARANCE','Z010','ZO No. 10 Series of 2001',0),('BASIS_OF_CLEARANCE:Z016','BASIS_OF_CLEARANCE','Z016','ZO No. 16 Series of 2019',0),('BASIS_OF_CLEARANCE:ZO17','BASIS_OF_CLEARANCE','ZO17','ZO No. 17 Series of 1984',0),('BASIS_OF_CLEARANCE:ZO35','BASIS_OF_CLEARANCE','ZO35','ZO No. 35 Series of 1989',0),('PROJECTCLASS:A','PROJECTCLASS','A','AGRICULTURAL',0),('PROJECTCLASS:C','PROJECTCLASS','C','COMMERCIAL',0),('PROJECTCLASS:I','PROJECTCLASS','I','INDUSTRIAL',0),('PROJECTCLASS:IN','PROJECTCLASS','IN','INSTITUTIONAL',0),('PROJECTCLASS:LI','PROJECTCLASS','LI','LIGHT INDUSTRIAL',0),('PROJECTCLASS:NR','PROJECTCLASS','NR','NOT RECORDED',0),('PROJECTCLASS:OG','PROJECTCLASS','OG','OPEN GRASSLAND',0),('PROJECTCLASS:OS','PROJECTCLASS','OS','OPEN SPACE',0),('PROJECTCLASS:PUD','PROJECTCLASS','PUD','PLANNED UNIT DEVELOPMENT',0),('PROJECTCLASS:R','PROJECTCLASS','R','RESIDENTIAL',0),('ZONECLASS:A','ZONECLASS','A','AGRICULTURAL',0),('ZONECLASS:AI','ZONECLASS','AI','AGRO INDUSTRIAL',0),('ZONECLASS:AQ','ZONECLASS','AQ','AQUACULTURE',0),('ZONECLASS:BZ_GB','ZONECLASS','BZ_GB','BUFFER ZONES/GREENBELTS',0),('ZONECLASS:C1','ZONECLASS','C1','COMMERCIAL ONE OR LIGHT COMMERCIAL',0),('ZONECLASS:C2','ZONECLASS','C2','COMMERCIAL TWO OR MEDIUM COMMERCIAL',0),('ZONECLASS:C3','ZONECLASS','C3','COMMERCIAL THREE OR HIGH COMMERCIAL',0),('ZONECLASS:CEM','ZONECLASS','CEM','CEMETERY/MEMORIAL PARKS',0),('ZONECLASS:CUL','ZONECLASS','CUL','CULTURAL',0),('ZONECLASS:F','ZONECLASS','F','FOREST',0),('ZONECLASS:GER','ZONECLASS','GER','GEOTHERMAL ENERGY RESERVATION',0),('ZONECLASS:GI','ZONECLASS','GI','GENERAL INSTITUTION',0),('ZONECLASS:GP','ZONECLASS','GP','GRASSLAND/PASTURE',0),('ZONECLASS:I1','ZONECLASS','I1','INDUSTRIAL ONE OR LIGHT INDUSTRIAL',0),('ZONECLASS:I2','ZONECLASS','I2','INDUSTRIAL TWO OR MEDIUM INDUSTRIAL',0),('ZONECLASS:M','ZONECLASS','M','MINING',0),('ZONECLASS:MF','ZONECLASS','MF','MANGROVE FOREST',0),('ZONECLASS:MU','ZONECLASS','MU','MIXED USE DEVELOPMENT',0),('ZONECLASS:PGOS','ZONECLASS','PGOS','PUBLIC GREEN OPEN SPACES',0),('ZONECLASS:PRE','ZONECLASS','PRE','PARK STRUCTURES RECREATION AND ENTERTAINMENT',0),('ZONECLASS:PUD','ZONECLASS','PUD','PLANNED UNIT DEVELOPMENT',0),('ZONECLASS:Q','ZONECLASS','Q','QUARRYING',0),('ZONECLASS:R1','ZONECLASS','R1','LOW DENSITY RESIDENTIAL ZONE',0),('ZONECLASS:R2','ZONECLASS','R2','MEDIUM DENSITY RESIDENTIAL USE',0),('ZONECLASS:R3','ZONECLASS','R3','HIGH DENSITY RESIDENTIAL USE',0),('ZONECLASS:R3_SH','ZONECLASS','R3_SH','RESIDENTIAL/SOCIALIZED HOUSING',0),('ZONECLASS:R4','ZONECLASS','R4','MEDIUM TO HIGH DENSITY RESIDENTIAL USE',0),('ZONECLASS:R5','ZONECLASS','R5','VERY HIGH DENSITY RESIDENTIAL USE',0),('ZONECLASS:SL','ZONECLASS','SL','SANITARY LANDFILL',0),('ZONECLASS:SPE','ZONECLASS','SPE','SPECIAL',0),('ZONECLASS:TD','ZONECLASS','TD','TOURISM DEVELOPMENT',0),('ZONECLASS:UTS','ZONECLASS','UTS','UTILITIES, TRANSPORTATION AND SERVICES',0),('ZONECLASS:WS','ZONECLASS','WS','WATERSHED',0);
/*!40000 ALTER TABLE `obo_lookupvalue` ENABLE KEYS */;
UNLOCK TABLES;

--
-- Table structure for table `obo_occupancy_type`
--

DROP TABLE IF EXISTS `obo_occupancy_type`;
/*!40101 SET @saved_cs_client     = @@character_set_client */;
/*!40101 SET character_set_client = utf8 */;
CREATE TABLE `obo_occupancy_type` (
  `objid` varchar(50) NOT NULL,
  `divisionid` varchar(50) NOT NULL,
  `title` varchar(255) DEFAULT NULL,
  PRIMARY KEY (`objid`) USING BTREE,
  KEY `fk_occupancy_use_typeid` (`divisionid`) USING BTREE,
  CONSTRAINT `fk_obo_occupancytype_divisionid` FOREIGN KEY (`divisionid`) REFERENCES `obo_occupancy_type_division` (`objid`)
) ENGINE=InnoDB DEFAULT CHARSET=utf8;
/*!40101 SET character_set_client = @saved_cs_client */;

--
-- Dumping data for table `obo_occupancy_type`
--

LOCK TABLES `obo_occupancy_type` WRITE;
/*!40000 ALTER TABLE `obo_occupancy_type` DISABLE KEYS */;
INSERT INTO `obo_occupancy_type` VALUES ('A101','A1','indigenous family dwelling units'),('A102','A1','single-detached units'),('A103','A1','school or company staff housing'),('A104','A1','single (nuclear) family dwellings'),('A105','A1','churches or similar places of worship'),('A106','A1','church rectories'),('A107','A1','community facilities and social centers'),('A108','A1','parks, playgrounds, pocket parks, parkways, promenades and playlots'),('A109','A1','clubhouses and recreational uses such as as golf courses, tennis courts, basketball courts, swimming pools and similar uses operated by the government or private individuals as membership organizations for the benefit of their members, families, and guest'),('A201','A2','single-attached or duplex or town-houses each privately owned'),('A202','A2','school dormitories (on campus)'),('A203','A2','convents and monasteries'),('A204','A2','military or police barracks/dormitories'),('A205','A2','all uses allowed in division a-1 ( or for r-1 class) buildings/structures'),('A206','A2','pre-schools, elementary and high schools provided that they do not exceed sixteen (16) classrooms'),('A207','A2','outpatient clinics, family planning clinics, lying-in clinics, diagnostic clinics, medical and clinical laboratories'),('A208','A2','branch library and museum'),('A209','A2','steam/ dry cleaning outlets'),('A210','A2','party needs and accessories (leasing of tables and chairs etc)'),('B101','B1','all uses permitted in divisions a-1 and a- 2 (or for r-1 class and r-2 class) buildings/structures'),('B102','B1','leased single-detached dwelling unit, cottage wit more than one (1) independent unit and duplexes'),('B103','B1','boarding and lodging houses'),('B104','B1','multiple-housing units for lease or still for sale'),('B105','B1','townhouses ( each privately owned )'),('B106','B1','boarding houses'),('B107','B1','accessorias (shop-houses), rowhouses, townhouses, tenements and apartments'),('B108','B1','multiple privately-owned condominium units or tenement houses (residential building for thex exclusive use of non-leasing occupants not exceeding ten (10) persons and of low-rise type (up to five (5) storeys maximum building height)'),('B109','B1','hotels, motels, inns, pension houses and apartels'),('B110','B1','private or off-campus dormitories'),('B111','B1','elementary schools and high schools provided that these will not exceed twenty (20) classrooms'),('C101','C1','educational institution (like schools, colleges, universities, vocational institutions, seminaries, convents, including school auditoriums, gymnasia, reviewing stands, little theaters, concert halls, opera houses'),('C102','C1','seminar workshop facilities'),('C103','C1','training centers/facilities'),('C104','C1','libraries, museums, exhibition halls, and art galleries'),('C105','C1','civic centers, clubhouses, lodges, community centers'),('C106','C1','churches, mosque, temples. shrines, chapels and similar places of worship'),('C107','C1','civic or government centers'),('C108','C1','other types of government buildings'),('C201','C2','amusement halls and parlors'),('C202','C2','massage and sauna parlors'),('C203','C2','health studios and reducing salons'),('C204','C2','billiard halls, pool rooms, bowling alleys and golf clubhouses'),('C205','C2','dancing schools, disco pads, dance and amusement halls'),('C206','C2','gymnasia, pelota courts and sports complex'),('D101','D1','mental hospitals, mental sanitaria and mental asylums'),('D102','D1','police and fire stations, guard houses'),('D103','D1','jails, prisons, reformatories and correctional institutions'),('D104','D1','rehabilitation centers'),('D105','D1','leprosaria and quarantine station'),('D201','D2','hospitals, sanitaria, and homes for the aged'),('D202','D2','nurseries for children of kindergarten age or non-ambulatory patients accommodating more than five (5) persons'),('D301','D3','nursing homes for ambulatory patients'),('D302','D3','school and home, for children over kindergarten age'),('D303','D3','orphanages'),('E101','E1','all uses allowed in division b-1 ( or for r-3 class) buildings/structures'),('E102','E1','gasoline filling and service stations'),('E103','E1','storage garage and boat storage'),('E104','E1','commercial garages and parking buildings, display for cars, tractors, etc.'),('E105','E1','bus and railways depots and terminals and offices'),('E106','E1','port facilities'),('E107','E1','airports and heliport facilities'),('E108','E1','all other types of transportation complexes'),('E109','E1','all other types of large complexes for public services'),('E110','E1','pawnshops, money shops, photo and portrait studios, shoeshine/repair stands, retails drugstores, tailoring and dress shops'),('E111','E1','bakeshops and bakery goods stores'),('E112','E1','stores for construction supplies and building materials such as electrical and electronics, plumbing supplies, ceramic clay cement and other similar products except chbs, gravel and sand and other concrete products\nplumbing supplies, ceramic clay cement a'),('E201','E2','wholesale and retail stores'),('E202','E2','shopping centers, malls and supermarkets'),('E203','E2','wet and dry markets'),('E204','E2','restaurants, drinking and dining establishments with less than 100 occupancies'),('E205','E2','day/night clubs, bars, cocktails, sing-along lounges, bistros, pubs, beer gardens'),('E206','E2','bakeries, pastry and bake shops'),('E207','E2','office buildings'),('E208','E2','financial institutions'),('E209','E2','printing and publishing plants and offices'),('E210','E2','engraving, photo developing and printing shops'),('E211','E2','photographer and painter studios, tailoring and haberdashery shops'),('E212','E2','factories and workshops, using less flammable or non-combustible materials'),('E213','E2','battery shops and repair shops'),('E214','E2','paint stores without bulk handling'),('E215','E2','funeral parlors'),('E216','E2','memorial and mortuary chapels, crematories'),('E217','E2','columbarium'),('E218','E2','telephone and telegraph exchanges'),('E219','E2','telecommunications,media and public information complexes including radio and tv broadcasting studios\n'),('E220','E2','cell (mobile) phone towers'),('E221','E2','battery shops and auto repair shops'),('E222','E2','bakeries, pastry and bake shops'),('E223','E2','police and fire stations'),('E224','E2','glassware and metalware stores, household equipment and appliance shops'),('E225','E2','manufacture of insignia, badges and similar emblems except metal'),('E226','E2','general retail establishments such as curio or antique shops, pet shops and aquarium \nstores, bookstores, art supplies and novelties, jewelry shops, liquor wine stores and flower shops'),('E227','E2','employment/recruitment agencies, news syndicate services and office equipment and repair shops and other offices'),('E228','E2','watch sales and services, locksmith and other related services'),('E229','E2','other stores and shops for conducting retail business and local shopping establishment'),('E230','E2','radio, television and other electrical appliance repair shops'),('E231','E2','furniture, repair and upholstering job'),('E232','E2','computer stores and video shops, including repair'),('E233','E2','internet cafes and cyber stations'),('E234','E2','garment manufacturing with no more than twenty (20) machines'),('E234B','E2','signboard and streamer painting and silk screening'),('E235','E2','car barns for jeepneys and taxis not more than six (6) units'),('E236','E2','lotto terminals, off-fronton, on-line bingo outlets and off-track betting stations'),('E237','E2','gardens and landscaping supply/ contractors'),('E238','E2','printing, typesetting, copiers and duplicating services'),('E239','E2','photo supply and developing'),('E240','E2','restaurants, canteens, eateries, delicatessen shops, confectionery shops and automats/fastfoods'),('E241','E2','groceries'),('E242','E2','laundries and laundromats'),('E243','E2','recording and film laboratories'),('E244','E2','auto repair, tire, vulcanizing shops and carwash with minimum 100 sq. meters service area'),('E245','E2','physical fitness gyms/centers'),('E301','E3','all permitted uses in division e-1(or for c-1 and c-2 class) buildings / structures'),('E302','E3','aircraft hangars'),('E303','E3','commercial parking lots and garages'),('E304','E3','department stores, shopping malls/centers, commercial and sports complexes/ areas'),('E305','E3','institutional uses as university complexes'),('E306','E3','other commercial/ business activities not elsewhere classified (n.e.c.)'),('F101','F1','ice plants and cold storage buildings'),('F102','F1','power plants (thermal, hydro or geothermal)'),('F103','F1','pumping plants (water supply, storm drainage,sewerage, irrigation and waste treatment plants)'),('F104','F1','dairies and creameries'),('F105','F1','rice mills and sugar centrals'),('F106','F1','breweries, bottling plants, canneries, and tanneries'),('F107','F1','factories and workshops using incombustible or non-explosive materials'),('G101','G1','storage tanks, buildings for storing gasoline, acetylene, lpg, calcium, carbides, oxygen, hydrogen, and the like'),('G102','G1','armories, arsenals and munitions factories'),('G103','G1','match and fireworks factories'),('G104','G1','plastics resin plants (monomer and polymer)'),('G105','G1','plastics compounding and processing plants'),('G106','G1','acetylene and oxygen generating plants'),('G107','G1','cooking oil and soap processing plants'),('G108','G1','factories for highly flammable chemicals'),('G109','G1','water and power generation/ distribution complexes\n'),('G110','G1','liquid and solid waste management facilities'),('G111','G1','large complexes for public utilities'),('G201','G2','all used permitted in i-1 class'),('G202','G2','dry cleaning plants using flammable liquids'),('G203','G2','paint stores with bulk handling'),('G204','G2','paint shops and spray painting rooms'),('G205','G2','sign and billboard painting shops'),('G301','G3','wood working establishments, lumber and timber yards'),('G302','G3','planing mills and sawmills, veneer plants'),('G303','G3','wood drying kilns'),('G304','G3','pulp, paper and paperboard factories'),('G305','G3','wood and cardboard box factories'),('G306','G3','textile and fiber spinning mills'),('G307','G3','grains and cement silos'),('G308','G3','warehouses where highly combustible materials are stored'),('G309','G3','factories where loose combustible fiber or dirt are manufactured, processed or generated'),('G310','G3','garment and undergarment'),('G401','G4','repair garages and shops'),('G402','G4','factories for engines and turbines and attached testing facilities'),('G501','G5','hangars'),('G502','G5','manufacture and assembly plants of aircraft engine'),('G503','G5','repairs and testing shops for aircraft engines and parts'),('H101','H1','theaters and auditoriums'),('H102','H1','concert halls and open houses'),('H103','H1','convention halls'),('H104','H1','little theaters, audio-visual rooms'),('H201','H2','dance halls, cabarets, ballrooms'),('H202','H2','skating rinks'),('H203','H2','cockfighting arenas'),('H301','H3','dance halls, ballrooms'),('H302','H3','skating rinks'),('H401','H4','sports stands'),('H402','H4','reviewing stands'),('H403','H4','grandstand and bleachers'),('H404','H4','covered amusement parks'),('H405','H4','boxing arenas, jai-alai stadiums'),('H406','H4','race tracks and hippodromes'),('H407','H4','all types of resort complexes'),('H408','H4','all other amusement and entertainment complexes'),('I101','I1','colisea and sports complexes'),('I102','I1','theaters and convention centers'),('I103','I1','concert halls and open houses'),('I104','I1','convention centers'),('J101','J1','agricultural structures (sheds, barns, poultry houses, piggeries, hatcheries, stables, greenhouses, granaries,silos)'),('J201','J2','private garages, carports'),('J202','J2','towers, smokestacks, chimneys'),('J203','J2','swimming pools including shower and locker room'),('J204','J2','fence over 1.8 meters high, separate firewalls'),('J205','J2','steel and or concrete tanks'),('J301','J3','stages, platforms and similar structures'),('J302','J3','pelota, tennis, badminton or basketball courts'),('J303','J3','tombs and mausoleums'),('J304','J3','aviaries and aquariums and zoo structures'),('J305','J3','banks and record vaults');
/*!40000 ALTER TABLE `obo_occupancy_type` ENABLE KEYS */;
UNLOCK TABLES;

--
-- Table structure for table `obo_occupancy_type_division`
--

DROP TABLE IF EXISTS `obo_occupancy_type_division`;
/*!40101 SET @saved_cs_client     = @@character_set_client */;
/*!40101 SET character_set_client = utf8 */;
CREATE TABLE `obo_occupancy_type_division` (
  `objid` varchar(50) NOT NULL,
  `groupid` varchar(50) DEFAULT NULL,
  `title` text,
  `type` varchar(10) DEFAULT NULL,
  PRIMARY KEY (`objid`) USING BTREE,
  KEY `fk_occupancyuse` (`groupid`) USING BTREE,
  CONSTRAINT `obo_occupancy_type_division_ibfk_1` FOREIGN KEY (`groupid`) REFERENCES `obo_occupancy_type_group` (`objid`)
) ENGINE=InnoDB DEFAULT CHARSET=utf8;
/*!40101 SET character_set_client = @saved_cs_client */;

--
-- Dumping data for table `obo_occupancy_type_division`
--

LOCK TABLES `obo_occupancy_type_division` WRITE;
/*!40000 ALTER TABLE `obo_occupancy_type_division` DISABLE KEYS */;
INSERT INTO `obo_occupancy_type_division` VALUES ('A1','A','residential building/ structure for exclusive use of single family occupants','item'),('A2','A','residential building for the exclusive use of non-leasing occupants not exceeding 10 persons','item'),('B1','B','multiple dwelling units including boarding or lodging houses, hotels, apartment buildings, row houses, convents, monasteries and other similar building each of which accommodates more than 10 persons','item'),('C1','C','buildings used for school or day-care purposes, involving assemblage for instruction, education, or recreation, and not classified in group i or in division 1 and 2 or group h occupancies',NULL),('C2','C','amusement halls and parlors',NULL),('D1','D','institutional, where personal liberties of in-mates are restrained, or quarters of those rendering public assistance and maintaining peace and order',NULL),('D2','D','institutional, for health care\nbuildings',NULL),('D3','D','institutional, for ambulatory patients or children over kindergarten age',NULL),('E1','E','business and mercantile, where no work is done except change of parts and maintenance requiring no open flames, welding, or use of highly flammable liquids','item'),('E2','E','business and mercantile in nature',NULL),('E3','E','business and mercantile, where no repair work is done except exchange of parts and maintenance requiring no open flames, welding or use of highly flammable liquid',NULL),('F1','F','light industrial',NULL),('G1','G','medium industrial, which shall include storage and handling of hazardous and highly flammable materials',NULL),('G2','G','medium industrial buildings for storage and handling of flammable materials',NULL),('G3','G','medium industrial buildings for wood working activities, papers cardboard manufactures, textile and garment factories',NULL),('G4','G','medium industrial, for repair garages and engine manufacture',NULL),('G5','G','medium industrial, for aircraft facilities','G5'),('H1','H','recreational, which are assembly buildings with stage and having an occupant load of less than 1,000',NULL),('H2','H','recreational, which are assembly buildings with stage and having an occupant load of 300 or more',NULL),('H3','H','recreational, which are assembly buildings with stage and having an occupant load of less than 300','`'),('H4','H','recreational, tourism estate developments or tourism-oriented establishments, which are structures not included in divisions h-1',NULL),('I1','I','recreational, assembly buildings with stage and an occupant load of 1,000 or more in the building',NULL),('J1','J','agricultural structures',NULL),('J2','J','private garages, carports, fences over 1.80 meters high, tanks, swimming pools and towers',NULL),('J3','J','stages, platforms, pelota, tennis, badminton or basketball courts, tombs, mausoleums, niches, aviaries, aquariums, zoo structures, banks and record vaults other subgroupings or divisions within groups a to j may be determined by the secretary. any other occupancy not mentioned specifically in this section, or about which there is any question, shall be included in the group which it most nearly resembles based on the existing or proposed life and fire hazard',NULL);
/*!40000 ALTER TABLE `obo_occupancy_type_division` ENABLE KEYS */;
UNLOCK TABLES;

--
-- Table structure for table `obo_occupancy_type_group`
--

DROP TABLE IF EXISTS `obo_occupancy_type_group`;
/*!40101 SET @saved_cs_client     = @@character_set_client */;
/*!40101 SET character_set_client = utf8 */;
CREATE TABLE `obo_occupancy_type_group` (
  `objid` varchar(50) NOT NULL,
  `title` text,
  PRIMARY KEY (`objid`) USING BTREE
) ENGINE=InnoDB DEFAULT CHARSET=utf8;
/*!40101 SET character_set_client = @saved_cs_client */;

--
-- Dumping data for table `obo_occupancy_type_group`
--

LOCK TABLES `obo_occupancy_type_group` WRITE;
/*!40000 ALTER TABLE `obo_occupancy_type_group` DISABLE KEYS */;
INSERT INTO `obo_occupancy_type_group` VALUES ('A','RESIDENTIAL (DWELLINGS)'),('B','RESIDENTIAL (HOTELS, APARTMENTS)'),('C','EDUCATIONAL, RECREATIONAL'),('D','INSTITUTIONAL'),('E','COMMERCIAL'),('F','LIGHT INDUSTRIAL'),('G','MEDIUM INDUSTRIAL'),('H','ASSEMBLY (OCCUPANT LOAD LESS THAN 1000)'),('I','ASSEMBLY (OCCUPANT LOAD 1000 OR MORE)'),('J','ACCESSORIES');
/*!40000 ALTER TABLE `obo_occupancy_type_group` ENABLE KEYS */;
UNLOCK TABLES;

--
-- Table structure for table `obo_payment`
--

DROP TABLE IF EXISTS `obo_payment`;
/*!40101 SET @saved_cs_client     = @@character_set_client */;
/*!40101 SET character_set_client = utf8 */;
CREATE TABLE `obo_payment` (
  `objid` varchar(50) NOT NULL,
  `appid` varchar(50) DEFAULT NULL,
  `refno` varchar(50) DEFAULT NULL,
  `refdate` date DEFAULT NULL,
  `refid` varchar(50) DEFAULT NULL,
  `reftype` varchar(50) DEFAULT NULL,
  `amount` decimal(16,2) DEFAULT NULL,
  `voided` smallint(1) DEFAULT NULL,
  PRIMARY KEY (`objid`) USING BTREE,
  KEY `fk_building_permit_payment_appid` (`appid`) USING BTREE
) ENGINE=InnoDB DEFAULT CHARSET=utf8;
/*!40101 SET character_set_client = @saved_cs_client */;

--
-- Dumping data for table `obo_payment`
--

LOCK TABLES `obo_payment` WRITE;
/*!40000 ALTER TABLE `obo_payment` DISABLE KEYS */;
/*!40000 ALTER TABLE `obo_payment` ENABLE KEYS */;
UNLOCK TABLES;

--
-- Table structure for table `obo_profession`
--

DROP TABLE IF EXISTS `obo_profession`;
/*!40101 SET @saved_cs_client     = @@character_set_client */;
/*!40101 SET character_set_client = utf8 */;
CREATE TABLE `obo_profession` (
  `name` varchar(50) NOT NULL,
  `title` varchar(50) DEFAULT NULL,
  `idpattern` varchar(50) DEFAULT NULL,
  PRIMARY KEY (`name`) USING BTREE
) ENGINE=InnoDB DEFAULT CHARSET=utf8;
/*!40101 SET character_set_client = @saved_cs_client */;

--
-- Dumping data for table `obo_profession`
--

LOCK TABLES `obo_profession` WRITE;
/*!40000 ALTER TABLE `obo_profession` DISABLE KEYS */;
INSERT INTO `obo_profession` VALUES ('ARCHITECT','ARCHITECT','#######'),('CIVIL ENGINEER','CIVIL ENGINEER','#######'),('ELECTRONICS ENGINEER','ELECTRONICS ENGINEER','#######'),('GEODETIC ENGINEER','GEODETIC ENGINEER','#######'),('INTERIOR DESIGNER','INTERIOR DESIGNER','#######'),('LANDSCAPE ARCHITECT','LANDSCAPE ARCHITECT','#######'),('MASTER PLUMBER','MASTER PLUMBER','#######'),('MECHANICAL ENGINEER','MECHANICAL ENGINEER','#######'),('PROFESSIONAL ELECTRICAL ENGINEER','PROFESSIONAL ELECTRICAL ENGINEER','#######'),('PROFESSIONAL ELECTRONICS ENGINEER','PROFESSIONAL ELECTRONICS ENGINEER','#######'),('PROFESSIONAL MECHANICAL ENGINEER','PROFESSIONAL MECHANICAL ENGINEER','#######'),('REGISTERED ELECTRICAL ENGINEER','REGISTERED ELECTRICAL ENGINEER','#######'),('REGISTERED MASTER ELECTRICIAN','REGISTERED MASTER ELECTRICIAN','#######'),('SANITARY ENGINEER','SANITARY ENGINEER','#######');
/*!40000 ALTER TABLE `obo_profession` ENABLE KEYS */;
UNLOCK TABLES;

--
-- Table structure for table `obo_professional`
--

DROP TABLE IF EXISTS `obo_professional`;
/*!40101 SET @saved_cs_client     = @@character_set_client */;
/*!40101 SET character_set_client = utf8 */;
CREATE TABLE `obo_professional` (
  `objid` varchar(50) NOT NULL,
  `prcno` varchar(50) NOT NULL,
  `profession` varchar(100) DEFAULT NULL,
  `infoid` varchar(50) DEFAULT NULL,
  PRIMARY KEY (`objid`) USING BTREE,
  UNIQUE KEY `uix_obo_professional_prcno_profession` (`prcno`,`profession`) USING BTREE,
  KEY `fk_obo_professional_infoid` (`infoid`) USING BTREE,
  CONSTRAINT `fk_obo_professional_infoid` FOREIGN KEY (`infoid`) REFERENCES `obo_professional_info` (`objid`)
) ENGINE=InnoDB DEFAULT CHARSET=utf8;
/*!40101 SET character_set_client = @saved_cs_client */;

--
-- Dumping data for table `obo_professional`
--

LOCK TABLES `obo_professional` WRITE;
/*!40000 ALTER TABLE `obo_professional` DISABLE KEYS */;
/*!40000 ALTER TABLE `obo_professional` ENABLE KEYS */;
UNLOCK TABLES;

--
-- Table structure for table `obo_professional_info`
--

DROP TABLE IF EXISTS `obo_professional_info`;
/*!40101 SET @saved_cs_client     = @@character_set_client */;
/*!40101 SET character_set_client = utf8 */;
CREATE TABLE `obo_professional_info` (
  `objid` varchar(50) NOT NULL DEFAULT '',
  `firstname` varchar(100) DEFAULT NULL,
  `middlename` varchar(100) DEFAULT NULL,
  `lastname` varchar(100) DEFAULT NULL,
  `resident` int(255) DEFAULT NULL,
  `address_objid` varchar(50) DEFAULT NULL,
  `address_text` varchar(255) DEFAULT NULL,
  `address_unitno` varchar(50) DEFAULT NULL,
  `address_bldgno` varchar(50) DEFAULT NULL,
  `address_bldgname` varchar(100) DEFAULT NULL,
  `address_street` varchar(255) DEFAULT NULL,
  `address_subdivision` varchar(255) DEFAULT NULL,
  `address_barangay_objid` varchar(50) DEFAULT NULL,
  `address_barangay_name` varchar(50) DEFAULT NULL,
  `address_citymunicipality` varchar(50) DEFAULT NULL,
  `address_province` varchar(50) DEFAULT NULL,
  `tin` varchar(50) DEFAULT NULL,
  `email` varchar(255) DEFAULT NULL,
  `mobileno` varchar(50) DEFAULT NULL,
  `phoneno` varchar(50) DEFAULT NULL,
  `id_idno` varchar(50) DEFAULT NULL,
  `id_type_name` varchar(50) DEFAULT NULL,
  `id_dtissued` date DEFAULT NULL,
  `id_placeissued` varchar(50) DEFAULT NULL,
  `profession` varchar(100) DEFAULT NULL,
  `prc_idno` varchar(50) DEFAULT NULL,
  `prc_dtissued` date DEFAULT NULL,
  `prc_dtvalid` date DEFAULT NULL,
  `prc_placeissued` varchar(50) DEFAULT NULL,
  `ptr_refno` varchar(50) DEFAULT NULL,
  `ptr_dtissued` date DEFAULT NULL,
  `ptr_placeissued` varchar(50) DEFAULT NULL,
  `profid` varchar(50) DEFAULT NULL,
  `system` int(1) DEFAULT NULL,
  PRIMARY KEY (`objid`) USING BTREE
) ENGINE=InnoDB DEFAULT CHARSET=utf8;
/*!40101 SET character_set_client = @saved_cs_client */;

--
-- Dumping data for table `obo_professional_info`
--

LOCK TABLES `obo_professional_info` WRITE;
/*!40000 ALTER TABLE `obo_professional_info` DISABLE KEYS */;
/*!40000 ALTER TABLE `obo_professional_info` ENABLE KEYS */;
UNLOCK TABLES;

--
-- Table structure for table `obo_requirement_type`
--

DROP TABLE IF EXISTS `obo_requirement_type`;
/*!40101 SET @saved_cs_client     = @@character_set_client */;
/*!40101 SET character_set_client = utf8 */;
CREATE TABLE `obo_requirement_type` (
  `objid` varchar(50) NOT NULL,
  `title` varchar(255) DEFAULT NULL,
  `sortorder` int(255) DEFAULT NULL,
  `apptype` varchar(100) DEFAULT NULL,
  `sectionid` varchar(50) DEFAULT NULL,
  PRIMARY KEY (`objid`) USING BTREE,
  KEY `fk_obo_requirement_type_sectionid` (`sectionid`) USING BTREE
) ENGINE=InnoDB DEFAULT CHARSET=utf8;
/*!40101 SET character_set_client = @saved_cs_client */;

--
-- Dumping data for table `obo_requirement_type`
--

LOCK TABLES `obo_requirement_type` WRITE;
/*!40000 ALTER TABLE `obo_requirement_type` DISABLE KEYS */;
INSERT INTO `obo_requirement_type` VALUES ('OR1','Three (3) copies of duly accomplished Application Form for Certificate of Occupancy',1,'occupancy_certificate',NULL),('OR2','Three (3) copies of duly accomplished and notarized form for Certificate of Completion',2,'occupancy_certificate',NULL),('OR3','Three (3) sets of As-Built Plans showing the deviations made from the approved building plans,\nprepared, signed and sealed over the printed names of the duly licensed and registered professionals\nwho signed the approved building plans',3,'occupancy_certificate',NULL),('OR4','Certification from the Geodetic Engineer that the construction, alteration, repair or addition did not\nencroach any adjoining property (incorporated in the first page of As-Built Architectural Design Plans)',4,'occupancy_certificate',NULL),('OR5','One (1) photocopy of latest PRC Identification Card and Professional Tax Receipt, signed (three\nspecimen signatures) and sealed by the respective design professionals',5,'occupancy_certificate',NULL),('OR6','Duly accomplished Construction Logbook with Certification from the duly licensed and registered Civil\nEngineer or Architect-In-Charge of construction',6,'occupancy_certificate',NULL),('OR7','Photographs of the completed structure showing front, sides and rear areas',7,'occupancy_certificate',NULL),('OR8','Fire Safety Compliance and Commissioning Report (FSCCR), if applicable (as prescribed by the\nprovisions of the Revised IRR of Fire Code of the Philippines)',8,'occupancy_certificate',NULL),('R01','4 copies Duly accomplished and notarized Application Form for Building Permit',1,'building_permit',NULL),('R02','4 copies Duly accomplished Architectural Permit Form',2,'building_permit',NULL),('R03','4 copies Duly accomplished Civil/Structural Permit Form',3,'building_permit',NULL),('R04','4 copies Duly accomplished Electrical Permit Form',4,'building_permit',NULL),('R05','4 copies Duly accomplished Mechanical Permit Form',5,'building_permit',NULL),('R06','4 copies Duly accomplished Sanitary Permit Form',6,'building_permit',NULL),('R07','4 copies Duly accomplished Plumbing Permit Form',7,'building_permit',NULL),('R08','4 copies Duly accomplished Electronics Permit Form',8,'building_permit',NULL),('R09','4 copies Duly accomplished Sign Permit Form',9,'building_permit',NULL),('R10','4 copies Duly accomplished Fencing Permit Form',10,'building_permit',NULL),('R11','1 copy Certified true copy of latest OCT/TCT, on file with the Registry of Deeds (in case the applicant is the registered owner of the lot)',11,'building_permit',NULL),('R12','1 copy Duly notarized copy of the Contract of Lease, Award Notice,Deed of Absolute Sale, Contract to Sell, Extra-Judicial Settlement or Authority from the registered owner (in case the applicant is not the registered owner of the lot, in addition to the c',12,'building_permit',NULL),('R13','4 sets Certification from a duly licensed and registered Geodetic Engineer that the proposed construction, renovation, alteration, repair or addition shall be within the property of the owner/applicant and will not encroach any adjoining property (incorpo',13,'building_permit',NULL),('R14','4 sets Architectural Design Plans/Drawings and other documents prepared, signed and sealed over the printed name of the duly licensed and registered Architect, and approved by the owner/applicant',14,'building_permit',NULL),('R15','4 sets Civil/Structural Design Plans/Drawings and other documents prepared, signed and sealed over the printed name of the duly licensed and registered Civil/Structural Engineer, and approved by the owner/applicant',15,'building_permit',NULL),('R16','4 sets Electrical Design Plans/Drawings and other documents prepared, signed and sealed over the printed name of the duly licensed and registered Professional Electrical Engineer, and approved by the owner/applicant',16,'building_permit',NULL),('R17','4 sets Mechanical Design Plans/Drawings and other documents prepared, signed and sealed over the printed name of the duly licensed and registered Professional Mechanical Engineer, and approved by the owner/applicant',17,'building_permit',NULL),('R18','4 sets Sanitary Design Plans/Drawings and other documents prepared, signed and sealed over the printed name of the duly licensed and registered Sanitary Engineer, and approved by the owner/applicant',18,'building_permit',NULL),('R19','4 sets Plumbing Design Plans/Drawings and other documents prepared, signed and sealed over the printed name of the duly licensed and registered Master Plumber, and approved by the owner/applicant',19,'building_permit',NULL),('R20','4 sets Electronics Design Plans/Drawings and other documents prepared, signed and sealed over the printed name of the duly licensed and registered Electronics Engineer, and approved by the owner/applicant',20,'building_permit',NULL),('R21','3 sets Three (3) sets of Structural Analysis and Design, signed and sealed over the printed name of the duly licensed and registered Civil/ Structural Engineer (Applicable for all buildings/structures except for one storey and single detached building/str',21,'building_permit',NULL),('R22','1 set Boring and Load Test (Applicable for buildings/structures of three (3) storeys and higher, lower building structures for areas with potential geological/geotechnical hazards, or if necessary in accordance with the provisions of the National Structur',22,'building_permit',NULL),('R23','3 sets Three (3) sets of Electrical Analysis and Design, signed and sealed over the printed name of the duly licensed and registered Professional Electrical Engineer',23,'building_permit',NULL),('R24','1 copy Photocopy of latest PRC Identification Card and Professional Tax Receipt, signed (three specimen signatures) and sealed by the respective professionals',24,'building_permit',NULL),('R25','4 sets Duly notarized Bill of Materials/Cost Estimate of the building or structure to be erected, signed and sealed over the printed name by a duly licensed and registered Architect or Civil Engineer, and approved by the owner/applicant',25,'building_permit',NULL),('R26','1 set Construction Logbook, signed and sealed over the printed name of the duly licensed and registered Civil Engineer or Architect- In-Charge of construction, and signed by the owner/applicant',26,'building_permit',NULL),('R27','1 copy Original Certificate of Approval of Construction Safety and Health Program (CSHP) (Department of Labor and Employment)',27,'building_permit',NULL),('R28','1 copy Affidavit of Undertaking (for clearances from National Government Agencies which can be submitted 30 days or less after the issuance of the Building Permit, per JMC No. 2018-01)',28,'building_permit',NULL),('R29','1 copy Special Power of Attorney (for individuals) or Board Resolution/SecretaryΓÇÖs Certificate (for corporations) for the authorized representative/signatory in behalf of the owner/applicant',29,'building_permit',NULL),('R30','1 copy Affidavit of Non-Objection',30,'building_permit',NULL),('R31','1 copy Affidavit of Undertaking on Lot Occupancy',31,'building_permit',NULL),('R32','1 copy Barangay Resolution/Endorsement',32,'building_permit',NULL),('R33','1 copy Manifestation',33,'building_permit',NULL),('R34','1 copy Simple Subdivision Approval/Copy of Approved Subdivision Plan',34,'building_permit',NULL),('R35','Other pertinent documents',35,'building_permit',NULL),('R36','Size of Building Plans',36,'building_permit',NULL),('R37','Fire Safety Compliance Report (FSCR), if applicable (as prescribed by the provisions of the Revised IRR of Fire\nCode of the Philippines)',37,'building_permit',NULL);
/*!40000 ALTER TABLE `obo_requirement_type` ENABLE KEYS */;
UNLOCK TABLES;

--
-- Table structure for table `obo_section`
--

DROP TABLE IF EXISTS `obo_section`;
/*!40101 SET @saved_cs_client     = @@character_set_client */;
/*!40101 SET character_set_client = utf8 */;
CREATE TABLE `obo_section` (
  `objid` varchar(50) NOT NULL,
  `title` varchar(50) DEFAULT NULL,
  `org_objid` varchar(50) DEFAULT NULL,
  `org_name` varchar(255) DEFAULT NULL,
  PRIMARY KEY (`objid`) USING BTREE
) ENGINE=InnoDB DEFAULT CHARSET=utf8;
/*!40101 SET character_set_client = @saved_cs_client */;

--
-- Dumping data for table `obo_section`
--

LOCK TABLES `obo_section` WRITE;
/*!40000 ALTER TABLE `obo_section` DISABLE KEYS */;
INSERT INTO `obo_section` VALUES ('ARCHITECTURAL','ARCHITECTURAL',NULL,NULL),('BFP','BFP','BFP','BFP'),('CIVIL_STRUCTURAL','CIVIL/STRUCTURAL',NULL,NULL),('ELECTRICAL','ELECTRICAL',NULL,NULL),('ELECTRONIC','ELECTRONIC',NULL,NULL),('INTERIOR','INTERIOR DESIGN',NULL,NULL),('LAND_USE','LAND USE',NULL,NULL),('LINE_AND_GRADE','LINE AND GRADE',NULL,NULL),('MECHANICAL','MECHANICAL',NULL,NULL),('PLUMBING','PLUMBING',NULL,NULL),('RPT','RPT ASSESSOR',NULL,NULL),('SANITARY','SANITARY',NULL,NULL),('ZONING','ZONING','CPDO','CPDO');
/*!40000 ALTER TABLE `obo_section` ENABLE KEYS */;
UNLOCK TABLES;

--
-- Table structure for table `obo_taskitem_type`
--

DROP TABLE IF EXISTS `obo_taskitem_type`;
/*!40101 SET @saved_cs_client     = @@character_set_client */;
/*!40101 SET character_set_client = utf8 */;
CREATE TABLE `obo_taskitem_type` (
  `objid` varchar(50) NOT NULL,
  `apptype` varchar(50) DEFAULT NULL,
  `title` varchar(100) DEFAULT NULL,
  `sectionid` varchar(50) DEFAULT NULL,
  `sortindex` int(255) DEFAULT NULL,
  `required` int(255) DEFAULT NULL,
  `activationstate` varchar(50) DEFAULT NULL,
  `joinstate` varchar(50) DEFAULT NULL,
  PRIMARY KEY (`objid`) USING BTREE,
  KEY `fk_building_evaluation_type_sectionid` (`sectionid`) USING BTREE,
  CONSTRAINT `fk_obo_taskitem_type_sectionid` FOREIGN KEY (`sectionid`) REFERENCES `obo_section` (`objid`)
) ENGINE=InnoDB DEFAULT CHARSET=utf8;
/*!40101 SET character_set_client = @saved_cs_client */;

--
-- Dumping data for table `obo_taskitem_type`
--

LOCK TABLES `obo_taskitem_type` WRITE;
/*!40000 ALTER TABLE `obo_taskitem_type` DISABLE KEYS */;
INSERT INTO `obo_taskitem_type` VALUES ('BUILDING:ARCHITECTURAL','building_permit','Architectural','ARCHITECTURAL',3,1,'trade-evaluation','trade-evaluation'),('BUILDING:CIVIL_STRUCTURAL','building_permit','Civil/Structural','CIVIL_STRUCTURAL',4,1,'trade-evaluation','trade-evaluation'),('BUILDING:ELECTRICAL','building_permit','Electrical','ELECTRICAL',5,1,'trade-evaluation','trade-evaluation'),('BUILDING:ELECTRONIC','building_permit','Electronic','ELECTRONIC',9,1,'trade-evaluation','trade-evaluation'),('BUILDING:FSEC','building_permit','Fire Safety Evaluation','BFP',200,1,'trade-evaluation','trade-evaluation-approval'),('BUILDING:LAND_USE','building_permit','Land Use','LAND_USE',1,1,'trade-evaluation','trade-evaluation'),('BUILDING:LINE_AND_GRADE','building_permit','Line and Grade','LINE_AND_GRADE',2,1,'trade-evaluation','trade-evaluation'),('BUILDING:MECHANICAL','building_permit','Mechanical','MECHANICAL',6,1,'trade-evaluation','trade-evaluation'),('BUILDING:PLUMBING','building_permit','Plumbing','PLUMBING',8,1,'trade-evaluation','trade-evaluation'),('BUILDING:SANITARY','building_permit','Sanitary','SANITARY',9,1,'trade-evaluation','trade-evaluation'),('BUILDING:SITE_VERIFICATION','building_permit','Site Verification',NULL,1,0,'trade-evaluation','trade-evaluation'),('BUILDING:ZONING','building_permit','Zoning Evaluation','ZONING',100,1,'zoning-evaluation','zoning-evaluation'),('OCCUPANCY:ARCHITECTURAL','occupancy_certificate','Architectural','ARCHITECTURAL',3,1,'inspection','inspection'),('OCCUPANCY:CIVIL_STRUCTURAL','occupancy_certificate','Civil/Structural','CIVIL_STRUCTURAL',4,1,'inspection','inspection'),('OCCUPANCY:ELECTRICAL','occupancy_certificate','Electrical','ELECTRICAL',5,1,'inspection','inspection'),('OCCUPANCY:ELECTRONIC','occupancy_certificate','Electronic','ELECTRONIC',9,1,'inspection','inspection'),('OCCUPANCY:FSIC','occupancy_certificate','Fire Safety Inspection','BFP',1,1,'inspection','inspection'),('OCCUPANCY:LINE_AND_GRADE','occupancy_certificate','Line and Grade',NULL,2,1,'inspection','inspection'),('OCCUPANCY:MECHANICAL','occupancy_certificate','Mechanical','MECHANICAL',6,1,'inspection','inspection'),('OCCUPANCY:PLUMBING','occupancy_certificate','Plumbing','PLUMBING',8,1,'inspection','inspection'),('OCCUPANCY:SANITARY','occupancy_certificate','Sanitary','SANITARY',9,1,'inspection','inspection');
/*!40000 ALTER TABLE `obo_taskitem_type` ENABLE KEYS */;
UNLOCK TABLES;

--
-- Table structure for table `obo_taskitem_type_role`
--

DROP TABLE IF EXISTS `obo_taskitem_type_role`;
/*!40101 SET @saved_cs_client     = @@character_set_client */;
/*!40101 SET character_set_client = utf8 */;
CREATE TABLE `obo_taskitem_type_role` (
  `objid` varchar(50) NOT NULL,
  `typeid` varchar(50) DEFAULT NULL,
  `state` varchar(50) DEFAULT NULL,
  `role` varchar(50) DEFAULT NULL,
  PRIMARY KEY (`objid`) USING BTREE,
  UNIQUE KEY `uix_building_evaluation_type_typeid_state` (`typeid`,`state`) USING BTREE,
  KEY `fk_building_evaluation_type_role_role` (`role`) USING BTREE,
  CONSTRAINT `fk_building_evaluation_type_role_role` FOREIGN KEY (`role`) REFERENCES `sys_role` (`name`),
  CONSTRAINT `fk_building_evaluation_type_role_typeid` FOREIGN KEY (`typeid`) REFERENCES `obo_taskitem_type` (`objid`)
) ENGINE=InnoDB DEFAULT CHARSET=utf8;
/*!40101 SET character_set_client = @saved_cs_client */;

--
-- Dumping data for table `obo_taskitem_type_role`
--

LOCK TABLES `obo_taskitem_type_role` WRITE;
/*!40000 ALTER TABLE `obo_taskitem_type_role` DISABLE KEYS */;
INSERT INTO `obo_taskitem_type_role` VALUES ('BETR-42cb8500:1794e99617a:-7ffb','BUILDING:SITE_VERIFICATION','approval','SITE_APPROVER'),('BETR-42cb8500:1794e99617a:-7ffc','BUILDING:SITE_VERIFICATION','review','SITE_REVIEWER'),('BETR-4edb3072:1780aff3c6d:-7ffa','BUILDING:ELECTRONIC','evaluation','ELECTRONIC_EVALUATOR'),('BETR-4edb3072:1780aff3c6d:-7ffb','BUILDING:PLUMBING','evaluation','PLUMBING_EVALUATOR'),('BETR-4edb3072:1780aff3c6d:-7ffc','BUILDING:MECHANICAL','evaluation','MECHANICAL_EVALUATOR'),('BETR-4edb3072:1780aff3c6d:-7ffd','BUILDING:ELECTRICAL','evaluation','ELECTRICAL_EVALUATOR'),('BETR-4edb3072:1780aff3c6d:-7fff','BUILDING:CIVIL_STRUCTURAL','evaluation','CIVIL_STRUCTURAL_EVALUATOR'),('BETR-4edb3072:1780aff3c6d:-8000','BUILDING:LINE_AND_GRADE','evaluation','LINE_AND_GRADE_EVALUATOR'),('BETR-56fd8567:179091cb987:-8000','BUILDING:SANITARY','evaluation','SANITARY_EVALUATOR'),('BETR-ac93bcd:17983464dd4:-7ffc','BUILDING:LAND_USE','evaluation','LAND_USE_EVALUATOR'),('BETR498f301a:177f0cdb402:-7fff','BUILDING:SITE_VERIFICATION','evaluation','SITE_EVALUATOR'),('BETR4cc44b45:17968cdabef:-7fe9','OCCUPANCY:SANITARY','evaluation','SANITARY_INSPECTOR'),('BETR4cc44b45:17968cdabef:-7fec','OCCUPANCY:ELECTRONIC','evaluation','ELECTRONIC_INSPECTOR'),('BETR4cc44b45:17968cdabef:-7fef','OCCUPANCY:PLUMBING','evaluation','PLUMBING_INSPECTOR'),('BETR4cc44b45:17968cdabef:-7ff2','OCCUPANCY:MECHANICAL','evaluation','MECHANICAL_INSPECTOR'),('BETR4cc44b45:17968cdabef:-7ff5','OCCUPANCY:ELECTRICAL','evaluation','ELECTRICAL_INSPECTOR'),('BETR4cc44b45:17968cdabef:-7ff8','OCCUPANCY:CIVIL_STRUCTURAL','evaluation','CIVIL_STRUCTURAL_INSPECTOR'),('BETR4cc44b45:17968cdabef:-7ffb','OCCUPANCY:ARCHITECTURAL','evaluation','ARCHITECTURAL_INSPECTOR'),('BETR4cc44b45:17968cdabef:-8000','OCCUPANCY:LINE_AND_GRADE','evaluation','LINE_AND_GRADE_INSPECTOR'),('BETR56b626f6:177b466d617:-7ffe','BUILDING:ARCHITECTURAL','evaluation','ARCHITECTURAL_EVALUATOR'),('FSEC_BFP_APPROVER','BUILDING:FSEC','approval','BFP_APPROVER'),('FSEC_BFP_EVALUATOR','BUILDING:FSEC','evaluation','BFP_EVALUATOR'),('FSEC_BFP_REVIEWER','BUILDING:FSEC','review','BFP_REVIEWER'),('FSIC_BFP_APPROVER','OCCUPANCY:FSIC','approval','BFP_APPROVER'),('FSIC_BFP_INSPECTOR','OCCUPANCY:FSIC','evaluation','BFP_INSPECTOR'),('FSIC_BFP_REVIEWER','OCCUPANCY:FSIC','review','BFP_REVIEWER'),('ZONING_ZONING_APPROVER','BUILDING:ZONING','approval','ZONING_APPROVER'),('ZONING_ZONING_EVALUATOR','BUILDING:ZONING','evaluation','ZONING_EVALUATOR'),('ZONING_ZONING_REVIEWER','BUILDING:ZONING','review','ZONING_REVIEWER');
/*!40000 ALTER TABLE `obo_taskitem_type_role` ENABLE KEYS */;
UNLOCK TABLES;

--
-- Table structure for table `obo_variable`
--

DROP TABLE IF EXISTS `obo_variable`;
/*!40101 SET @saved_cs_client     = @@character_set_client */;
/*!40101 SET character_set_client = utf8 */;
CREATE TABLE `obo_variable` (
  `objid` varchar(50) NOT NULL,
  `state` varchar(50) DEFAULT NULL,
  `name` varchar(50) DEFAULT NULL,
  `caption` varchar(255) DEFAULT NULL,
  `description` varchar(255) DEFAULT NULL,
  `datatype` varchar(100) DEFAULT NULL,
  `doctypeid` varchar(50) DEFAULT NULL,
  `category` varchar(255) DEFAULT NULL,
  `sortorder` smallint(3) DEFAULT NULL,
  `system` smallint(3) DEFAULT NULL,
  `arrayvalues` text,
  `unit` varchar(100) DEFAULT NULL,
  `occupancytypeid` varchar(50) DEFAULT NULL,
  `lookuplistname` varchar(50) DEFAULT NULL,
  `multiselect` int(11) DEFAULT NULL,
  PRIMARY KEY (`objid`) USING BTREE,
  UNIQUE KEY `uix_obo_variable_name` (`name`) USING BTREE,
  KEY `fk_obo_section_variable` (`doctypeid`) USING BTREE,
  KEY `ix_state` (`state`) USING BTREE,
  KEY `ix_caption` (`caption`) USING BTREE,
  KEY `ix_datatype` (`datatype`) USING BTREE,
  KEY `ix_category` (`category`) USING BTREE,
  KEY `ix_sortorder` (`sortorder`) USING BTREE,
  KEY `ix_system` (`system`) USING BTREE,
  KEY `ix_unit` (`unit`) USING BTREE,
  KEY `fk_obo_variable_occupancytypeid` (`occupancytypeid`) USING BTREE,
  CONSTRAINT `fk_obo_variable_doctypeid` FOREIGN KEY (`doctypeid`) REFERENCES `obo_doctype` (`objid`),
  CONSTRAINT `fk_obo_variable_occupancytypeid` FOREIGN KEY (`occupancytypeid`) REFERENCES `obo_occupancy_type` (`objid`)
) ENGINE=InnoDB DEFAULT CHARSET=utf8;
/*!40101 SET character_set_client = @saved_cs_client */;

--
-- Dumping data for table `obo_variable`
--

LOCK TABLES `obo_variable` WRITE;
/*!40000 ALTER TABLE `obo_variable` DISABLE KEYS */;
INSERT INTO `obo_variable` VALUES ('ACCESS_TO_PUBLIC_STREET','DRAFT','ACCESS_TO_PUBLIC_STREET','ACCESS TO PUBLIC STREET',NULL,'decimal','ARCHITECTURAL','C',22,0,NULL,'UNIT',NULL,NULL,NULL),('ACTUAL_TOTAL_CONNECTED_LOAD','DRAFT','ACTUAL_TOTAL_CONNECTED_LOAD','TOTAL CONNECTED LOAD',NULL,'decimal','FINAL_ELECTRICAL_INSPECTION',NULL,1,0,NULL,'KVA',NULL,NULL,0),('ANTENNA_TOWER_COMMUNICATION','DRAFT','ANTENNA_TOWER_COMMUNICATION','ANTENNA TOWERS/MASTS OR OTHER STRUCTURES FOR COMMUNICATIONS TRANSMISSION',NULL,'integer','ELECTRONIC','G',29,0,NULL,'STRUCTURE',NULL,NULL,NULL),('APPTYPE','DRAFT','APPTYPE','Application Type',NULL,'array','LOCATIONAL_CLEARANCE',NULL,5,0,'[\"CONFORMANCE\",\"CONTEXT\"]',NULL,NULL,NULL,0),('ATM_TICKETING','DRAFT','ATM_TICKETING','AUTOMATED TELLER MACHINES TICKETING',NULL,'integer','ELECTRONIC','C',3,0,NULL,'unit',NULL,NULL,NULL),('AUDITORIUM','DRAFT','AUDITORIUM','AUDITORIUM',NULL,'integer','ELECTRONIC','F',27,0,NULL,'LOCATION',NULL,NULL,NULL),('BALCONY_TERRACE','DRAFT','BALCONY_TERRACE','BALCONY, TERRACES, LANAI',NULL,'decimal','ACCESSORIES','BALCONY,TERRACES AND LANAI',0,0,NULL,'area in sq.meters','J201',NULL,NULL),('BANK_AND_RECORD_VAULT','DRAFT','BANK_AND_RECORD_VAULT','BANK AND RECORD VAULT',NULL,'decimal','ACCESSORIES','BANK AND RECORD VAULTS',2,0,NULL,'volume in cu.meter','J305',NULL,NULL),('BARRIER_CONTROL','DRAFT','BARRIER_CONTROL','BARRIER CONTROLS',NULL,'integer','ELECTRONIC','E',17,0,NULL,'TERMINATION',NULL,NULL,NULL),('BAR_SINK','DRAFT','BAR_SINK','BAR SINK',NULL,'integer','PLUMBING','SPECIAL',19,0,NULL,'unit',NULL,NULL,NULL),('BASIS_OF_CLEARANCE','DRAFT','BASIS_OF_CLEARANCE','Basis of Clearance',NULL,'lookup','LOCATIONAL_CLEARANCE',NULL,10,0,NULL,NULL,NULL,'BASIS_OF_CLEARANCE',0),('BATH_TUB','DRAFT','BATH_TUB','BATH TUB',NULL,'integer','PLUMBING','SPECIAL',12,0,NULL,'unit',NULL,NULL,NULL),('BIDET','DRAFT','BIDET','BIDET',NULL,'integer','PLUMBING','SPECIAL',15,0,NULL,'unit',NULL,NULL,NULL),('BOILER','DRAFT','BOILER','BOILER',NULL,'decimal','MECHANICAL','BOILERS',30,0,NULL,'KW',NULL,NULL,NULL),('BROADCASTING_SYSTEM','DRAFT','BROADCASTING_SYSTEM','BROADCASTING SYSTEM',NULL,'integer','ELECTRONIC','B',2,0,NULL,'LOCATION',NULL,NULL,NULL),('BUILDING_AUTOMATION_MANAGEMENT_SYSTEM','DRAFT','BUILDING_AUTOMATION_MANAGEMENT_SYSTEM','BUILDING AUTOMATION MANAGEMENT SYSTEMS',NULL,'integer','ELECTRONIC','E',24,0,NULL,'TERMINATION',NULL,NULL,NULL),('CABLE_CAR','DRAFT','CABLE_CAR','CABLE CAR (KW)',NULL,'decimal','MECHANICAL','ESCALATORS AND MOVING WALKS',15,0,NULL,'KW',NULL,NULL,NULL),('CABLE_CAR_LINEAL','DRAFT','CABLE_CAR_LINEAL','CABLE CAR LINEAL METER',NULL,'decimal','MECHANICAL','ESCALATORS AND MOVING WALKS',15,0,NULL,'LM',NULL,NULL,NULL),('CAR_ELEVATOR','DRAFT','CAR_ELEVATOR','CAR ELEVATOR',NULL,'integer','MECHANICAL','ELEVATORS',24,0,NULL,'unit',NULL,NULL,NULL),('CCTV','DRAFT','CCTV','CATV/MATV/CCTV AND OFF-AIR TELEVISION',NULL,'integer','ELECTRONIC','E',21,0,NULL,'TERMINATION',NULL,NULL,NULL),('CENTRAILIZED_AIRCON','DRAFT','CENTRAILIZED_AIRCON','CENTRALIZED AIRCONDITION',NULL,'decimal','MECHANICAL','REFRIGERATION,AIR CONDITIONING AND MECHANICAL VENTILATION',4,0,NULL,'TON',NULL,NULL,NULL),('CENTRALIZED_CLOCK_SYSTEM','DRAFT','CENTRALIZED_CLOCK_SYSTEM','CENTRALIZED_CLOCK_SYSTEM',NULL,'integer','ELECTRONIC','E',25,0,NULL,'TERMINATION',NULL,NULL,NULL),('CFEI_NUM_AND_SIZE_GROUNDING_WIRE','DRAFT','CFEI_NUM_AND_SIZE_GROUNDING_WIRE','No. and size of grounding wire',NULL,'string','FINAL_ELECTRICAL_INSPECTION','TYPE OF SERVICE',8,0,'[:]',NULL,NULL,NULL,NULL),('CFEI_NUM_AND_SIZE_OF_WIRE_PHASE','DRAFT','CFEI_NUM_AND_SIZE_OF_WIRE_PHASE','No. of Size of wire/Phase',NULL,'string','FINAL_ELECTRICAL_INSPECTION','TYPE OF SERVICE',7,0,NULL,NULL,NULL,NULL,NULL),('CFEI_PHASE','DRAFT','CFEI_PHASE','Phase',NULL,'string','FINAL_ELECTRICAL_INSPECTION','TYPE OF SERVICE',9,0,'[:]',NULL,NULL,NULL,NULL),('CFEI_TOTAL_CONNECTED_LOAD','DRAFT','CFEI_TOTAL_CONNECTED_LOAD','Total Connected Load',NULL,'decimal','FINAL_ELECTRICAL_INSPECTION',NULL,0,0,NULL,'KVA',NULL,NULL,NULL),('CFEI_TOTAL_GENERATOR_UPS_CAPACITY','DRAFT','CFEI_TOTAL_GENERATOR_UPS_CAPACITY','Total Generator/UPS Capacity',NULL,'decimal','FINAL_ELECTRICAL_INSPECTION',NULL,1,0,NULL,'KVA',NULL,NULL,NULL),('CFEI_TOTAL_TRANSFORMER_CAPACITY','DRAFT','CFEI_TOTAL_TRANSFORMER_CAPACITY','Total Transformer Capacity',NULL,'decimal','FINAL_ELECTRICAL_INSPECTION',NULL,1,0,NULL,'KVA',NULL,NULL,NULL),('CFEI_TYPE_OF_INSTALLATION','DRAFT','CFEI_TYPE_OF_INSTALLATION','Type of Installation',NULL,'array','FINAL_ELECTRICAL_INSPECTION','TYPE OF INSTALLATION',2,0,'[\"NEW\",\"SEPARATION OF SERVICE ENTRANCE\",\"ALTERATION/UPGRADING\"]',NULL,NULL,NULL,1),('CFEI_TYPE_OF_INSTALLATION_OTHERS','DRAFT','CFEI_TYPE_OF_INSTALLATION_OTHERS','Type of Installation (Others)',NULL,'string','FINAL_ELECTRICAL_INSPECTION','TYPE OF INSTALLATION',8,0,NULL,NULL,NULL,NULL,NULL),('CFEI_TYPE_OF_WIRING','DRAFT','CFEI_TYPE_OF_WIRING','Type of wiring',NULL,'array','FINAL_ELECTRICAL_INSPECTION','TYPE OF WIRING',4,0,'[\"ALTERATION\",\"CONDUITS\",\"ARMORED CABLE\",\"CABLE\",\"RACEWAYS\",\"OPEN WIRING\"]',NULL,NULL,NULL,1),('CFEI_TYPE_OF_WIRING_OTHERS','DRAFT','CFEI_TYPE_OF_WIRING_OTHERS','Type of wiring ( Others )',NULL,'string','FINAL_ELECTRICAL_INSPECTION','TYPE OF WIRING',5,0,'[:]',NULL,NULL,NULL,NULL),('CFEI_VOLTAGE','DRAFT','CFEI_VOLTAGE','Voltage',NULL,'decimal','FINAL_ELECTRICAL_INSPECTION','TYPE OF SERVICE',6,0,'[:]','V',NULL,NULL,NULL),('CHIMNEY','DRAFT','CHIMNEY','CHIMNEY',NULL,'decimal','ACCESSORIES',NULL,11,0,NULL,'height in meters','J202',NULL,NULL),('CLEARANCE_DURATION','DRAFT','CLEARANCE_DURATION','CLEARANCE DURATION',NULL,'date','HOT_WORKS','INSTRUCTION',2,0,NULL,NULL,NULL,NULL,NULL),('COIN_CHANGER','DRAFT','COIN_CHANGER','COIN CHANGERS',NULL,'integer','ELECTRONIC','C',6,0,NULL,'unit',NULL,NULL,NULL),('COLUMBARIUM','DRAFT','COLUMBARIUM','COLUMBARIUM',NULL,'decimal','ACCESSORIES','CEMETERIES',19,0,NULL,'area in sq.meters','J303',NULL,NULL),('COMPRESSED_AIR_VACUUM','DRAFT','COMPRESSED_AIR_VACUUM','COMPRESSED AIR VACUUM INST. OR INDUSTRIAL GAS',NULL,'integer','MECHANICAL','OTHERS',45,0,NULL,'OUTLET',NULL,NULL,NULL),('CONCRETE_FRAMING','DRAFT','CONCRETE_FRAMING','CONCRETE FRAMING',NULL,'boolean','CIVIL_STRUCTURAL',NULL,7,0,NULL,'unit',NULL,NULL,NULL),('CONCRETE_OR_STEEL_TANK','DRAFT','CONCRETE_OR_STEEL_TANK','REINFORCED CONCRETE OR STEEL TANK',NULL,'decimal','ACCESSORIES',NULL,20,0,NULL,'volume in cu.meter','J205',NULL,NULL),('CONCRETE_OR_STEEL_TANK_UNDERGROUND','DRAFT','CONCRETE_OR_STEEL_TANK_UNDERGROUND','CONCRETE OR STEEL TANK (UNDERGROUND)',NULL,'decimal','ACCESSORIES',NULL,21,0,NULL,'volume in cu.meter','J205',NULL,NULL),('CONSTRUCTION_ELEVATOR','DRAFT','CONSTRUCTION_ELEVATOR','CONSTRUCTION ELEVATOR (FOR MATERIALS)',NULL,'integer','MECHANICAL','ELEVATORS',21,0,NULL,'unit',NULL,NULL,NULL),('CORRIDORS','DRAFT','CORRIDORS','CORRIDORS',NULL,'boolean','ARCHITECTURAL','A',3,0,NULL,'UNIT',NULL,NULL,NULL),('DENTAL_CUSPIDOR','DRAFT','DENTAL_CUSPIDOR','DENTAL CUSPIDOR',NULL,'integer','PLUMBING','SPECIAL',16,0,NULL,'unit',NULL,NULL,NULL),('DIESEL_GASOLINE_ENGINE','DRAFT','DIESEL_GASOLINE_ENGINE','DIESEL/GASOLINE ENGINE',NULL,'decimal','MECHANICAL','OTHERS',44,0,NULL,'KW',NULL,NULL,NULL),('DISTANCE_TO_FIRE_EXITS','DRAFT','DISTANCE_TO_FIRE_EXITS','DISTANCE TO FIRE EXITS',NULL,'decimal','ARCHITECTURAL','C',21,0,NULL,'UNIT',NULL,NULL,NULL),('DOMINANT_LAND_USE','DRAFT','DOMINANT_LAND_USE','Dominant Land Use',NULL,'string','LOCATIONAL_CLEARANCE',NULL,1,0,NULL,NULL,NULL,NULL,0),('DOORS_ENTRANCE_THRESHOLDS','DRAFT','DOORS_ENTRANCE_THRESHOLDS','DOORS, ENTRANCES AND THRESHOLDS',NULL,'boolean','ARCHITECTURAL','A',4,0,NULL,'UNIT',NULL,NULL,NULL),('DRINKING_FOUNTAIN','DRAFT','DRINKING_FOUNTAIN','DRINKING FOUNTAIN',NULL,'integer','PLUMBING','SPECIAL',18,0,NULL,'unit',NULL,NULL,NULL),('DRINKING_FOUNTAINS','DRAFT','DRINKING_FOUNTAINS','DRINKING FOUNTAINS',NULL,'boolean','ARCHITECTURAL','A',13,0,NULL,'UNIT',NULL,NULL,NULL),('DUMBWAITER','DRAFT','DUMBWAITER','DUMBWAITER',NULL,'integer','MECHANICAL','ELEVATORS',20,0,NULL,'unit',NULL,NULL,NULL),('ELECTRIC_METER','DRAFT','ELECTRIC_METER','ELECTRIC METER',NULL,'integer','ELECTRICAL','MISCELLANEOUS',6,0,NULL,'unit',NULL,NULL,NULL),('ELECTRONIC_CONVEYANCE_SYSTEM','DRAFT','ELECTRONIC_CONVEYANCE_SYSTEM','ELECTRONICALLY-CONTROLLED CONVEYENCE SYSTEMS',NULL,'integer','ELECTRONIC','E',22,0,NULL,'TERMINATION',NULL,NULL,NULL),('ELECTRONIC_FIRE_ALARM_SYSTEM','DRAFT','ELECTRONIC_FIRE_ALARM_SYSTEM','ELECTRONIC FIRE ALARM',NULL,'integer','ELECTRONIC','E',19,0,NULL,'TERMINATION',NULL,NULL,NULL),('ELECTRONIC_POLE','DRAFT','ELECTRONIC_POLE','POLES',NULL,'integer','ELECTRONIC','I',31,0,NULL,'POLE',NULL,NULL,NULL),('ELECTRONIC_POLE_ATTACHMENT','DRAFT','ELECTRONIC_POLE_ATTACHMENT','POLE ATTACHMENT',NULL,'integer','ELECTRONIC','I',32,0,NULL,'ATTACHMENT',NULL,NULL,NULL),('ELECTRONIC_PROCESS_CONTROL_SYSTEM','DRAFT','ELECTRONIC_PROCESS_CONTROL_SYSTEM','ELECTRONIC PROCESS CONTROL SYSTEM',NULL,'integer','ELECTRONIC','E',23,0,NULL,'TERMINATION',NULL,NULL,NULL),('ELECTRONIC_SIGNAGE','DRAFT','ELECTRONIC_SIGNAGE','ELECTRONIC INDOOR AND OUTDOOR SIGNAGES AND DISPLAY SYSTEMS',NULL,'integer','ELECTRONIC','H',30,0,NULL,'unit',NULL,NULL,NULL),('EMERGENCY_LIGHTS','DRAFT','EMERGENCY_LIGHTS','EMERGENCY LIGHTS',NULL,'integer','ARCHITECTURAL','C',26,0,NULL,'UNIT',NULL,NULL,NULL),('ENCROACHMENT_FOOTING','DRAFT','ENCROACHMENT_FOOTING','ENCROACHMENT OF FOOTINGS OR FOUNDATIONS OF BLDGS',NULL,'decimal','CIVIL_STRUCTURAL',NULL,5,0,NULL,'area in sq.meters',NULL,NULL,NULL),('ENGINE_NON_LTO','DRAFT','ENGINE_NON_LTO','OTHER INTERNAL COMBUSTION ENGINE (CRANE, FORKLIFT,ETC)',NULL,'decimal','MECHANICAL','OTHERS',48,0,NULL,'KW',NULL,NULL,NULL),('ERECTION','DRAFT','ERECTION','ERECTION/LIFTING',NULL,'boolean','CIVIL_STRUCTURAL',NULL,6,0,NULL,'unit',NULL,NULL,NULL),('ESCALATOR','DRAFT','ESCALATOR','ESCALATOR AND MOVING WALK (KW)',NULL,'decimal','MECHANICAL','ESCALATORS AND MOVING WALKS',10,0,NULL,'KW',NULL,NULL,NULL),('ESCALATOR_LINEAL','DRAFT','ESCALATOR_LINEAL','ESCALATOR AND MOVING WALK (LINEAL METER)',NULL,'decimal','MECHANICAL','ESCALATORS AND MOVING WALKS',11,0,NULL,'LM',NULL,NULL,NULL),('EVALUATION','DRAFT','EVALUATION','Evaluation',NULL,'array','LOCATIONAL_CLEARANCE',NULL,20,0,'[\"CONFORMING\",\"NON CONFORMING\"]',NULL,NULL,NULL,0),('EXCAVATION','DRAFT','EXCAVATION','EXCAVATION',NULL,'decimal','CIVIL_STRUCTURAL',NULL,2,0,NULL,'volume in cu.meter',NULL,NULL,NULL),('EXCAVATION_BASEMENT','DRAFT','EXCAVATION_BASEMENT','EXCAVATION FOR FOUNDATION WITH BASEMENT',NULL,'decimal','EXCAVATION','GROUND PREPARATION AND EXCAVATION',3,0,NULL,'volume in cu.meter',NULL,NULL,NULL),('EXCAVATION_NON_BASEMENT','DRAFT','EXCAVATION_NON_BASEMENT','EXCAVATION OTHER THAN FOUNDATION OR BASEMENT',NULL,'decimal','EXCAVATION','GROUND PREPARATION AND EXCAVATION',4,0,NULL,'volume in cu.meter',NULL,NULL,NULL),('FAUCET','DRAFT','FAUCET','FAUCET',NULL,'integer','PLUMBING','GENERAL',6,0,NULL,'unit',NULL,NULL,NULL),('FENCE_MADE_OF_INDIGENOUS_MATERIAL','DRAFT','FENCE_MADE_OF_INDIGENOUS_MATERIAL','FENCE MADE OF INDIGENOUS MATERIAL,BARBED,CHICKEN OR HOG WIRE',NULL,'decimal','FENCING','FENCING',3,0,NULL,'LM',NULL,NULL,NULL),('FENCE_MADE_OF_MASONRY_METAL_UPTO_1_8_M','DRAFT','FENCE_MADE_OF_MASONRY_METAL_UPTO_1_8_M','FENCE MADE OF MASONRY OR METAL UP TO 1.8 METER IN HEIGHT',NULL,'decimal','FENCING','FENCING',1,0,NULL,'LM',NULL,NULL,NULL),('FENCE_MADE_OF_MASONRY_OR_METAL_ABOVE_1_8_M','DRAFT','FENCE_MADE_OF_MASONRY_OR_METAL_ABOVE_1_8_M','FENCE MADE OF MASONRY OR METAL MORE THAN 1.8 METER IN HEIGHT',NULL,'decimal','FENCING','FENCING',2,0,NULL,'LNM',NULL,NULL,NULL),('FIREWALL','DRAFT','FIREWALL','FIREWALL (SEPARATE FROM BUILDING)',NULL,'decimal','FENCING','FENCING',6,0,NULL,'area in sq.meters',NULL,NULL,NULL),('FIRE_ALARM_COST','DRAFT','FIRE_ALARM_COST','FIRE ALARM COST',NULL,'decimal','BFP_SALES_TAX',NULL,1,0,NULL,'COST',NULL,NULL,NULL),('FIRE_FIGHTING_AND_SAFETY_FACILITIES','DRAFT','FIRE_FIGHTING_AND_SAFETY_FACILITIES','FIRE FIGHTING AND SAFETY FACILITIES',NULL,'integer','ARCHITECTURAL','C',24,0,NULL,'UNIT',NULL,NULL,NULL),('FIRE_SPRINKLER','DRAFT','FIRE_SPRINKLER','AUTOMATIC FIRE SPRINKLER',NULL,'integer','MECHANICAL','OTHERS',43,0,NULL,'HEAD',NULL,NULL,NULL),('FIRE_SUPP_COST','DRAFT','FIRE_SUPP_COST','AUTOMATIC KITCHEN HOOD FIRE SUPPRESSION COST',NULL,'decimal','BFP_SALES_TAX',NULL,4,0,NULL,'COST',NULL,NULL,NULL),('FIRE_WALLS','DRAFT','FIRE_WALLS','FIRE WALLS',NULL,'integer','ARCHITECTURAL','C',23,0,NULL,'UNIT',NULL,NULL,NULL),('FIXED_OVEN','DRAFT','FIXED_OVEN','COMMERCIAL/INDUSTRIAL FIXED OVEN',NULL,'decimal','ACCESSORIES','OVEN',12,0,NULL,'area in sq.meters','J202',NULL,NULL),('FIXED_TYPE_STERILIZER','DRAFT','FIXED_TYPE_STERILIZER','FIXED TYPE STERILIZER',NULL,'integer','PLUMBING','SPECIAL',22,0,NULL,'unit',NULL,NULL,NULL),('FLOOR_AREA','DRAFT','FLOOR_AREA','Floor Area',NULL,'decimal','BUILDING_PERMIT',NULL,1,0,NULL,'SQM',NULL,NULL,0),('FLOOR_DRAIN','DRAFT','FLOOR_DRAIN','FLOOR DRAIN',NULL,'integer','PLUMBING','GENERAL',3,0,NULL,'unit',NULL,NULL,NULL),('FLOOR_FINISHES','DRAFT','FLOOR_FINISHES','FLOOR FINISHES',NULL,'boolean','ARCHITECTURAL','A',12,0,NULL,'UNIT',NULL,NULL,NULL),('FOUNDATION','DRAFT','FOUNDATION','FOUNDATION',NULL,'boolean','CIVIL_STRUCTURAL',NULL,5,0,NULL,'unit',NULL,NULL,NULL),('FREIGHT_ELEVATOR','DRAFT','FREIGHT_ELEVATOR','FREIGHT ELEVATOR',NULL,'integer','MECHANICAL','ELEVATORS',23,0,NULL,'unit',NULL,NULL,NULL),('FUNICULAR','DRAFT','FUNICULAR','FUNICULAR (KW)',NULL,'decimal','MECHANICAL','ESCALATORS AND MOVING WALKS',14,0,NULL,'KW',NULL,NULL,NULL),('FUNICULAR_LINEAL','DRAFT','FUNICULAR_LINEAL','FUNICULAR (LINEAL METER)',NULL,'decimal','MECHANICAL','ESCALATORS AND MOVING WALS',14,0,NULL,'LM',NULL,NULL,NULL),('GARAGE_TRAP','DRAFT','GARAGE_TRAP','GARAGE TRAP',NULL,'integer','PLUMBING','SPECIAL',14,0,NULL,'unit',NULL,NULL,NULL),('GAS_FIRED_WATER_HEATER','DRAFT','GAS_FIRED_WATER_HEATER','GAS FIRED WATER HEATER',NULL,'integer','PLUMBING','SPECIAL',17,0,NULL,'unit',NULL,NULL,NULL),('GAS_METER','DRAFT','GAS_METER','GAS METER',NULL,'integer','MECHANICAL','OTHERS',50,0,NULL,'unit',NULL,NULL,NULL),('GREASE_TRAP','DRAFT','GREASE_TRAP','GREASE TRAP',NULL,'integer','PLUMBING','SPECIAL',13,0,NULL,'unit',NULL,NULL,NULL),('GUYING_ATTACHMENT','DRAFT','GUYING_ATTACHMENT','GUYING ATTACHMENT',NULL,'integer','ELECTRICAL','POLE/ATTACHMENT LOCATION PLAN PERMIT',5,0,NULL,'ATTACHMENT',NULL,NULL,NULL),('HANDRAILS','DRAFT','HANDRAILS','HANDRAILS',NULL,'boolean','ARCHITECTURAL','A',10,0,NULL,'UNIT',NULL,NULL,NULL),('HW_WATCHMAN1','DRAFT','HW_WATCHMAN1','WATCHMAN 1',NULL,'string','HOT_WORKS','INSTRUCTION',20,0,NULL,NULL,NULL,NULL,NULL),('HW_WATCHMAN2','DRAFT','HW_WATCHMAN2','WATCHMAN 2',NULL,'string','HOT_WORKS','INSTRUCTION',22,0,NULL,NULL,NULL,NULL,NULL),('HW_WATCHMAN3','DRAFT','HW_WATCHMAN3','WATCHMAN 3',NULL,'string','HOT_WORKS','INSTRUCTION',23,0,NULL,NULL,NULL,NULL,NULL),('HW_WORKER1','DRAFT','HW_WORKER1','HOT WORKS - WORKER 1',NULL,'string','HOT_WORKS','INSTRUCTION',11,0,NULL,NULL,NULL,NULL,NULL),('HW_WORKER2','DRAFT','HW_WORKER2','HOT WORKS - WORKER 2',NULL,'string','HOT_WORKS','INSTRUCTION',12,0,NULL,NULL,NULL,NULL,NULL),('HW_WORKER3','DRAFT','HW_WORKER3','HOT WORKS - WORKER 3',NULL,'string','HOT_WORKS','INSTRUCTION',12,0,NULL,NULL,NULL,NULL,NULL),('HYDRO_NUCLEAR_SOLAR_GEN_UNIT','DRAFT','HYDRO_NUCLEAR_SOLAR_GEN_UNIT','HYDRO NUCLEAR OR SOLAR GENERATING UNIT',NULL,'decimal','MECHANICAL','OTHERS',44,0,NULL,'KW',NULL,NULL,NULL),('ICE_PLANT','DRAFT','ICE_PLANT','ICE PLANT',NULL,'decimal','MECHANICAL','REFRIGERATION,AIR CONDITIONING AND MECHANICAL VENTILATION',2,0,NULL,'TON',NULL,NULL,NULL),('ILLUMINATED_ADVERTISING_SIGN','DRAFT','ILLUMINATED_ADVERTISING_SIGN','ILLUMINATED ADVERTISING SIGN',NULL,'decimal','SIGN','SIGNAGE',4,0,NULL,'area in sq.meters',NULL,NULL,NULL),('ILLUMINATED_BUSINESS_SIGN','DRAFT','ILLUMINATED_BUSINESS_SIGN','ILLUMINATED BUSINESS SIGN',NULL,'decimal','SIGN','SIGNAGE',3,0,NULL,'area in sq.meters',NULL,NULL,NULL),('INFORMATION_TECHNOLOGY_SYSTEM','DRAFT','INFORMATION_TECHNOLOGY_SYSTEM','INFORMATION TECHNOLOGY SYSTEM (WORKSTATION,SERVER,ROUTER)',NULL,'integer','ELECTRONIC','D',12,0,NULL,'OUTLET',NULL,NULL,NULL),('INSPECTION_DATE','DRAFT','INSPECTION_DATE','Inspection Date',NULL,'date','LOCATIONAL_CLEARANCE',NULL,1,0,NULL,NULL,NULL,NULL,0),('JOBNO','DRAFT','JOBNO','Job No.',NULL,'string','HOT_WORKS','INSTRUCTION',0,0,NULL,NULL,NULL,NULL,NULL),('KILN_FURNACE','DRAFT','KILN_FURNACE','INDUSTRIAL KILN/FURNACE',NULL,'decimal','ACCESSORIES','OVEN',13,0,NULL,'volume in cu.meter','J202',NULL,NULL),('KITCHEN_SINK','DRAFT','KITCHEN_SINK','KITCHEN SINK',NULL,'integer','PLUMBING','GENERAL',10,0,NULL,'unit',NULL,NULL,NULL),('LAB_SINK','DRAFT','LAB_SINK','LABORATORY SINK',NULL,'integer','PLUMBING','SPECIAL',21,0,NULL,'unit',NULL,NULL,NULL),('LAUNDRY_SINK','DRAFT','LAUNDRY_SINK','LAUNDRY SINK',NULL,'integer','PLUMBING','SPECIAL',20,0,NULL,'unit',NULL,NULL,NULL),('LAUNDRY_TRAY','DRAFT','LAUNDRY_TRAY','LAUNDRY TRAY',NULL,'integer','PLUMBING','SPECIAL',20,0,NULL,'unit',NULL,NULL,NULL),('LAVATORY','DRAFT','LAVATORY','LAVATORY',NULL,'integer','PLUMBING','GENERAL',5,0,NULL,'unit',NULL,NULL,NULL),('LIFTS_ELEVATORS','DRAFT','LIFTS_ELEVATORS','LIFTS / ELEVATORS',NULL,'boolean','ARCHITECTURAL','A',6,0,NULL,'UNIT',NULL,NULL,NULL),('LIGHTING_CONTROL','DRAFT','LIGHTING_CONTROL','LIGHTING CONTROLS',NULL,'integer','ELECTRONIC','E',14,0,NULL,'TERMINATION',NULL,NULL,NULL),('LINE_AND_GRADE','DRAFT','LINE_AND_GRADE','LINE AND GRADE',NULL,'decimal','LINE_AND_GRADE',NULL,1,0,NULL,'M',NULL,NULL,NULL),('LOCATION_FINDING_SYSTEM','DRAFT','LOCATION_FINDING_SYSTEM','LOCATION OR DIRECTION-FINDING SYSTEMS',NULL,'integer','ELECTRONIC','C',7,0,NULL,'unit',NULL,NULL,NULL),('LPG_PIPING_COST','DRAFT','LPG_PIPING_COST','LPG PIPING COST',NULL,'decimal','BFP_SALES_TAX',NULL,3,0,NULL,'COST',NULL,NULL,NULL),('MATERIAL_TESTING','DRAFT','MATERIAL_TESTING','MATERIAL TESTING',NULL,'boolean','CIVIL_STRUCTURAL',NULL,12,0,NULL,'unit',NULL,NULL,NULL),('MECHANICAL_VENTILATION','DRAFT','MECHANICAL_VENTILATION','MECHANICAL VENTILATION (BLOWER, FAN)',NULL,'decimal','MECHANICAL','REFRIGERATION,AIR CONDITIONING AND MECHANICAL VENTILATION',6,0,NULL,'KW',NULL,NULL,NULL),('MEDICAL_ELECTRONIC_EQUIPMENT','DRAFT','MEDICAL_ELECTRONIC_EQUIPMENT','ELECTRONIC EQUIPMENT USED FOR MEDICAL (ULTRASOUND AND LAB TESTING) ',NULL,'integer','ELECTRONIC','C',11,0,NULL,'unit',NULL,NULL,NULL),('MOVING_WALK','DRAFT','MOVING_WALK','MOVING WALK',NULL,'decimal','MECHANICAL','ESCALATORS AND MOVING WALKS',12,0,NULL,'KW',NULL,NULL,NULL),('MOVING_WALK_20LM','DRAFT','MOVING_WALK_20LM','MOVING WALK (20 LINEAL METERS OR LESS)',NULL,'decimal','MECHANICAL','ESCALATORS AND MOVING WALKS',13,0,NULL,'KW',NULL,NULL,NULL),('NAVIGATIONAL_EQUIPMENT','DRAFT','NAVIGATIONAL_EQUIPMENT','NAVIGATIONAL EQUIPMENT USED FOR LAND,AERONAUTICAL OR MARITIME APPLICATIONS',NULL,'integer','ELECTRONIC','C',8,0,NULL,'unit',NULL,NULL,NULL),('NEON_ADVERTISING_SIGN','DRAFT','NEON_ADVERTISING_SIGN','NEON ADVERTISING SIGN',NULL,'decimal','SIGN','SIGNAGE',2,0,NULL,'area in sq.meters',NULL,NULL,NULL),('NEON_BUSINESS_SIGN','DRAFT','NEON_BUSINESS_SIGN','NEON BUSINESS SIGN',NULL,'decimal','SIGN','SIGNAGE',1,0,NULL,'area in sq.meters',NULL,NULL,NULL),('NUMBER_AND_WIDTH_OF_EXIT_DOORS','DRAFT','NUMBER_AND_WIDTH_OF_EXIT_DOORS','NUMBER AND WIDTH OF EXIT DOORS',NULL,'integer','ARCHITECTURAL','C',19,0,NULL,'UNIT',NULL,NULL,NULL),('OTHERCONDITION','DRAFT','OTHERCONDITION','Other Condition',NULL,'text','LOCATIONAL_CLEARANCE',NULL,10,0,NULL,NULL,NULL,NULL,NULL),('OTHER_ADVERTISING_SIGN','DRAFT','OTHER_ADVERTISING_SIGN','OTHER ADVERTISING SIGN',NULL,'decimal','SIGN','SIGNAGE',8,0,NULL,'area in sq.meters',NULL,NULL,NULL),('OTHER_BUSINESS_SIGN','DRAFT','OTHER_BUSINESS_SIGN','OTHER BUSINESS SIGN',NULL,'decimal','SIGN','SIGNAGE',7,0,NULL,'area in sq.meters',NULL,NULL,NULL),('OTHER_ELECTRONIC_EQUIPMENT','DRAFT','OTHER_ELECTRONIC_EQUIPMENT','OTHER TYPES OR ELECTRONICS OR ELECTRONICALLY-CONTROLLED EQUIPMENT',NULL,'integer','ELECTRONIC','J',33,0,NULL,'unit',NULL,NULL,NULL),('OTHER_MACHINERY_EQUIPMENT','DRAFT','OTHER_MACHINERY_EQUIPMENT','OTHER MACHINERY/EQUIPMENT',NULL,'decimal','MECHANICAL','OTHERS',50,0,NULL,'volume in cu.meter',NULL,NULL,NULL),('PACKAGED_SPLIT_TYPE_AIRCON','DRAFT','PACKAGED_SPLIT_TYPE_AIRCON','PACKAGED/SPLIT TYPE AIRCONDITIONG',NULL,'decimal','MECHANICAL','REFRIGERATION,AIR CONDITIONING AND MECHANICAL VENTILATION',3,0,NULL,'TON',NULL,NULL,NULL),('PAINTEDON_ADVERTISING_SIGN','DRAFT','PAINTEDON_ADVERTISING_SIGN','PAINTED-ON ADVERTISING SIGN',NULL,'decimal','SIGN','SIGNAGE',6,0,NULL,'area in sq.meters',NULL,NULL,NULL),('PAINTEDON_BUSINESS_SIGN','DRAFT','PAINTEDON_BUSINESS_SIGN','PAINTED-ON BUSINESS SIGN',NULL,'decimal','SIGN','SIGNAGE',5,0,NULL,'area in sq.meters',NULL,NULL,NULL),('PARKING_AREAS','DRAFT','PARKING_AREAS','PARKING AREAS',NULL,'integer','ARCHITECTURAL','A',8,0,NULL,'SLOTS',NULL,NULL,NULL),('PARKING_MANAGEMENT_SYSTEM','DRAFT','PARKING_MANAGEMENT_SYSTEM','PARKING MANAGEMENT SYSTEM',NULL,'integer','ELECTRONIC','E',16,0,NULL,'TERMINATION',NULL,NULL,NULL),('PASSENGER_ELEVATOR','DRAFT','PASSENGER_ELEVATOR','PASSENGER ELEVATOR',NULL,'integer','MECHANICAL','ELEVATORS',22,0,NULL,'unit',NULL,NULL,NULL),('PERCENTAGE_BUILDING_FOOTPRINT','DRAFT','PERCENTAGE_BUILDING_FOOTPRINT','PERCENTAGE OF BUILDING FOOTPRINT',NULL,'decimal','ARCHITECTURAL','B',16,0,NULL,'%',NULL,NULL,NULL),('PERCENTAGE_IMPERVIOUS_SURFACE_AREA','DRAFT','PERCENTAGE_IMPERVIOUS_SURFACE_AREA','PERCENTAGE OF IMPERVIOUS SURFACE AREA',NULL,'decimal','ARCHITECTURAL','B',17,0,NULL,'%',NULL,NULL,NULL),('PERCENTAGE_UNPAVED_SURFACE_AREA','DRAFT','PERCENTAGE_UNPAVED_SURFACE_AREA','PERCENTAGE OF UNPAVED SURFACE AREA',NULL,'decimal','ARCHITECTURAL','B',18,0,NULL,'%',NULL,NULL,NULL),('PHOTO_REPRODUCTION_MACHINE','DRAFT','PHOTO_REPRODUCTION_MACHINE','PHOTOGRAPHY AND REPRODUCTION MACHINES',NULL,'integer','ELECTRONIC','C',9,0,NULL,'unit',NULL,NULL,NULL),('PILING_WORKS','DRAFT','PILING_WORKS','PILING WORKS',NULL,'boolean','CIVIL_STRUCTURAL',NULL,4,0,NULL,'unit',NULL,NULL,NULL),('PNEUMATIC_TUBE_CONVEYOR_MONORAIL','DRAFT','PNEUMATIC_TUBE_CONVEYOR_MONORAIL','PNEUMATIC TUBES, CONVEYORS AND MONORAILS',NULL,'decimal','MECHANICAL','OTHERS',51,0,NULL,'LM',NULL,NULL,NULL),('POWER_PIPING_CUBIC','DRAFT','POWER_PIPING_CUBIC','POWER PIPING (CUBIC)',NULL,'decimal','MECHANICAL','OTHERS',47,0,NULL,'volume in cu.meter',NULL,NULL,NULL),('POWER_PIPING_LINEAL','DRAFT','POWER_PIPING_LINEAL','POWER PIPING (LINEAL METER)',NULL,'decimal','MECHANICAL','OTHERS',46,0,NULL,'LM',NULL,NULL,NULL),('POWER_SUPPLY_POLE_LOCATION','DRAFT','POWER_SUPPLY_POLE_LOCATION','POWER SUPPLY POLE LOCATION',NULL,'integer','ELECTRICAL','POLE/ATTACHMENT LOCATION PLAN PERMIT',4,0,NULL,'POLE',NULL,NULL,NULL),('PRESSURE_VESSEL','DRAFT','PRESSURE_VESSEL','PRESSURE VESSEL',NULL,'decimal','MECHANICAL','OTHERS',49,0,NULL,'volume in cu.meter',NULL,NULL,NULL),('PRESSURIZED_WATER_HEATER','DRAFT','PRESSURIZED_WATER_HEATER','PRESSURIZED WATER HEATER',NULL,'integer','MECHANICAL','OTHERS',40,0,NULL,'unit',NULL,NULL,NULL),('PRESTRESS_WORKS','DRAFT','PRESTRESS_WORKS','PRESTRESS WORKS',NULL,'boolean','CIVIL_STRUCTURAL',NULL,11,0,NULL,'unit',NULL,NULL,NULL),('PROJECTCLASS','DRAFT','PROJECTCLASS','Project Classification','PROJECT CLASSIFICATION','lookup','LOCATIONAL_CLEARANCE',NULL,5,0,'[:]',NULL,NULL,'PROJECTCLASS',0),('PROJTYPE','DRAFT','PROJTYPE','Project Type',NULL,'string','LOCATIONAL_CLEARANCE',NULL,10,0,NULL,NULL,NULL,NULL,NULL),('PUBLIC_TELEPHONES','DRAFT','PUBLIC_TELEPHONES','PUBLIC TELEPHONES',NULL,'boolean','ARCHITECTURAL','A',14,0,NULL,'UNIT',NULL,NULL,NULL),('PUMP','DRAFT','PUMP','PUMP',NULL,'decimal','MECHANICAL','OTHERS',42,0,NULL,'KW',NULL,NULL,NULL),('RAMPS','DRAFT','RAMPS','RAMPS',NULL,'integer','ARCHITECTURAL','A',7,0,NULL,'SLOTS',NULL,NULL,NULL),('REFRIGERATION','DRAFT','REFRIGERATION','REFRIGERATION (COLD STORAGE)',NULL,'decimal','MECHANICAL','REFRIGERATION,AIR CONDITIONING AND MECHANICAL VENTILATION',1,0,NULL,'TON',NULL,NULL,NULL),('RIGHT_OVERLAND','DRAFT','RIGHT_OVERLAND','Right Overland',NULL,'string','LOCATIONAL_CLEARANCE',NULL,10,0,NULL,NULL,NULL,NULL,NULL),('SCAFFOLDING','DRAFT','SCAFFOLDING','SCAFFOLDING',NULL,'decimal','SCAFFOLDING','SCAFFOLDING',1,0,NULL,'LM',NULL,NULL,NULL),('SEATING_ACCOMODATIONS','DRAFT','SEATING_ACCOMODATIONS','SEATING ACCOMODATIONS',NULL,'boolean','ARCHITECTURAL','A',15,0,NULL,'UNIT',NULL,NULL,NULL),('SECURITY_ALARM_SYSTEM','DRAFT','SECURITY_ALARM_SYSTEM','SECURITY AND ALARM SYSTEMS',NULL,'integer','ELECTRONIC','E',13,0,NULL,'TERMINATION',NULL,NULL,NULL),('SEMI_ENCLOSED_MAUSOLEUM','DRAFT','SEMI_ENCLOSED_MAUSOLEUM','SEMI-ENCLOSED MAUSOLEUM','Canopied or not, per sqm of built up area','decimal','ACCESSORIES','CEMETERIES',17,0,NULL,'area in sq.meters','J303',NULL,NULL),('SEPTIC_TANK','DRAFT','SEPTIC_TANK','SEPTIC TANK',NULL,'decimal','PLUMBING','OTHERS',40,0,NULL,'volume in cu.meter',NULL,NULL,NULL),('SEWAGE_PUMP','DRAFT','SEWAGE_PUMP','SEWAGE PUMP',NULL,'decimal','MECHANICAL','OTHERS',41,0,NULL,'KW',NULL,NULL,NULL),('SHOWER_HEAD','DRAFT','SHOWER_HEAD','SHOWER HEAD',NULL,'integer','PLUMBING','GENERAL',7,0,NULL,'unit',NULL,NULL,NULL),('SIGNAGE_ERECTION_AND_ANCHORAGE_OF_DISPLAY_SURFACE','DRAFT','SIGNAGE_ERECTION_AND_ANCHORAGE_OF_DISPLAY_SURFACE','ERECTION AND ANCHORAGE OF DISPLAY SURFACE',NULL,'decimal','SIGN',NULL,0,0,NULL,'area in sq.meters',NULL,NULL,NULL),('SIGNAL_LIGHT','DRAFT','SIGNAL_LIGHT','SIGNAL LIGHTS',NULL,'integer','ELECTRONIC','E',18,0,NULL,'TERMINATION',NULL,NULL,NULL),('SINK','DRAFT','SINK','SINK',NULL,'integer','PLUMBING','GENERAL',4,0,NULL,'unit',NULL,NULL,NULL),('SLABS','DRAFT','SLABS','SLABS',NULL,'boolean','CIVIL_STRUCTURAL',NULL,9,0,NULL,'unit',NULL,NULL,NULL),('SLOP_SINK','DRAFT','SLOP_SINK','SLOP SINK',NULL,'integer','PLUMBING','SPECIAL',10,0,NULL,'unit',NULL,NULL,NULL),('SMOKESTACK','DRAFT','SMOKESTACK','SMOKESTACK',NULL,'decimal','ACCESSORIES',NULL,10,0,NULL,'height in meters','J202',NULL,NULL),('SMOKE_DETECTORS','DRAFT','SMOKE_DETECTORS','SMOKE DETECTORS',NULL,'integer','ARCHITECTURAL','C',25,0,NULL,'UNIT',NULL,NULL,NULL),('SODA_FOUNTAIN_SINK','DRAFT','SODA_FOUNTAIN_SINK','SODA FOUNTAIN SINK',NULL,'integer','PLUMBING','SPECIAL',19,0,NULL,'unit',NULL,NULL,NULL),('SOIL_STABILIZATION','DRAFT','SOIL_STABILIZATION','SOIL STABILIZATION',NULL,'boolean','CIVIL_STRUCTURAL',NULL,3,0,NULL,'unit',NULL,NULL,NULL),('SOUND_COMMUNICATION_SYSTEM','DRAFT','SOUND_COMMUNICATION_SYSTEM','SOUND COMMUNICATION SYSTEMS',NULL,'integer','ELECTRONIC','E',20,0,NULL,'TERMINATION',NULL,NULL,NULL),('SPRINKLER_COST','DRAFT','SPRINKLER_COST','SPRINKLER COST',NULL,'decimal','BFP_SALES_TAX',NULL,2,0,NULL,'COST',NULL,NULL,NULL),('STAIRS','DRAFT','STAIRS','STAIRS',NULL,'boolean','ARCHITECTURAL','A',1,0,NULL,'unit',NULL,NULL,NULL),('STAKING','DRAFT','STAKING','STAKING',NULL,'boolean','CIVIL_STRUCTURAL',NULL,1,0,NULL,'unit',NULL,NULL,NULL),('STEAM_GAS_TURBINE_ENGINE','DRAFT','STEAM_GAS_TURBINE_ENGINE','STEAM/GAS TURBINE ENGINE',NULL,'decimal','MECHANICAL','OTHERS',44,0,NULL,'KW',NULL,NULL,NULL),('STEEL_TOWER','DRAFT','STEEL_TOWER','STEEL TOWERS',NULL,'boolean','CIVIL_STRUCTURAL',NULL,13,0,NULL,'unit',NULL,NULL,NULL),('STORAGE_SILO','DRAFT','STORAGE_SILO','STORAGE SILO',NULL,'decimal','ACCESSORIES',NULL,9,0,NULL,'height in meters','J101',NULL,NULL),('STRUCTURAL_STEEL_FRAMING','DRAFT','STRUCTURAL_STEEL_FRAMING','STRUCTURAL STEEL FRAMING',NULL,'boolean','CIVIL_STRUCTURAL',NULL,8,0,NULL,'unit',NULL,NULL,NULL),('STUDIO','DRAFT','STUDIO','STUDIOS (AUDIO,VIDEO PRODUCTION)',NULL,'integer','ELECTRONIC','F',26,0,NULL,'LOCATION',NULL,NULL,NULL),('SURVEILLANCE_SYSTEM','DRAFT','SURVEILLANCE_SYSTEM','MONITORING AND SURVEILLLANCE SYSTEM',NULL,'integer','ELECTRONIC','E',15,0,NULL,'TERMINATION',NULL,NULL,NULL),('SWIMMING_POOL','DRAFT','SWIMMING_POOL','SWIMMING POOL',NULL,'decimal','ACCESSORIES',NULL,3,0,NULL,'volume in cu.meter','J203',NULL,NULL),('SWIMMING_POOL_SHOWER_LOCKER_ROOM','DRAFT','SWIMMING_POOL_SHOWER_LOCKER_ROOM','SWIMMING POOL SHOWER/LOCKER ROOM',NULL,'integer','ACCESSORIES',NULL,5,0,NULL,'unit','J203',NULL,NULL),('SWIMMING_POOL_USING_INDIGENOUS_MATERIALS','DRAFT','SWIMMING_POOL_USING_INDIGENOUS_MATERIALS','SWIMMING POOL USING INDIGENOUS MATERIALS',NULL,'decimal','ACCESSORIES',NULL,4,0,NULL,'volume in cu.meter','J203',NULL,NULL),('SWITCH_CONTROL_BUZZERS','DRAFT','SWITCH_CONTROL_BUZZERS','SWITCHES, CONTROLS, BUZZERS',NULL,'boolean','ARCHITECTURAL','A',9,0,NULL,'UNIT',NULL,NULL,NULL),('TANKS','DRAFT','TANKS','TANKS',NULL,'boolean','CIVIL_STRUCTURAL',NULL,14,0,NULL,'unit',NULL,NULL,NULL),('TELECOM_SYSTEM','DRAFT','TELECOM_SYSTEM','TELECOMMUNICATION SYSTEM',NULL,'integer','ELECTRONIC','A',1,0,NULL,'PORT',NULL,NULL,NULL),('TELEPHONE_BOOTH','DRAFT','TELEPHONE_BOOTH','TELEPHONE BOOTHS / PAY PHONE',NULL,'integer','ELECTRONIC','C',5,0,NULL,'unit',NULL,NULL,NULL),('THEATER','DRAFT','THEATER','THEATER',NULL,'integer','ELECTRONIC','F',28,0,NULL,'LOCATION',NULL,NULL,NULL),('THRESHOLDS','DRAFT','THRESHOLDS','THRESHOLDS',NULL,'boolean','ARCHITECTURAL','A',11,0,NULL,'UNIT',NULL,NULL,NULL),('TOMB','DRAFT','TOMB','TOMB','Area per covered ground','decimal','ACCESSORIES','CEMETERIES',16,0,NULL,'area in sq.meters','J303',NULL,NULL),('TOTALLY_ENCLOSED_MAUSOLEUM','DRAFT','TOTALLY_ENCLOSED_MAUSOLEUM','TOTALLY ENCLOSED MAUSOLEUM',NULL,'decimal','ACCESSORIES','CEMETERIES',18,0,NULL,'area in sq.meters','J303',NULL,NULL),('TOTAL_CONNECTED_LOAD','DRAFT','TOTAL_CONNECTED_LOAD','TOTAL CONNECTED LOAD',NULL,'decimal','ELECTRICAL','GENERAL',1,0,NULL,'KVA',NULL,NULL,NULL),('TOTAL_GENERATOR_UPS_CAPACITY','DRAFT','TOTAL_GENERATOR_UPS_CAPACITY','TOTAL GENERATOR/UPS CAPACITY','TGC','decimal','ELECTRICAL','GENERAL',3,0,NULL,'KVA',NULL,NULL,NULL),('TOTAL_TRANSFORMER_CAPACITY','DRAFT','TOTAL_TRANSFORMER_CAPACITY','TOTAL TRANSFORMER CAPACITY',NULL,'decimal','ELECTRICAL','GENERAL',2,0,NULL,'KVA',NULL,NULL,NULL),('TOWER_AND_OTHER_STRUCTURE_SELF_SUPPORTING','DRAFT','TOWER_AND_OTHER_STRUCTURE_SELF_SUPPORTING','TOWER AND OTHER STRUCTURES (SELF-SUPPORTING)','TV AND RADIO TOWER, WATER TANK SUPPORTING STRUCTURES','decimal','ACCESSORIES',NULL,7,0,NULL,'height in meters','J202',NULL,NULL),('TOWER_AND_OTHER_STRUCTURE_TRILON_GUYED','DRAFT','TOWER_AND_OTHER_STRUCTURE_TRILON_GUYED','TOWER AND OTHER STRUCTURE (TRILON GUYED)','TV AND RADIO TOWER, WATER TANK SUPPORTING STRUCTURES','decimal','ACCESSORIES',NULL,8,0,NULL,'height in meters','J202',NULL,NULL),('URINAL','DRAFT','URINAL','URINAL',NULL,'integer','PLUMBING','SPECIAL',11,0,NULL,'unit',NULL,NULL,NULL),('VENDING_DISPENSING_MACHINE','DRAFT','VENDING_DISPENSING_MACHINE','VENDING AND OTHER TYPES OF ELECTRONIC DISPENSING MACHINES',NULL,'integer','ELECTRONIC','C',4,0,NULL,'unit',NULL,NULL,NULL),('WALKWAYS','DRAFT','WALKWAYS','WALKWAYS',NULL,'boolean','ARCHITECTURAL','A',2,0,NULL,'UNIT',NULL,NULL,NULL),('WALLS','DRAFT','WALLS','WALLS',NULL,'boolean','CIVIL_STRUCTURAL',NULL,10,0,NULL,'unit',NULL,NULL,NULL),('WASHROOM_AND_TOILETS','DRAFT','WASHROOM_AND_TOILETS','WASH ROOMS AND TOILETS',NULL,'boolean','ARCHITECTURAL','A',5,0,NULL,'UNIT',NULL,NULL,NULL),('WATER_AND_WASTE_WATER_TREATMENT_TANK','DRAFT','WATER_AND_WASTE_WATER_TREATMENT_TANK','WATER AND WASTE WATER TREATMENT TANK','Incuding Cisterns, Sedimentation, and Chemical Treatment','decimal','ACCESSORIES',NULL,15,0,NULL,'volume in cu.meter','J205',NULL,NULL),('WATER_CLOSET','DRAFT','WATER_CLOSET','WATER CLOSET',NULL,'integer','PLUMBING','GENERAL',2,0,NULL,'unit',NULL,NULL,NULL),('WATER_METER','DRAFT','WATER_METER','WATER METER',NULL,'integer','PLUMBING','OTHERS',23,0,NULL,'unit',NULL,NULL,NULL),('WATER_METER_12_25','DRAFT','WATER_METER_12_25','WATER METER (12-25 mm ├ÿ )',NULL,'integer','PLUMBING','OTHERS',23,0,NULL,'unit',NULL,NULL,NULL),('WATER_METER_25','DRAFT','WATER_METER_25','WATER METER (ABOVE 25 mm ├ÿ)',NULL,'integer','PLUMBING','OTHERS',31,0,NULL,'unit',NULL,NULL,NULL),('WATER_SUMP','DRAFT','WATER_SUMP','WATER SUMP',NULL,'decimal','MECHANICAL','OTHERS',41,0,NULL,'KW',NULL,NULL,NULL),('WELDING_MACHINE','DRAFT','WELDING_MACHINE','WELDING/OXY-ACETYLENE MACHINE',NULL,'integer','HOT_WORKS',NULL,100,0,NULL,'unit',NULL,NULL,NULL),('WIDTH_OF_CORRIDORS','DRAFT','WIDTH_OF_CORRIDORS','WIDTH OF CORRIDORS',NULL,'decimal','ARCHITECTURAL','C',20,0,NULL,'UNIT',NULL,NULL,NULL),('WINDOW_TYPE_AIRCON','DRAFT','WINDOW_TYPE_AIRCON','WINDOW TYPE AIRCONDITIONING',NULL,'integer','MECHANICAL','REFRIGERATION,AIR CONDITIONING AND MECHANICAL VENTILATION',5,0,NULL,'EA',NULL,NULL,NULL),('XRAY_SCANNER','DRAFT','XRAY_SCANNER',' X-RAY SCANNERS',NULL,'integer','ELECTRONIC','C',10,0,NULL,'unit',NULL,NULL,NULL),('ZONE','DRAFT','ZONE','Zone',NULL,'string','LOCATIONAL_CLEARANCE',NULL,2,0,NULL,NULL,NULL,NULL,NULL),('ZONECLASS','DRAFT','ZONECLASS','Zone Class',NULL,'lookup','LOCATIONAL_CLEARANCE',NULL,1,0,'[:]',NULL,NULL,'ZONECLASS',NULL);
/*!40000 ALTER TABLE `obo_variable` ENABLE KEYS */;
UNLOCK TABLES;

--
-- Table structure for table `obo_work_type`
--

DROP TABLE IF EXISTS `obo_work_type`;
/*!40101 SET @saved_cs_client     = @@character_set_client */;
/*!40101 SET character_set_client = utf8 */;
CREATE TABLE `obo_work_type` (
  `objid` varchar(50) NOT NULL,
  `doctypeid` varchar(50) DEFAULT NULL,
  `description` text,
  `idx` int(11) DEFAULT NULL,
  PRIMARY KEY (`objid`) USING BTREE,
  KEY `fk_obo_work_type_doctypeid` (`doctypeid`) USING BTREE,
  CONSTRAINT `fk_obo_work_type_doctypeid` FOREIGN KEY (`doctypeid`) REFERENCES `obo_doctype` (`objid`)
) ENGINE=InnoDB DEFAULT CHARSET=utf8;
/*!40101 SET character_set_client = @saved_cs_client */;

--
-- Dumping data for table `obo_work_type`
--

LOCK TABLES `obo_work_type` WRITE;
/*!40000 ALTER TABLE `obo_work_type` DISABLE KEYS */;
INSERT INTO `obo_work_type` VALUES ('ADDITION','BUILDING_PERMIT','ADDITION',1),('ALTERATION','BUILDING_PERMIT','ALTERATION',3),('DEMOLITION','BUILDING_PERMIT','DEMOLITION',4),('ORIGINAL','BUILDING_PERMIT','ORIGINAL',0),('RENOVATION','BUILDING_PERMIT','RENOVATION',2);
/*!40000 ALTER TABLE `obo_work_type` ENABLE KEYS */;
UNLOCK TABLES;

--
-- Table structure for table `occupancy_certificate`
--

DROP TABLE IF EXISTS `occupancy_certificate`;
/*!40101 SET @saved_cs_client     = @@character_set_client */;
/*!40101 SET character_set_client = utf8 */;
CREATE TABLE `occupancy_certificate` (
  `objid` varchar(50) NOT NULL,
  `taskid` varchar(50) DEFAULT NULL,
  `bldgpermitid` varchar(50) DEFAULT NULL,
  `totalmaterialcost` decimal(16,2) DEFAULT NULL,
  `totaldirectlaborcost` decimal(16,2) DEFAULT NULL,
  `totalequipmentcost` decimal(16,2) DEFAULT NULL,
  `totalothercost` decimal(16,2) DEFAULT NULL,
  `occupancytypeid` varchar(50) DEFAULT NULL,
  `actualnumunits` smallint(3) DEFAULT NULL,
  `actualtotalfloorarea` decimal(16,2) DEFAULT NULL,
  `actualheight` decimal(16,2) DEFAULT NULL,
  `actualnumfloors` smallint(255) DEFAULT NULL,
  `dtactualstarted` date DEFAULT NULL,
  `dtactualcompleted` date DEFAULT NULL,
  `inspectiondate` datetime DEFAULT NULL,
  `supervisorid` varchar(50) DEFAULT NULL,
  `contractor_name` varchar(255) DEFAULT NULL,
  `contractor_address` varchar(255) DEFAULT NULL,
  `contractor_pcab_idno` varchar(50) DEFAULT NULL,
  `contractor_pcab_dtvalid` date DEFAULT NULL,
  `contractor_tin` varchar(50) DEFAULT NULL,
  `contractor_manager_name` varchar(255) DEFAULT NULL,
  `contractor_manager_email` varchar(255) DEFAULT NULL,
  `actualfixedcost` decimal(16,2) DEFAULT NULL,
  `actualprojectcost` decimal(16,2) DEFAULT NULL,
  `occupancystate` int(255) DEFAULT NULL,
  `amount` decimal(16,2) DEFAULT NULL,
  PRIMARY KEY (`objid`) USING BTREE,
  KEY `fk_occupancy_permit_supervisorid` (`supervisorid`) USING BTREE,
  KEY `fk_occupancy_permit_taskid` (`taskid`) USING BTREE,
  KEY `fk_occupancy_permit_bldgpermitid` (`bldgpermitid`) USING BTREE,
  KEY `fk_occupancy_certificate_occupancytypeid` (`occupancytypeid`),
  CONSTRAINT `fk_occupancy_certificate_bldgpermitid` FOREIGN KEY (`bldgpermitid`) REFERENCES `building_permit` (`objid`),
  CONSTRAINT `fk_occupancy_certificate_objid` FOREIGN KEY (`objid`) REFERENCES `obo_app` (`objid`),
  CONSTRAINT `fk_occupancy_certificate_occupancytypeid` FOREIGN KEY (`occupancytypeid`) REFERENCES `obo_occupancy_type` (`objid`),
  CONSTRAINT `fk_occupancy_certificate_supervisorid` FOREIGN KEY (`supervisorid`) REFERENCES `obo_professional_info` (`objid`),
  CONSTRAINT `fk_occupancy_certificate_taskid` FOREIGN KEY (`taskid`) REFERENCES `occupancy_certificate_task` (`taskid`)
) ENGINE=InnoDB DEFAULT CHARSET=utf8;
/*!40101 SET character_set_client = @saved_cs_client */;

--
-- Dumping data for table `occupancy_certificate`
--

LOCK TABLES `occupancy_certificate` WRITE;
/*!40000 ALTER TABLE `occupancy_certificate` DISABLE KEYS */;
/*!40000 ALTER TABLE `occupancy_certificate` ENABLE KEYS */;
UNLOCK TABLES;

--
-- Table structure for table `occupancy_certificate_task`
--

DROP TABLE IF EXISTS `occupancy_certificate_task`;
/*!40101 SET @saved_cs_client     = @@character_set_client */;
/*!40101 SET character_set_client = utf8 */;
CREATE TABLE `occupancy_certificate_task` (
  `taskid` varchar(50) NOT NULL,
  `refid` varchar(50) DEFAULT NULL,
  `parentprocessid` varchar(50) DEFAULT NULL,
  `state` varchar(50) DEFAULT NULL,
  `startdate` datetime DEFAULT NULL,
  `enddate` datetime DEFAULT NULL,
  `assignee_objid` varchar(50) DEFAULT NULL,
  `assignee_name` varchar(100) DEFAULT NULL,
  `actor_objid` varchar(50) DEFAULT NULL,
  `actor_name` varchar(100) DEFAULT NULL,
  `message` varchar(255) DEFAULT NULL,
  `dtcreated` datetime DEFAULT NULL,
  `prevtaskid` varchar(50) DEFAULT NULL,
  PRIMARY KEY (`taskid`) USING BTREE,
  KEY `FK_obo_subproc_task_refid` (`refid`) USING BTREE,
  KEY `ix_refid` (`refid`) USING BTREE,
  KEY `ix_parentprocessid` (`parentprocessid`) USING BTREE,
  KEY `ix_startdate` (`startdate`) USING BTREE,
  KEY `ix_enddate` (`enddate`) USING BTREE,
  KEY `ix_assignee_objid` (`assignee_objid`) USING BTREE,
  KEY `ix_actor_objid` (`actor_objid`) USING BTREE,
  KEY `ix_dtcreated` (`dtcreated`) USING BTREE,
  KEY `ix_prevtaskid` (`prevtaskid`) USING BTREE,
  CONSTRAINT `fk_occupancy_application_task_refid` FOREIGN KEY (`refid`) REFERENCES `occupancy_certificate` (`objid`)
) ENGINE=InnoDB DEFAULT CHARSET=utf8;
/*!40101 SET character_set_client = @saved_cs_client */;

--
-- Dumping data for table `occupancy_certificate_task`
--

LOCK TABLES `occupancy_certificate_task` WRITE;
/*!40000 ALTER TABLE `occupancy_certificate_task` DISABLE KEYS */;
/*!40000 ALTER TABLE `occupancy_certificate_task` ENABLE KEYS */;
UNLOCK TABLES;

--
-- Table structure for table `occupancy_rpu`
--

DROP TABLE IF EXISTS `occupancy_rpu`;
/*!40101 SET @saved_cs_client     = @@character_set_client */;
/*!40101 SET character_set_client = utf8 */;
CREATE TABLE `occupancy_rpu` (
  `objid` varchar(50) NOT NULL,
  `state` int(1) DEFAULT NULL,
  `dtcreated` datetime DEFAULT NULL,
  `appid` varchar(50) DEFAULT NULL,
  `faasid` varchar(50) DEFAULT NULL,
  `tdno` varchar(50) DEFAULT NULL,
  `txnmode` varchar(50) DEFAULT NULL,
  `truecopycertid` varchar(50) DEFAULT NULL,
  `noaid` varchar(50) DEFAULT NULL,
  PRIMARY KEY (`objid`) USING BTREE,
  UNIQUE KEY `fk_occupancy_rpt_inspection` (`appid`) USING BTREE,
  CONSTRAINT `fk_occupancy_rpu_appid` FOREIGN KEY (`appid`) REFERENCES `occupancy_certificate` (`objid`)
) ENGINE=InnoDB DEFAULT CHARSET=utf8;
/*!40101 SET character_set_client = @saved_cs_client */;

--
-- Dumping data for table `occupancy_rpu`
--

LOCK TABLES `occupancy_rpu` WRITE;
/*!40000 ALTER TABLE `occupancy_rpu` DISABLE KEYS */;
/*!40000 ALTER TABLE `occupancy_rpu` ENABLE KEYS */;
UNLOCK TABLES;

--
-- Table structure for table `sys_email_queue`
--

DROP TABLE IF EXISTS `sys_email_queue`;
/*!40101 SET @saved_cs_client     = @@character_set_client */;
/*!40101 SET character_set_client = utf8 */;
CREATE TABLE `sys_email_queue` (
  `objid` varchar(50) NOT NULL,
  `refid` varchar(50) DEFAULT NULL,
  `state` int(1) DEFAULT NULL,
  `reportid` varchar(50) DEFAULT NULL,
  `dtsent` datetime DEFAULT NULL,
  `to` varchar(255) DEFAULT NULL,
  `subject` varchar(255) DEFAULT NULL,
  `message` mediumtext,
  `errmsg` varchar(255) DEFAULT NULL,
  `connection` varchar(50) DEFAULT NULL,
  PRIMARY KEY (`objid`) USING BTREE
) ENGINE=InnoDB DEFAULT CHARSET=utf8;
/*!40101 SET character_set_client = @saved_cs_client */;

--
-- Dumping data for table `sys_email_queue`
--

LOCK TABLES `sys_email_queue` WRITE;
/*!40000 ALTER TABLE `sys_email_queue` DISABLE KEYS */;
/*!40000 ALTER TABLE `sys_email_queue` ENABLE KEYS */;
UNLOCK TABLES;

--
-- Table structure for table `sys_email_template`
--

DROP TABLE IF EXISTS `sys_email_template`;
/*!40101 SET @saved_cs_client     = @@character_set_client */;
/*!40101 SET character_set_client = utf8 */;
CREATE TABLE `sys_email_template` (
  `objid` varchar(50) NOT NULL,
  `subject` varchar(255) DEFAULT NULL,
  `message` mediumtext,
  PRIMARY KEY (`objid`) USING BTREE
) ENGINE=InnoDB DEFAULT CHARSET=utf8;
/*!40101 SET character_set_client = @saved_cs_client */;

--
-- Dumping data for table `sys_email_template`
--

LOCK TABLES `sys_email_template` WRITE;
/*!40000 ALTER TABLE `sys_email_template` DISABLE KEYS */;
INSERT INTO `sys_email_template` VALUES ('building_permit_email_attachment','APPROVED BUILDING PERMIT','Dear <b>${contact.name}</b>, <br>\r\n<br>\r\nWe are happy to inform you that your application for Building Permit is already approved by our office. <br>\r\n<br>\r\nRelative thereto, attached are the advance electronic copies of said permit and the corresponding clearances for your immediate reference. You may now also claim the hard copies of your permit in our office at your most convenient time. <br>\r\n<br>\r\nThank you very much. <br>\r\n<br>\r\n<br>\r\n<b>The Gensan OSCP Team</b>'),('obo_app_claimstub','${doctitle} APPLICATION - CLAIM STUB.','Dear <b>${contact.name}</b>, <br>\r\n\r<br>\nGood day! Please be informed that your application for ${doctitle} with tracking no. ${trackingno} was already accepted. We will now proceed with the technical evaluation process. \r\nFor reference, your application number is \r\n\r<br>\n<h2>${appno}</h2>\r\n\r<br>\nPlease use this number to follow up on the progress of your application. To check the progress of your application\r online, \nyou may visit our website through this link: <a href=\"https://www.filipizen.com/partners/albay_legazpi/services/obo/monitorbuildingpermit?appno=${appno}\">link</a>\r\n<br>\r\n<br>\nRegards, <br>\r\n<br>\n<b>The Gensan OSCP Team</b>'),('obo_assessment','${doctitle} APPLICATION - ORDER OF PAYMENT','Dear <b>${contact.name}</b>, <br>\r\n<br>\r\nThis has reference to your application for ${doctitle} with our office. <br>\r\n<br>\r\nRelative thereto, attached is a copy of the Order of Payment for said application. Kindly pay the necessary fees, through our cashier or online payment in the City\'s website, for us to continue with the processing and approval of your application. <br>\r\n<br>\r\nThank you. <br>\r\n<br>\r\n<br>\r\n<b>The Gensan OSCP Team</b>'),('occupancy_certificate','APPROVED CERTIFICATE OF OCCUPANCY','Dear <b>${contact.name}</b>, <br>\n<br>\nWe are happy to inform you that your application for Certificate of Occupancy is already approved by our office. <br>\n<br>\nRelative thereto, attached are the advance electronic copies of said permit and the corresponding clearances for your immediate reference. You may now also claim the hard copies of your permit in our office at your most convenient time. <br>\n<br>\nThank you very much. <br>\n<br>\n<br>\n<b>The Gensan OSCP Team</b>'),('requirement_transmittal','${doctitle} Requirements Verification','Dear <b>${contact.name}</b>, <br>\n\n<br>\nWe have checked your submitted requirements and found out some deficiencies/lacking documents. <br>\n<br>\nRelative thereto, attached is a copy of the checklist of said deficiencies/lacking documents. Kindly submit them to our office for us to continue the re-evaluation and processing of your application. \n<br>\n<br>\nThank you. <br>\n\n<br>\n<br>\nRegards, <br>\n\n<br>\n<b>The Legazpi OBO Team</b>'),('trade_evaluation_transmittal','TRADE EVALUATION - APPLICATION EVALUATION SHEET','Dear <b>${contact.name}</b>, <br>\n\n<br>\nThis has reference to your application for Building Permit with our office. <br>\n\n<br>\nRelative thereto, attached is a copy of the findings and recommendations of our technical evaluators for the said application. Kindly proceed to our office, retrieve your submitted documents, and make the necessary corrections based on our findings and recommendations. Afterwhich, please return the complete documents with the necessary corrections to our office for us to continue the re-evaluation and processing of your application. <br>\n<br>\nThank you. <br>\n\n<br>\n<br>\nRegards, <br>'),('zoning_evaluation_transmittal','ZONING EVALUATION - APPLICATION EVALUATION SHEET','Dear <b>${contact.name}</b>, <br>\n\n<br>\nThis has reference to your application for Building Permit with our office. <br>\n\n<br>\nRelative thereto, attached is a copy of the findings and recommendations of our technical evaluators for the said application. Kindly proceed to our office, retrieve your submitted documents, and make the necessary corrections based on our findings and recommendations. Afterwhich, please return the complete documents with the necessary corrections to our office for us to continue the re-evaluation and processing of your application. <br>\n<br>\nThank you. <br>\n\n<br>\n<br>\nRegards, <br>\n\n<br>\n<b>The Gensan OSCP Team</b>');
/*!40000 ALTER TABLE `sys_email_template` ENABLE KEYS */;
UNLOCK TABLES;

--
-- Table structure for table `sys_file`
--

DROP TABLE IF EXISTS `sys_file`;
/*!40101 SET @saved_cs_client     = @@character_set_client */;
/*!40101 SET character_set_client = utf8 */;
CREATE TABLE `sys_file` (
  `objid` varchar(50) NOT NULL,
  `title` varchar(50) DEFAULT NULL,
  `filetype` varchar(50) DEFAULT NULL,
  `dtcreated` datetime DEFAULT NULL,
  `createdby_objid` varchar(50) DEFAULT NULL,
  `createdby_name` varchar(255) DEFAULT NULL,
  `keywords` varchar(255) DEFAULT NULL,
  `description` text,
  PRIMARY KEY (`objid`),
  KEY `ix_dtcreated` (`dtcreated`),
  KEY `ix_createdby_objid` (`createdby_objid`),
  KEY `ix_keywords` (`keywords`),
  KEY `ix_title` (`title`)
) ENGINE=InnoDB DEFAULT CHARSET=utf8;
/*!40101 SET character_set_client = @saved_cs_client */;

--
-- Dumping data for table `sys_file`
--

LOCK TABLES `sys_file` WRITE;
/*!40000 ALTER TABLE `sys_file` DISABLE KEYS */;
/*!40000 ALTER TABLE `sys_file` ENABLE KEYS */;
UNLOCK TABLES;

--
-- Table structure for table `sys_fileitem`
--

DROP TABLE IF EXISTS `sys_fileitem`;
/*!40101 SET @saved_cs_client     = @@character_set_client */;
/*!40101 SET character_set_client = utf8 */;
CREATE TABLE `sys_fileitem` (
  `objid` varchar(50) NOT NULL,
  `state` varchar(50) DEFAULT NULL,
  `parentid` varchar(50) DEFAULT NULL,
  `dtcreated` datetime DEFAULT NULL,
  `createdby_objid` varchar(50) DEFAULT NULL,
  `createdby_name` varchar(255) DEFAULT NULL,
  `caption` varchar(155) DEFAULT NULL,
  `remarks` varchar(255) DEFAULT NULL,
  `filelocid` varchar(50) DEFAULT NULL,
  `filesize` int(11) DEFAULT NULL,
  `thumbnail` text,
  PRIMARY KEY (`objid`),
  KEY `ix_parentid` (`parentid`),
  KEY `ix_filelocid` (`filelocid`),
  CONSTRAINT `fk_sys_fileitem_parentid` FOREIGN KEY (`parentid`) REFERENCES `sys_file` (`objid`)
) ENGINE=InnoDB DEFAULT CHARSET=utf8;
/*!40101 SET character_set_client = @saved_cs_client */;

--
-- Dumping data for table `sys_fileitem`
--

LOCK TABLES `sys_fileitem` WRITE;
/*!40000 ALTER TABLE `sys_fileitem` DISABLE KEYS */;
/*!40000 ALTER TABLE `sys_fileitem` ENABLE KEYS */;
UNLOCK TABLES;

--
-- Table structure for table `sys_fileloc`
--

DROP TABLE IF EXISTS `sys_fileloc`;
/*!40101 SET @saved_cs_client     = @@character_set_client */;
/*!40101 SET character_set_client = utf8 */;
CREATE TABLE `sys_fileloc` (
  `objid` varchar(50) NOT NULL,
  `url` varchar(255) NOT NULL,
  `rootdir` varchar(255) DEFAULT NULL,
  `defaultloc` int(11) NOT NULL,
  `loctype` varchar(20) DEFAULT NULL,
  `user_name` varchar(50) DEFAULT NULL,
  `user_pwd` varchar(50) DEFAULT NULL,
  `info` text,
  PRIMARY KEY (`objid`),
  KEY `ix_loctype` (`loctype`)
) ENGINE=InnoDB DEFAULT CHARSET=utf8;
/*!40101 SET character_set_client = @saved_cs_client */;

--
-- Dumping data for table `sys_fileloc`
--

LOCK TABLES `sys_fileloc` WRITE;
/*!40000 ALTER TABLE `sys_fileloc` DISABLE KEYS */;
/*!40000 ALTER TABLE `sys_fileloc` ENABLE KEYS */;
UNLOCK TABLES;

--
-- Table structure for table `sys_report_header`
--

DROP TABLE IF EXISTS `sys_report_header`;
/*!40101 SET @saved_cs_client     = @@character_set_client */;
/*!40101 SET character_set_client = utf8 */;
CREATE TABLE `sys_report_header` (
  `objid` varchar(50) NOT NULL,
  `value` mediumtext,
  PRIMARY KEY (`objid`) USING BTREE
) ENGINE=InnoDB DEFAULT CHARSET=utf8;
/*!40101 SET character_set_client = @saved_cs_client */;

--
-- Dumping data for table `sys_report_header`
--

LOCK TABLES `sys_report_header` WRITE;
/*!40000 ALTER TABLE `sys_report_header` DISABLE KEYS */;
/*!40000 ALTER TABLE `sys_report_header` ENABLE KEYS */;
UNLOCK TABLES;

--
-- Table structure for table `sys_report_tag`
--

DROP TABLE IF EXISTS `sys_report_tag`;
/*!40101 SET @saved_cs_client     = @@character_set_client */;
/*!40101 SET character_set_client = utf8 */;
CREATE TABLE `sys_report_tag` (
  `objid` varchar(150) NOT NULL,
  `description` varchar(255) DEFAULT NULL,
  PRIMARY KEY (`objid`) USING BTREE
) ENGINE=InnoDB DEFAULT CHARSET=utf8;
/*!40101 SET character_set_client = @saved_cs_client */;

--
-- Dumping data for table `sys_report_tag`
--

LOCK TABLES `sys_report_tag` WRITE;
/*!40000 ALTER TABLE `sys_report_tag` DISABLE KEYS */;
INSERT INTO `sys_report_tag` VALUES ('BUILDING_PERMIT_REPORT:BUILDING_PERMIT',NULL),('BUILDING_PERMIT_REPORT:ELECTRICAL',NULL),('BUILDING_PERMIT_REPORT:LINE_AND_GRADE',NULL),('BUILDING_PERMIT_REPORT:MECHANICAL',NULL),('BUILDING_PERMIT_REPORT:PENALTY',NULL),('BUILDING_PERMIT_REPORT:PLUMBING',NULL),('BUILDING_PERMIT_REPORT:ZONING',NULL);
/*!40000 ALTER TABLE `sys_report_tag` ENABLE KEYS */;
UNLOCK TABLES;

--
-- Table structure for table `sys_role`
--

DROP TABLE IF EXISTS `sys_role`;
/*!40101 SET @saved_cs_client     = @@character_set_client */;
/*!40101 SET character_set_client = utf8 */;
CREATE TABLE `sys_role` (
  `name` varchar(50) NOT NULL,
  `title` varchar(255) DEFAULT NULL,
  `system` int(255) DEFAULT NULL,
  PRIMARY KEY (`name`) USING BTREE
) ENGINE=InnoDB DEFAULT CHARSET=utf8;
/*!40101 SET character_set_client = @saved_cs_client */;

--
-- Dumping data for table `sys_role`
--

LOCK TABLES `sys_role` WRITE;
/*!40000 ALTER TABLE `sys_role` DISABLE KEYS */;
INSERT INTO `sys_role` VALUES ('ADMIN','ADMIN',1),('APPROVER','APPROVER',1),('ARCHITECTURAL_APPROVER','ARCHITECTURAL APPROVER',0),('ARCHITECTURAL_EVALUATOR','ARCHITECTURAL EVALUATOR',1),('ARCHITECTURAL_INSPECTOR','ARCHITECTURAL INSPECTOR',0),('ARCHITECTURAL_REVIEWER','ARCHITECTURAL REVIEWER',0),('ASSESSOR','ASSESSOR',1),('BFP_APPROVER','BFP APPROVER',1),('BFP_EVALUATOR','BFP EVALUATOR',1),('BFP_INSPECTOR','BFP INSPECTOR',1),('BFP_RELEASER','BFP RELEASER',1),('BFP_REVIEWER','BFP REVIEWER',1),('CIVIL_STRUCTURAL_APPROVER','CIVIL STRUCTURAL APPROVER',0),('CIVIL_STRUCTURAL_EVALUATOR','CIVIL_STRUCTURAL_EVALUATOR',1),('CIVIL_STRUCTURAL_INSPECTOR','CIVIL STRUCTURAL INSPECTOR',0),('CIVIL_STRUCTURAL_REVIEWER','CIVIL STRUCTURAL REVIEWER',0),('COORDINATOR','OBO COORDINATOR',1),('EDITOR','EDITOR',0),('ELECTRICAL_APPROVER','ELECTRICAL APPROVER',0),('ELECTRICAL_EVALUATOR','ELECTRICAL EVALUATOR',1),('ELECTRICAL_INSPECTOR','ELECTRICAL INSPECTOR',0),('ELECTRICAL_REVIEWER','ELECTRICAL REVIEWER',0),('ELECTRONIC_APPROVER','ELECTRONIC APPROVER',0),('ELECTRONIC_EVALUATOR','ELECTRONIC_EVALUATOR',1),('ELECTRONIC_INSPECTOR','ELECTRONIC INSPECTOR',0),('ELECTRONIC_REVIEWER','ELECTRONIC REVIEWER',0),('LAND_USE_EVALUATOR','LAND USE EVALUATOR',0),('LINE_AND_GRADE_APPROVER','LINE AND GRADE APPROVER',0),('LINE_AND_GRADE_EVALUATOR','LINE_AND_GRADE_EVALUATOR',1),('LINE_AND_GRADE_INSPECTOR','LINE AND GRADE INSPECTOR',0),('LINE_AND_GRADE_REVIEWER','LINE AND GRADE REVIEWER',0),('MASTER','MASTER',1),('MECHANICAL_APPROVER','MECHANICAL APPROVER',0),('MECHANICAL_EVALUATOR','MECHANICAL EVALUATOR',1),('MECHANICAL_INSPECTOR','MECHANICAL INSPECTOR',0),('MECHANICAL_REVIEWER','MECHANICAL REVIEWER',0),('PLUMBING_APPROVER','PLUMBING APPROVER',0),('PLUMBING_EVALUATOR','PLUMBING EVALUATOR',1),('PLUMBING_INSPECTOR','PLUMBING INSPECTOR',0),('PLUMBING_REVIEWER','PLUMBING REVIEWER',0),('RECEIVER','RECEIVER',1),('RELEASER','OBO RELEASER',1),('REQUIREMENT_REVIEWER','OBO REQUIREMENT_REVIEWER',1),('REVIEWER','OBO REVIEWER',1),('RPT_APPROVER','OBO RPT_APPROVER',1),('RPT_INSPECTOR','OBO RPT_INSPECTOR',1),('RPT_REVIEWER','OBO RPT_REVIEWER',1),('RULE_AUTHOR','OBO RULE_AUTHOR',1),('SANITARY_APPROVER','SANITARY APPROVER',0),('SANITARY_EVALUATOR','SANITARY EVALUATOR',1),('SANITARY_INSPECTOR','SANITARY INSPECTOR',0),('SANITARY_REVIEWER','SANITARY REVIEWER',0),('SHARED','OBO SHARED',1),('SITE_APPROVER','SITE APPROVER',0),('SITE_EVALUATOR','OBO SITE_EVALUATOR',1),('SITE_INSPECTOR','SITE INSPECTOR',1),('SITE_REVIEWER','OBO SITE_REVIEWER',1),('SUPERVISOR','SUPERVISOR',0),('SYSTEM','OBO SYSTEM',1),('WF_EDITOR','WORKFLOW EDITOR',0),('ZONING_APPROVER','ZONING APPROVER',1),('ZONING_COORDINATOR','ZONING COORDINATOR',0),('ZONING_EVALUATOR','ZONING EVALUATOR',1),('ZONING_RELEASER','OBO ZONING_RELEASER',1),('ZONING_REVIEWER','ZONING REVIEWER',1);
/*!40000 ALTER TABLE `sys_role` ENABLE KEYS */;
UNLOCK TABLES;

--
-- Table structure for table `sys_role_permission`
--

DROP TABLE IF EXISTS `sys_role_permission`;
/*!40101 SET @saved_cs_client     = @@character_set_client */;
/*!40101 SET character_set_client = utf8 */;
CREATE TABLE `sys_role_permission` (
  `objid` varchar(100) NOT NULL,
  `role` varchar(50) DEFAULT NULL,
  `object` varchar(25) DEFAULT NULL,
  `permission` varchar(25) DEFAULT NULL,
  `title` varchar(50) DEFAULT NULL,
  PRIMARY KEY (`objid`) USING BTREE,
  KEY `fk_sys_role_permission_role` (`role`) USING BTREE,
  CONSTRAINT `fk_sys_role_permission_role` FOREIGN KEY (`role`) REFERENCES `sys_role` (`name`)
) ENGINE=InnoDB DEFAULT CHARSET=utf8;
/*!40101 SET character_set_client = @saved_cs_client */;

--
-- Dumping data for table `sys_role_permission`
--

LOCK TABLES `sys_role_permission` WRITE;
/*!40000 ALTER TABLE `sys_role_permission` DISABLE KEYS */;
INSERT INTO `sys_role_permission` VALUES ('building_permit.editApplicant','ADMIN','building_permit','editApplicant','Edit Applicant'),('building_permit.editContact','ADMIN','building_permit','editContact','Edit Contact'),('building_permit.editOccupancyType','ADMIN','building_permit','editOccupancyType','Edit Occupancy Type'),('building_permit.editProjectInfo','ADMIN','building_permit','editProjectInfo','Edit Project Info'),('building_permit.editTxnType','ADMIN','building_permit','editTxnType','Edit Txn Type'),('USRROLPERM-6711cb6e:177f5ca15ae:-7d4d','ADMIN','wf','changeAssignee','Change Assignee');
/*!40000 ALTER TABLE `sys_role_permission` ENABLE KEYS */;
UNLOCK TABLES;

--
-- Table structure for table `sys_rule`
--

DROP TABLE IF EXISTS `sys_rule`;
/*!40101 SET @saved_cs_client     = @@character_set_client */;
/*!40101 SET character_set_client = utf8 */;
CREATE TABLE `sys_rule` (
  `objid` varchar(50) NOT NULL,
  `state` varchar(25) DEFAULT NULL,
  `name` varchar(50) NOT NULL,
  `ruleset` varchar(50) NOT NULL,
  `rulegroup` varchar(50) DEFAULT NULL,
  `title` varchar(250) DEFAULT NULL,
  `description` longtext,
  `salience` int(11) DEFAULT NULL,
  `effectivefrom` date DEFAULT NULL,
  `effectiveto` date DEFAULT NULL,
  `dtfiled` datetime DEFAULT NULL,
  `user_objid` varchar(50) DEFAULT NULL,
  `user_name` varchar(100) DEFAULT NULL,
  `noloop` int(11) DEFAULT NULL,
  PRIMARY KEY (`objid`) USING BTREE,
  KEY `rulegroup` (`rulegroup`,`ruleset`) USING BTREE,
  KEY `ruleset` (`ruleset`) USING BTREE,
  CONSTRAINT `sys_rule_ibfk_1` FOREIGN KEY (`rulegroup`, `ruleset`) REFERENCES `sys_rulegroup` (`name`, `ruleset`),
  CONSTRAINT `sys_rule_ibfk_2` FOREIGN KEY (`ruleset`) REFERENCES `sys_ruleset` (`name`)
) ENGINE=InnoDB DEFAULT CHARSET=utf8;
/*!40101 SET character_set_client = @saved_cs_client */;

--
-- Dumping data for table `sys_rule`
--

LOCK TABLES `sys_rule` WRITE;
/*!40000 ALTER TABLE `sys_rule` DISABLE KEYS */;
INSERT INTO `sys_rule` VALUES ('RUL-108b4192:15b3d234d5c:-67b1','DEPLOYED','ADD_PLUMBING_FEE','oboassessment','initial','ADD PLUMBING FEE',NULL,50000,NULL,NULL,'2017-04-04 21:21:21','USR-ADMIN','ADMIN',1),('RUL-108b4192:15b3d234d5c:-698a','DRAFT','MECHANICAL_FEE_WEIGHING_SCALE_STRUCTURE','oboassessment','compute-mechanical-fee','MECHANICAL FEE WEIGHING SCALE STRUCTURE',NULL,50000,NULL,NULL,'2017-04-04 21:13:39','USR-ADMIN','ADMIN',1),('RUL-108b4192:15b3d234d5c:-6ad6','UPGRADE','MECHANICAL_FEE_PNEUMATIC_TUBES_LNM','oboassessment','compute-mechanical-fee','MECHANICAL FEE PNEUMATIC TUBES CONVEYORS MONORAILS LNM',NULL,50000,NULL,NULL,'2017-04-04 21:11:19','USR-ADMIN','ADMIN',1),('RUL-108b4192:15b3d234d5c:-6c55','UPGRADE','MECHANICAL_FEE_OTHER_MACHINERY_EQUIPMENT','oboassessment','compute-mechanical-fee','MECHANICAL FEE OTHER MACHINERY EQUIPMENT',NULL,50000,NULL,NULL,'2017-04-04 20:57:00','USR-ADMIN','ADMIN',1),('RUL-108b4192:15b3d234d5c:-6fd2','UPGRADE','MECHANICAL_FEE_PRESSURE_VESSEL','oboassessment','compute-mechanical-fee','MECHANICAL FEE PRESSURE VESSEL',NULL,50000,NULL,NULL,'2017-04-04 20:53:16','USR-ADMIN','ADMIN',1),('RUL-108b4192:15b3d234d5c:-72b4','UPGRADE','MECHANICAL_FEE_OTHER_COMBUSTION_ENGINE','oboassessment','compute-mechanical-fee','MECHANICAL FEE OTHER COMBUSTION ENGINE',NULL,50000,NULL,NULL,'2017-04-04 20:47:37','USR-ADMIN','ADMIN',1),('RUL-108b4192:15b3d234d5c:-73c4','UPGRADE','MECHANICAL_FEE_POWER_PIPING_FOR_GAS_STEAM','oboassessment','compute-mechanical-fee','MECHANICAL FEE POWER PIPING FOR GAS STEAM ',NULL,50000,NULL,NULL,'2017-04-04 20:41:54','USR-ADMIN','ADMIN',1),('RUL-108b4192:15b3d234d5c:-79d6','UPGRADE','MECHANICAL_FEE_GAS_METER','oboassessment','compute-mechanical-fee','MECHANICAL FEE GAS METER',NULL,50000,NULL,NULL,'2017-04-04 20:33:34','USR-ADMIN','ADMIN',1),('RUL-108b4192:15b3d234d5c:-7bfd','UPGRADE','MECHANICAL_FEE_COMPRESSED_AIR_VACUUM_GAS','oboassessment','compute-mechanical-fee','MECHANICAL FEE COMPRESSED AIR VACUUM COMMERCIAL, INSTITUTIONAL AND INDUSTRIAL GASES',NULL,50000,NULL,NULL,'2017-04-04 20:29:24','USR-ADMIN','ADMIN',1),('RUL-181817d3:15bf4e3b890:-10f2','UPGRADE','BUSINESS_SIGNAGE_PAINTED_ON_NEW','oboassessment','compute-other-fee','BUSINESS SIGNAGE PAINTED ON NEW',NULL,50000,NULL,NULL,'2017-05-11 06:25:52','USR-ADMIN','ADMIN',1),('RUL-181817d3:15bf4e3b890:-1103','UPGRADE','BUSINESS_SIGNAGE_OTHER_NEW','oboassessment','compute-other-fee','BUSINESS SIGNAGE OTHER NEW',NULL,50000,NULL,NULL,'2017-05-11 06:25:24','USR-ADMIN','ADMIN',1),('RUL-181817d3:15bf4e3b890:-1114','UPGRADE','BUSINESS_SIGNAGE_ILLUMINATED_NEW','oboassessment','compute-other-fee','BUSINESS SIGNAGE ILLUMINATED NEW',NULL,50000,NULL,NULL,'2017-05-11 06:25:04','USR-ADMIN','ADMIN',1),('RUL-181817d3:15bf4e3b890:-14ca','UPGRADE','BUSINESS_SIGNAGE_NEON_NEW','oboassessment','compute-other-fee','BUSINESS_SIGNAGE_NEON_NEW',NULL,50000,NULL,NULL,'2017-05-11 06:22:18','USR-ADMIN','ADMIN',1),('RUL-181817d3:15bf4e3b890:-1a11','UPGRADE','SIGNAGE_ERECTION_AND_ANCHORAGE','oboassessment','compute-other-fee','SIGNAGE ERECTION AND ANCHORAGE',NULL,50000,NULL,NULL,'2017-05-11 06:03:42','USR-ADMIN','ADMIN',1),('RUL-181817d3:15bf4e3b890:-1cec','UPGRADE','ERECTION_OF_SCAFFOLDING','oboassessment','compute-other-fee','ERECTION OF SCAFFOLDING',NULL,50000,NULL,NULL,'2017-05-11 05:58:45','USR-ADMIN','ADMIN',1),('RUL-181817d3:15bf4e3b890:-21c5','DRAFT','USE_OF_STREET_AND_SIDEWALK','oboassessment','compute-accessory','USE OF STREET AND SIDEWALK',NULL,50000,NULL,NULL,'2017-05-11 03:54:54','USR-ADMIN','ADMIN',1),('RUL-181817d3:15bf4e3b890:-27e7','DRAFT','PAVEMENT_CONSTRUCTION','oboassessment','compute-accessory','PAVEMENT CONSTRUCTION',NULL,50000,NULL,NULL,'2017-05-11 03:37:28','USR-ADMIN','ADMIN',1),('RUL-181817d3:15bf4e3b890:-29cc','DEPLOYED','FENCING_IND_MAT','oboassessment','compute-other-fee','FENCING INDIGENOUS MATERIALS',NULL,50000,NULL,NULL,'2017-05-11 03:31:10','USR-ADMIN','ADMIN',1),('RUL-181817d3:15bf4e3b890:-2b06','DEPLOYED','FENCING_MASONRY_METAL_CONCRETE_ABOVE_1_8_M_HT','oboassessment','compute-other-fee','FENCING MASONRY METAL CONCRETE ABOVE 1.8 M HEIGHT',NULL,50000,NULL,NULL,'2017-05-11 03:29:51','USR-ADMIN','ADMIN',1),('RUL-181817d3:15bf4e3b890:-2d08','DEPLOYED','FENCING_MASONRY_METAL_CONCRETE_UPTO_1_8_M_HT','oboassessment','compute-other-fee','FENCING MASONRY METAL CONCRETE UPTO 1 8 M HT',NULL,50000,NULL,NULL,'2017-05-11 03:28:26','USR-ADMIN','ADMIN',1),('RUL-181817d3:15bf4e3b890:-3079','DEPLOYED','ACC_FEE_ENCROACHMENT_FOUNDATION_PUBLIC_AREAS','oboassessment','compute-accessory','ACCESSORIES FEE ENCROACHMENT FOUNDATION PUBLIC AREAS',NULL,50000,NULL,NULL,'2017-05-11 03:16:02','USR-ADMIN','ADMIN',1),('RUL-181817d3:15bf4e3b890:-3186','UPGRADE','ACC_FEE_EXCAVATION_FOR_BASEMENT','oboassessment','compute-other-fee','ACCESSORIES FEE EXCAVATION FOR BASEMENT',NULL,50000,NULL,NULL,'2017-05-11 03:14:39','USR-ADMIN','ADMIN',1),('RUL-181817d3:15bf4e3b890:-3397','UPGRADE','ACC_FEE_EXCAVATION_EXCEPT_BASEMENT','oboassessment','compute-other-fee','ACCESSORIES FEE EXCAVATION EXCEPT BASEMENT',NULL,50000,NULL,NULL,'2017-05-11 03:13:08','USR-ADMIN','ADMIN',1),('RUL-181817d3:15bf4e3b890:-357d','DEPLOYED','GPEP_INSPECTION_VERIFICATION_FEE','oboassessment','compute-accessory','INSPECTION AND VERIFICATION FEE FOR GP/EP',NULL,50000,NULL,NULL,'2017-05-11 03:10:33','USR-ADMIN','ADMIN',1),('RUL-181817d3:15bf4e3b890:-3cc8','DEPLOYED','ACC_FEE_LINE_AND_GRADE','oboassessment','compute-line-and-grade-fee','LINE AND GRADE',NULL,50000,NULL,NULL,'2017-05-11 02:43:34','USR-ADMIN','ADMIN',1),('RUL-181817d3:15bf4e3b890:-415b','DRAFT','REINSTALLATION_OF_VERTICAL_STORAGE_TANK','oboassessment','compute-accessory','REINSTALLATION OF VERTICAL STORAGE TANK',NULL,50000,NULL,NULL,'2017-05-11 02:30:47','USR-ADMIN','ADMIN',1),('RUL-181817d3:15bf4e3b890:-73e2','DEPLOYED','BLDG_FEE_A2_NOT_NEW','oboassessment','compute-bldgfee','COMPUTE BLDG FEE  A2 NOT ORIGINAL',NULL,50000,NULL,NULL,'2017-05-11 00:39:51','USR-ADMIN','ADMIN',1),('RUL-181817d3:15bf4e3b890:-75db','DEPLOYED','BLDG_FEE_A1_NOT_NEW','oboassessment','compute-bldgfee','COMPUTE BLDG FEE A1 NOT NEW',NULL,50000,NULL,NULL,'2017-05-11 00:37:51','USR-ADMIN','ADMIN',1),('RUL-181817d3:15bf4e3b890:-7862','DRAFT','ACC_BLDG_FEE_A2__NOT_NEW','oboassessment','compute-accessory','ACCESSORY BLDG FEE  A2 (NOT ORIGINAL)',NULL,50000,NULL,NULL,'2017-05-11 00:35:46','USR-ADMIN','ADMIN',1),('RUL-181817d3:15bf4e3b890:-7873','DRAFT','ACC_BLDG_FEE_A2_NEW','oboassessment','compute-accessory','ACCESSORY BLDG A2 NEW CONSTRUCTION',NULL,50000,NULL,NULL,'2017-05-11 00:35:24','USR-ADMIN','ADMIN',1),('RUL-181817d3:15bf4e3b890:-7abf','DRAFT','ACC_BLDG_FEE_A1_NOT_NEW_CONSTRUCTION','oboassessment','compute-accessory','ACCESSORY  FEE FOR A1 (NOT ORIGINAL)',NULL,50000,NULL,NULL,'2017-05-11 00:33:29','USR-ADMIN','ADMIN',1),('RUL-181817d3:15bf4e3b890:-7ad0','DRAFT','ACC_BLDG_FEE_A1_NEW_CONSTRUCTION','oboassessment','compute-accessory','ACCESSORY  FEE FOR  A1 NEW CONSTRUCTION',NULL,50000,NULL,NULL,'2017-05-11 00:33:01','USR-ADMIN','ADMIN',1),('RUL-181817d3:15bf4e3b890:-8e0','UPGRADE','AD_SIGNAGE_PAINTED_ON_NEW','oboassessment','compute-other-fee','AD SIGNAGE PAINTED ON NEW',NULL,50000,NULL,NULL,'2017-05-11 06:36:28','USR-ADMIN','ADMIN',1),('RUL-181817d3:15bf4e3b890:-af9','UPGRADE','AD_SIGNAGE_NEON_NEW','oboassessment','compute-other-fee','AD SIGNAGE NEON NEW',NULL,50000,NULL,NULL,'2017-05-11 06:31:10','USR-ADMIN','ADMIN',1),('RUL-181817d3:15bf4e3b890:-b2e','UPGRADE','AD_SIGNAGE_OTHER_NEW','oboassessment','compute-other-fee','AD SIGNAGE OTHER NEW',NULL,50000,NULL,NULL,'2017-05-11 06:30:53','USR-ADMIN','ADMIN',1),('RUL-181817d3:15bf4e3b890:-d87','UPGRADE','AD_SIGNAGE_ILLUMINATED_NEW','oboassessment','compute-other-fee','AD SIGNAGE ILLUMINATED NEW',NULL,50000,NULL,NULL,'2017-05-11 06:28:55','USR-ADMIN','ADMIN',1),('RUL-26004fad:15b36e43946:-7e78','UPGRADE','MECHANICAL_FEE_REF_COLD_STORAGE','oboassessment','compute-mechanical-fee','MECHANICAL FEE REF COLD STORAGE',NULL,50000,NULL,NULL,'2017-04-03 16:12:20','USR-ADMIN','ADMIN',1),('RUL-263a2c10:17969526f5a:-6eca','DEPLOYED','ACTIVATE_OCCUPANCY_RPU','oboworkflow','initial','Activate RPU Task when starting inspection for occuopancy permit',NULL,50000,NULL,NULL,'2021-05-14 14:45:46','USR5b13925b:17066eb8fad:-7eac','EMN3',1),('RUL-29595738:16a4fbe79ee:-79fe','APPROVED','SPECIAL_LOCATIONAL_CLEARANCE','oboassessment','compute-zoning-fee','SPECIAL_LOCATIONAL_CLEARANCE',NULL,100000,NULL,NULL,'2019-04-24 23:02:12','USR-1b82c604:14cc29913bb:-7fec','ADMIN',1),('RUL-29595738:16a4fbe79ee:-7bd1','APPROVED','COMMERCIAL_INDUSTRIAL_LOCATIONAL_CLEARANCE','oboassessment','compute-zoning-fee','COMMERCIAL INDUSTRIAL LOCATIONAL CLEARANCE',NULL,40000,NULL,NULL,'2019-04-24 22:57:06','USR-1b82c604:14cc29913bb:-7fec','ADMIN',1),('RUL-29595738:16a4fbe79ee:-7d01','APPROVED','INSTITUTIONAL_LOCATIONAL_CLEARANCE','oboassessment','compute-zoning-fee','INSTITUTIONAL LOCATIONAL CLEARANCE',NULL,40000,NULL,NULL,'2019-04-24 22:54:56','USR-1b82c604:14cc29913bb:-7fec','ADMIN',1),('RUL-29595738:16a4fbe79ee:-7de3','APPROVED','DORMITORIES_BOARDING_HOUSE_LOCATIONAL_CLEARANCE','oboassessment','compute-zoning-fee','DORMITORIES AND BOARDING HOUSE_LOCATIONAL_CLEARANCE',NULL,50000,NULL,NULL,'2019-04-24 22:52:22','USR-1b82c604:14cc29913bb:-7fec','ADMIN',1),('RUL-29595738:16a4fbe79ee:-7ef1','APPROVED','APARTMENT_TOWNHOUSES_LOCATIONAL_CLEARANCE','oboassessment','compute-zoning-fee','APARTMENT_TOWNHOUSES_LOCATIONAL_CLEARANCE',NULL,50000,NULL,NULL,'2019-04-24 22:48:14','USR-1b82c604:14cc29913bb:-7fec','ADMIN',1),('RUL-2fbca757:15bf25c4add:-7b95','DRAFT','ACCESSORY_BLDG_FEE_C2_D123','oboassessment','compute-accessory','ACCESSORY COMPUTE BLDG FEE FOR C-2/D-1,2,3',NULL,50000,NULL,NULL,'2017-05-10 12:47:54','USR-ADMIN','ADMIN',1),('RUL-2fbca757:15bf25c4add:-7bbe','DRAFT','ACC_BLDG_FEE_B1_C1_E123_F1_G12345_H1234_I1_J123','oboassessment','compute-accessory','ACCESSORY BLDG FEE FOR B-1/ C-1/ E-1,2,3/ F-1/G-1,2,3,4,5 /H-1,2,3,4/I-1 AND J-1,2,3',NULL,50000,NULL,NULL,'2017-05-10 12:47:29','USR-ADMIN','ADMIN',1),('RUL-2ff927e8:17926057293:-7974','DEPLOYED','RPT_ENTRY_FEE','oboassessment','pre-summary','Calculates Fee per RPU Entry',NULL,50000,NULL,NULL,'2021-05-01 12:18:21','USR-ADMIN','ADMIN',1),('RUL-2ff927e8:17926057293:-7ace','DEPLOYED','ADD_RPU_FACTS','oboassessment','initial','ADD RPU FACTS',NULL,50000,NULL,NULL,'2021-05-01 12:03:53','USR-ADMIN','ADMIN',1),('RUL-301ccfbb:16a4e3ad539:-7c37','UPGRADE','ACC_FEE_EXCAVATION','oboassessment','compute-other-fee','ACC_FEE_EXCAVATION',NULL,50000,NULL,NULL,'2019-04-24 15:47:57','USR-1b82c604:14cc29913bb:-7fec','ADMIN',1),('RUL-364c55f2:1763c44119c:-115d','DEPLOYED','ADD_FENCING_FEE','oboassessment','initial','ADD FENCING FEE',NULL,50000,NULL,NULL,'2020-12-07 18:42:36','USR-ADMIN','ADMIN',1),('RUL-364c55f2:1763c44119c:-4ccc','DEPLOYED','ADD_SIGNAGE_FEE','oboassessment','initial','ADD SIGNAGE FEE',NULL,50000,NULL,NULL,'2020-12-07 18:03:11','USR-ADMIN','ADMIN',1),('RUL-40697891:1763cd25bb2:-1a91','DEPLOYED','ADD_SCAFFOLDING_FEE','oboassessment','initial','ADD_SCAFFOLDING_FEE',NULL,50000,NULL,NULL,'2020-12-07 19:58:41','USR-ADMIN','ADMIN',1),('RUL-40697891:1763cd25bb2:-330f','DEPLOYED','ADD_EXCAVATION_FEE','oboassessment','initial','ADD_EXCAVATION_FEE',NULL,50000,NULL,NULL,'2020-12-07 19:43:03','USR-ADMIN','ADMIN',1),('RUL-40697891:1763cd25bb2:-7b81','DEPLOYED','ADD_LINE_AND_GRADE_FEE','oboassessment','initial','ADD_LINE_AND_GRADE_FEE',NULL,50000,NULL,NULL,'2020-12-07 18:53:59','USR-ADMIN','ADMIN',1),('RUL-412b6ac3:17060a030aa:-7ccb','DEPLOYED','COMPUTE_HOTWORKS_FEES','oboassessment','compute-fire-fees','COMPUTE HOTWORKS FEES',NULL,50000,NULL,NULL,'2020-02-20 11:35:50','USR-3639f8dc:16e5d68550c:-7e21','EMN',1),('RUL-41499999:15b23048395:-77db','DEPLOYED','ELECTRIC_METER_INSTIUTIONAL','oboassessment','compute-electrical-fee','ELECTRIC METER - INSTIUTIONAL',NULL,50000,NULL,NULL,'2017-03-30 18:50:01','USR-ADMIN','ADMIN',1),('RUL-41499999:15b23048395:-77ec','DEPLOYED','ELECTRIC_METER_COMMERCIAL_INDUSTRIAL','oboassessment','compute-electrical-fee','ELECTRIC METER - COMMERCIAL INDUSTRIAL',NULL,50000,NULL,NULL,'2017-03-30 18:49:42','USR-ADMIN','ADMIN',1),('RUL-41499999:15b23048395:-77fd','DEPLOYED','ELECTRIC_METER_RESIDENTIAL','oboassessment','compute-electrical-fee','ELECTRIC METER - RESIDENTIAL',NULL,50000,NULL,NULL,'2017-03-30 18:49:19','USR-ADMIN','ADMIN',1),('RUL-41499999:15b23048395:-7d1e','DEPLOYED','GUYING_ATTACHMENT_FEE','oboassessment','compute-electrical-fee','GUYING ATTACHMENT FEE',NULL,50000,NULL,NULL,'2017-03-30 18:21:56','USR-ADMIN','ADMIN',1),('RUL-41499999:15b23048395:-7ed8','DEPLOYED','POLE_ATTACHMENT_FEE','oboassessment','compute-electrical-fee','POLE ATTACHMENT FEE',NULL,50000,NULL,NULL,'2017-03-30 18:20:17','USR-ADMIN','ADMIN',1),('RUL-41516f3a:178f3866074:-76be','DEPLOYED','ADD_ACCESSORY_FEES','oboassessment','initial','ADD_ACCESSORY_FEES',NULL,50000,NULL,NULL,'2021-04-21 16:30:34','USR-ADMIN','ADMIN',1),('RUL-4267ff2c:16a444aba70:-6950','DEPLOYED','COLUMBARIUM_FEE','oboassessment','compute-accessory-structure','COLUMBARIUM FEE',NULL,50000,NULL,NULL,'2019-04-22 17:43:16','USR-1b82c604:14cc29913bb:-7fec','ADMIN',1),('RUL-4267ff2c:16a444aba70:-6a5e','DEPLOYED','TOTALLY_ENCLOSED_MAUSOLEUM_FEE','oboassessment','compute-accessory-structure','TOTALLY_ENCLOSED_MAUSOLEUM_FEE',NULL,50000,NULL,NULL,'2019-04-22 17:42:17','USR-1b82c604:14cc29913bb:-7fec','ADMIN',1),('RUL-4267ff2c:16a444aba70:-6d3b','DEPLOYED','TOMBS_AND_SEMI_ENCLOSED_MAUSOLEUM_FEE','oboassessment','compute-accessory-structure','TOMBS AND SEMI ENCLOSED MAUSOLEUM FEE',NULL,50000,NULL,NULL,'2019-04-22 17:40:49','USR-1b82c604:14cc29913bb:-7fec','ADMIN',1),('RUL-4267ff2c:16a444aba70:-6f9a','DEPLOYED','WATER_WASTEWATER_CISTERN_FEE','oboassessment','compute-accessory-structure','WATER WASTEWATER CISTERN FEE',NULL,50000,NULL,NULL,'2019-04-22 17:38:16','USR-1b82c604:14cc29913bb:-7fec','ADMIN',1),('RUL-4267ff2c:16a444aba70:-7247','DEPLOYED','SWIMMING_POOL_LOCKER_ROOM_FEE','oboassessment','compute-accessory-structure','SWIMMING_POOL_LOCKER ROOM FEE',NULL,50000,NULL,NULL,'2019-04-22 17:36:32','USR-1b82c604:14cc29913bb:-7fec','ADMIN',1),('RUL-4267ff2c:16a444aba70:-744a','DEPLOYED','CONCRETE_OR_STEEL_TANK_ACCESSORY_FEE_ABOVE_GROUND','oboassessment','compute-accessory-structure','CONCRETE_OR_STEEL_TANK_ACCESSORY_FEE ABOVE GROUND',NULL,50000,NULL,NULL,'2019-04-22 17:33:52','USR-1b82c604:14cc29913bb:-7fec','ADMIN',1),('RUL-4267ff2c:16a444aba70:-7493','DEPLOYED','CONCRETE_OR_STEEL_TANK_ACCESSORY_FEE_UNDERGROUND','oboassessment','compute-accessory-structure','CONCRETE_OR_STEEL_TANK_ACCESSORY_FEE  UNDERGROUND	',NULL,50000,NULL,NULL,'2019-04-22 17:33:30','USR-1b82c604:14cc29913bb:-7fec','ADMIN',1),('RUL-4267ff2c:16a444aba70:-7b89','DEPLOYED','KILN_ACCESSORY_FEE','oboassessment','compute-accessory-structure','KILN_ACCESSORY_FEE',NULL,50000,NULL,NULL,'2019-04-22 17:21:10','USR-1b82c604:14cc29913bb:-7fec','ADMIN',1),('RUL-4267ff2c:16a444aba70:-7d9d','DEPLOYED','FIXED_OVEN_ACCESSORY_FEE','oboassessment','compute-accessory-structure','FIXED_OVEN_ACCESSORY_FEE',NULL,50000,NULL,NULL,'2019-04-22 17:17:25','USR-1b82c604:14cc29913bb:-7fec','ADMIN',1),('RUL-46ef70e6:15b192ccb94:-755f','DEPLOYED','BLDG_FEE_C2_D123','oboassessment','compute-bldgfee','COMPUTE BLDG FEE FOR C-2/D-1,2,3',NULL,50000,NULL,NULL,'2017-03-28 22:43:41','USR-ADMIN','ADMIN',1),('RUL-46ef70e6:15b192ccb94:-7783','DEPLOYED','BLDG_FEE_B1_C1_E123_F1_G12345_H1234_I1_J123','oboassessment','compute-bldgfee','COMPUTE BLDG FEE FOR B-1/ C-1/ E-1,2,3/ F-1/G-1,2,3,4,5 /H-1,2,3,4/I-1 AND J-1,2,3',NULL,50000,NULL,NULL,'2017-03-28 22:03:53','USR-ADMIN','ADMIN',1),('RUL-46ef70e6:15b192ccb94:-78f4','DEPLOYED','BLDG_FEE_A2','oboassessment','compute-bldgfee','COMPUTE BLDG FEE FOR A2',NULL,50000,NULL,NULL,'2017-03-28 21:55:57','USR-ADMIN','ADMIN',1),('RUL-49489680:17936c381df:-7717','DEPLOYED','POST_RPT_PAYMENT','oboworkflow','initial','Post payment to RPT to update fees in the tax clearance and true copy certificate',NULL,50000,NULL,NULL,'2021-05-04 18:59:16','USR-ADMIN','ADMIN',1),('RUL-497dd1bf:15b6a2553bf:-783f','DRAFT','BANK_AND_RECORD_VAULTS','oboassessment','compute-accessory','BANK AND RECORD VAULTS ',NULL,50000,NULL,NULL,'2017-04-14 02:31:17','USR-ADMIN','ADMIN',1),('RUL-50300c99:15b7626649d:-5330','DRAFT','PULLOUT_RESINSTALLATION_OF_STEEL_TANK','oboassessment','compute-accessory','PULLOUT RESINSTALLATION OF STEEL TANK ',NULL,50000,NULL,NULL,'2017-04-15 23:07:00','USR-ADMIN','ADMIN',1),('RUL-50300c99:15b7626649d:-56a6','DRAFT','BOOTH_KIOSK_INSP_KNOCK_DOWN_TEMP_TYPE','oboassessment','compute-accessory','BOOTH KIOSK PLATFORM STAGES INSPECTION OF KNOCK DOWN TEMPORARY TYPE',NULL,50000,NULL,NULL,'2017-04-15 22:57:41','USR-ADMIN','ADMIN',1),('RUL-50300c99:15b7626649d:-5807','DRAFT','BOOTH_KIOSK_PLATFORM_STAGES_PERMANENT','oboassessment','compute-accessory','BOOTH KIOSK PLATFORM STAGES PERMANENT',NULL,50000,NULL,NULL,'2017-04-15 22:55:53','USR-ADMIN','ADMIN',1),('RUL-50300c99:15b7626649d:-5a02','DRAFT','BOOTH_KIOSK_PLATFORM_STAGES_TEMP','oboassessment','compute-accessory','BOOTH KIOSK PLATFORM STAGES TEMPORARY',NULL,50000,NULL,NULL,'2017-04-15 22:54:49','USR-ADMIN','ADMIN',1),('RUL-50300c99:15b7626649d:-5c39','DRAFT','MULTI_LEVEL_INTERMENT_NICHES','oboassessment','compute-accessory','MULTI LEVEL INTERMENT NICHES',NULL,50000,NULL,NULL,'2017-04-15 22:48:22','USR-ADMIN','ADMIN',1),('RUL-50300c99:15b7626649d:-66a4','DRAFT','COLUMBARIUM','oboassessment','compute-accessory','COLUMBARIUM ',NULL,50000,NULL,NULL,'2017-04-15 22:38:51','USR-ADMIN','ADMIN',1),('RUL-50300c99:15b7626649d:-66b5','DRAFT','TOTALLY_ENCLOSED_MAUSOLEUM','oboassessment','compute-accessory','TOTALLY ENCLOSED MAUSOLEUM',NULL,50000,NULL,NULL,'2017-04-15 22:38:41','USR-ADMIN','ADMIN',1),('RUL-50300c99:15b7626649d:-66c6','DRAFT','SEMI_ENCLOSED_MAUSOLEUM','oboassessment','compute-accessory','SEMI ENCLOSED MAUSOLEUM',NULL,50000,NULL,NULL,'2017-04-15 22:38:23','USR-ADMIN','ADMIN',1),('RUL-50300c99:15b7626649d:-6710','DRAFT','TOMBS','oboassessment','compute-accessory','TOMBS',NULL,50000,NULL,NULL,'2017-04-15 22:38:02','USR-ADMIN','ADMIN',1),('RUL-50300c99:15b7626649d:-6cee','DRAFT','REINFORCED_CONCRETE_STEEL_TANK_UG_EXCEPT_COM_IND','oboassessment','compute-accessory','REINFORCED CONCRETE OR STEEL TANK UNDERGROUND FOR ALL EXCEPT COMMERCIAL INDUSTRIAL',NULL,50000,NULL,NULL,'2017-04-15 22:24:15','USR-ADMIN','ADMIN',1),('RUL-50300c99:15b7626649d:-6fe2','DRAFT','REINFORCED_CONCRETE_OR_STEEL_TANK_ALL_EXCEPT_AB','oboassessment','compute-accessory','REINFORCED CONCRETE OR STEEL TANK ABOVE GROUND FOR ALL GROUPS EXCEPT A,B',NULL,50000,NULL,NULL,'2017-04-15 22:14:16','USR-ADMIN','ADMIN',1),('RUL-50300c99:15b7626649d:-7440','DRAFT','REINFORCED_CONCRETE_OR_STEEL_TANK_ABV_GRD_A_B','oboassessment','compute-accessory','REINFORCED CONCRETE OR STEEL TANK ABOVE GROUND FOR GROUP A,B',NULL,50000,NULL,NULL,'2017-04-15 22:05:49','USR-ADMIN','ADMIN',1),('RUL-50300c99:15b7626649d:-77a6','DRAFT','KILN','oboassessment','compute-accessory','ACCESSORY FEES - KILN',NULL,50000,NULL,NULL,'2017-04-15 21:56:46','USR-ADMIN','ADMIN',1),('RUL-50300c99:15b7626649d:-7a5e','DRAFT','SHOWER_LOCKER_ROOM_GROUP_C_D_H_I','oboassessment','compute-accessory','SHOWER LOCKER ROOM GROUP C,D,H,I ',NULL,50000,NULL,NULL,'2017-04-15 21:51:22','USR-ADMIN','ADMIN',1),('RUL-50300c99:15b7626649d:-7a6f','DRAFT','SHOWER_LOCKER_ROOM_GROUP_B_E_F_G','oboassessment','compute-accessory','SHOWER LOCKER ROOM GROUP B,E,F,G',NULL,50000,NULL,NULL,'2017-04-15 21:51:04','USR-ADMIN','ADMIN',1),('RUL-50300c99:15b7626649d:-7ebc','DRAFT','SHOWER_LOCKER_ROOM_GROUP_A','oboassessment','compute-accessory','SHOWER LOCKER ROOM GROUP A',NULL,50000,NULL,NULL,'2017-04-15 21:47:58','USR-ADMIN','ADMIN',1),('RUL-580c0202:1796dc1fd5f:-7e53','DEPLOYED','VALIDATE_BEFORE_INSPECTION','oboworkflow','initial','Validates before sending to inspection wait state',NULL,50000,NULL,NULL,'2021-05-15 10:03:20','USR5b13925b:17066eb8fad:-7eac','EMN3',1),('RUL-5a2a6f0f:15b37b47575:-72c2','UPGRADE','MECHANICAL_FEE_CABLE_CAR_LNM','oboassessment','compute-mechanical-fee','MECHANICAL FEE CABLE CAR LINEAL METER',NULL,50000,NULL,NULL,'2017-04-03 19:50:18','USR-ADMIN','ADMIN',1),('RUL-5a2a6f0f:15b37b47575:-72d3','UPGRADE','MECHANICAL_FEE_CABLE_CAR_KW','oboassessment','compute-mechanical-fee','MECHANICAL FEE CABLE CAR KW',NULL,50000,NULL,NULL,'2017-04-03 19:50:03','USR-ADMIN','ADMIN',1),('RUL-5a2a6f0f:15b37b47575:-72e4','UPGRADE','MECHANICAL_FEE_FUNICULAR_LNM','oboassessment','compute-mechanical-fee','MECHANICAL FEE FUNICULAR LINEAL METER',NULL,50000,NULL,NULL,'2017-04-03 19:49:45','USR-ADMIN','ADMIN',1),('RUL-5a2a6f0f:15b37b47575:-72f5','UPGRADE','MECHANICAL_FEE_FUNICULAR_KW','oboassessment','compute-mechanical-fee','MECHANICAL FEE FUNICULAR KW',NULL,50000,NULL,NULL,'2017-04-03 19:49:22','USR-ADMIN','ADMIN',1),('RUL-5a2a6f0f:15b37b47575:-7306','UPGRADE','MECHANICAL_FEE_ESCALATOR_LNM','oboassessment','compute-mechanical-fee','MECHANICAL FEE ESCALATOR LINEAL METER',NULL,50000,NULL,NULL,'2017-04-03 19:49:00','USR-ADMIN','ADMIN',1),('RUL-5a2a6f0f:15b37b47575:-7317','UPGRADE','MECHANICAL_FEE_ESCALATOR_KW','oboassessment','compute-mechanical-fee','MECHANICAL FEE ESCALATOR KW',NULL,50000,NULL,NULL,'2017-04-03 19:48:39','USR-ADMIN','ADMIN',1),('RUL-5b99cee3:1763b4d0bec:-7b11','DEPLOYED','OCCUPANCY_PENALTY','oboassessment','compute-occupancyfee','OCCUPANCY FEE PENALTY',NULL,50000,NULL,NULL,'2020-12-07 11:50:14','USR-ADMIN','ADMIN',1),('RUL-64949ac3:17987dbd3a5:-76d0','DEPLOYED','NON_AGRCULTURAL','oboassessment','compute-zoning-fee','non agricultural',NULL,50000,NULL,NULL,'2021-05-20 11:47:48','USR-ADMIN','ADMIN',1),('RUL-64949ac3:17987dbd3a5:-7ba5','DEPLOYED','AGRICULTURAL_RATE','oboassessment','compute-zoning-fee','AGRICULTURAL RATE',NULL,50000,NULL,NULL,'2021-05-20 11:43:02','USR-ADMIN','ADMIN',1),('RUL-70eb32d:16c2d244c23:-7a5e','DEPLOYED','TAX_CLEARANCE','oboassessment','pre-summary','TAX CLEARANCE',NULL,50000,NULL,NULL,'2019-07-26 15:25:47','USR-6bf98eba:1254696a2c9:-7ff6','ADMIN',1),('RUL-7385ffbe:16a438b05b7:-5b9d','DEPLOYED','CHIMNEY_ACCESSORY_FEE_GROUP_B_E_F_G','oboassessment','compute-accessory-structure','INDUSTRIAL COMMERCIAL CHIMNEY ACCESSORY_FEE GROUP B,E,F,G ',NULL,50000,NULL,NULL,'2019-04-22 15:51:58','USR-1b82c604:14cc29913bb:-7fec','ADMIN',1),('RUL-7385ffbe:16a438b05b7:-5cab','DEPLOYED','SMOKESTACK_ACCESSORY_FEE_GROUP_B_E_F_G','oboassessment','compute-accessory-structure','INDUSTRIAL COMMERCIAL SMOKESTACK ACCESSORY_FEE GROUP B,E,F,G ',NULL,50000,NULL,NULL,'2019-04-22 15:50:47','USR-1b82c604:14cc29913bb:-7fec','ADMIN',1),('RUL-7385ffbe:16a438b05b7:-5fc5','DEPLOYED','STORAGE_SILO_ACCESSORY_FEE','oboassessment','compute-accessory-structure','STORAGE_SILO_ACCESSORY_FEE',NULL,50000,NULL,NULL,'2019-04-22 15:44:17','USR-1b82c604:14cc29913bb:-7fec','ADMIN',1),('RUL-7385ffbe:16a438b05b7:-6f3a','DEPLOYED','TOWER_TRILON_GUYED_ACCESSORY_FEE_GROUP_C_D_H','oboassessment','compute-accessory-structure','TOWER_TRILON GUYED ACCESSORY_FEE GROUP C,D,H',NULL,50000,NULL,NULL,'2019-04-22 15:22:09','USR-1b82c604:14cc29913bb:-7fec','ADMIN',1),('RUL-7385ffbe:16a438b05b7:-6f77','DEPLOYED','TOWER_TRILON_GUYED_ACCESSORY_FEE_GROUP_A','oboassessment','compute-accessory-structure','TOWER_TRILON GUYED ACCESSORY_FEE GROUP A',NULL,50000,NULL,NULL,'2019-04-22 15:21:48','USR-1b82c604:14cc29913bb:-7fec','ADMIN',1),('RUL-7385ffbe:16a438b05b7:-6fb0','DEPLOYED','TOWER_TRILON_GUYED_ACCESSORY_FEE_GROUP_B_E_F_G','oboassessment','compute-accessory-structure','TOWER_TRILON GUYED ACCESSORY_FEE GROUP B,E,F,G ',NULL,50000,NULL,NULL,'2019-04-22 15:21:33','USR-1b82c604:14cc29913bb:-7fec','ADMIN',1),('RUL-7385ffbe:16a438b05b7:-6feb','DEPLOYED','TOWER_SELF_SUPPORTING_ACCESSORY_FEE_GROUP_C_D_H','oboassessment','compute-accessory-structure','TOWER_SELF_SUPPORTING ACCESSORY_FEE GROUP C,D,H',NULL,50000,NULL,NULL,'2019-04-22 15:20:57','USR-1b82c604:14cc29913bb:-7fec','ADMIN',1),('RUL-7385ffbe:16a438b05b7:-6ffc','DEPLOYED','TOWER_SELF_SUPPORTING_ACCESSORY_FEE_GROUP_A','oboassessment','compute-accessory-structure','TOWER_SELF_SUPPORTING ACCESSORY_FEE GROUP A',NULL,50000,NULL,NULL,'2019-04-22 15:20:37','USR-1b82c604:14cc29913bb:-7fec','ADMIN',1),('RUL-7385ffbe:16a438b05b7:-7085','DEPLOYED','TOWER_SELF_SUPPORTING_ACCESSORY_FEE_GROUP_B_E_F_G','oboassessment','compute-accessory-structure','TOWER_SELF_SUPPORTING ACCESSORY_FEE GROUP B,E,F,G ',NULL,50000,NULL,NULL,'2019-04-22 15:20:07','USR-1b82c604:14cc29913bb:-7fec','ADMIN',1),('RUL-7385ffbe:16a438b05b7:-7482','DEPLOYED','FIREWALL_ACCESSORY_FEE','oboassessment','compute-accessory-structure','FIREWALL_ACCESSORY_FEE',NULL,50000,NULL,NULL,'2019-04-22 15:13:07','USR-1b82c604:14cc29913bb:-7fec','ADMIN',1),('RUL-7385ffbe:16a438b05b7:-7cab','APPROVED','SINGLE_RESIDENTIAL_LOCATIONAL_CLEARANCE','oboassessment','compute-zoning-fee','SINGLE_RESIDENTIAL_LOCATIONAL_CLEARANCE',NULL,50000,NULL,NULL,'2019-04-22 14:01:32','USR-1b82c604:14cc29913bb:-7fec','ADMIN',1),('RUL-75b995c:15b18c6b9a6:-6dbc','DEPLOYED','BLDG_FEE_A1','oboassessment','compute-bldgfee','COMPUTE BLDG FEE FOR A1',NULL,50000,NULL,NULL,'2017-03-28 19:33:18','USR-ADMIN','ADMIN',1),('RUL-75b995c:15b18c6b9a6:-7087','UPGRADE','COMPUTE_CONSTRUCTION_COST_FOR_F','oboconstructioncost','initial','COMPUTE CONSTRUCTION COST FOR F',NULL,50000,NULL,NULL,'2017-03-28 19:29:59','USR-ADMIN','ADMIN',1),('RUL-75b995c:15b18c6b9a6:-73a0','UPGRADE','COMPUTE_CONSTRUCTION_COST_FOR_A_B_C_D_E_G_H_I','oboconstructioncost','initial','COMPUTE CONSTRUCTION COST FOR A,B,C,D,E,G,H,I',NULL,50000,NULL,NULL,'2017-03-28 19:12:39','USR-ADMIN','ADMIN',1),('RUL-c8891ba:178e3c52288:-66aa','DEPLOYED','VALIDATE_UNCOMPLETED_TASKITEMS','oboworkflow','initial','Test if there are uncompleted tasks. Usually this state applies before leaving he processing states which has taskitems (zoning evaluation process, trade evaluation process, etc)',NULL,50000,NULL,NULL,'2021-04-18 16:51:27','USR-ADMIN','ADMIN',1),('RUL-c8891ba:178e3c52288:-683f','DEPLOYED','CHECK_HAS_FINDINGS','oboworkflow','initial','This rule executes to determine if there are requirements that are subject for revision. It returns hasrevision  (true or false)',NULL,100000,NULL,NULL,'2021-04-18 16:25:35','USR-ADMIN','ADMIN',1),('RUL-c8891ba:178e3c52288:-6892','DEPLOYED','CHECK_HAS_REQUIREMENTS_REVISION','oboworkflow','initial','This rule executes to determine if there are requirements that are subject for revision. It returns hasrevision  (true or false)',NULL,100000,NULL,NULL,'2021-04-18 16:24:55','USR-ADMIN','ADMIN',1),('RUL10bc2a9b:15b3805d39e:-6ef4','UPGRADE','MECHANICAL_FEE_FIRE_SPRINKLER_SYSTEM','oboassessment','compute-mechanical-fee','MECHANICAL FEE FIRE SPRINKLER SYSTEM',NULL,50000,NULL,NULL,'2017-04-03 20:53:01','USR-ADMIN','ADMIN',1),('RUL10bc2a9b:15b3805d39e:-6f05','UPGRADE','MECHANICAL_FEE_WATER_SUMP','oboassessment','compute-mechanical-fee','MECHANICAL FEE WATER SUMP',NULL,50000,NULL,NULL,'2017-04-03 20:52:43','USR-ADMIN','ADMIN',1),('RUL10bc2a9b:15b3805d39e:-6f74','UPGRADE','MECHANICAL_FEE_PRESSURIZED_WATER_HEATER','oboassessment','compute-mechanical-fee','MECHANICAL FEE PRESSURIZED WATER HEATER',NULL,50000,NULL,NULL,'2017-04-03 20:49:26','USR-ADMIN','ADMIN',1),('RUL10bc2a9b:15b3805d39e:-7cd0','UPGRADE','MECHANICAL_FEE_CONSTRUCTION_ELEVATOR','oboassessment','compute-mechanical-fee','MECHANICAL FEE CONSTRUCTION ELEVATOR',NULL,50000,NULL,NULL,'2017-04-03 20:19:41','USR-ADMIN','ADMIN',1),('RUL10bc2a9b:15b3805d39e:-7ce1','UPGRADE','MECHANICAL_FEE_MOTOR_DRIVEN_DUMBWAITER','oboassessment','compute-mechanical-fee','MECHANICAL MOTOR DRIVEN DUMBWAITER',NULL,50000,NULL,NULL,'2017-04-03 20:19:23','USR-ADMIN','ADMIN',1),('RUL15a848a4:178ce76b7fe:-6255','DEPLOYED','ACCEPT_APPLICATION','oboworkflow','initial','This assigns the application no. and date notifies the applicant that the application was accepted. ',NULL,1000,NULL,NULL,'2021-04-14 14:12:33','USR-ADMIN','ADMIN',1),('RUL15a848a4:178ce76b7fe:-71f9','DEPLOYED','REQUIREMENT_REVISION','oboworkflow','initial','Rules when there are requirements that has revision. This will create the transmittal and send it via email ',NULL,50000,NULL,NULL,'2021-04-14 13:28:28','USR-ADMIN','ADMIN',1),('RUL1b6db00d:1763c2807b2:-7731','DEPLOYED','ADD_ELECTRICAL_FEE','oboassessment','initial','ADD ELECTRICAL FEE ',NULL,50000,NULL,NULL,'2020-12-07 15:57:48','USR-ADMIN','ADMIN',1),('RUL1b6db00d:1763c2807b2:-77d3','DEPLOYED','ADD_MECHANICAL_FEE','oboassessment','initial','ADD MECHANICAL FEE ',NULL,50000,NULL,NULL,'2020-12-07 15:57:04','USR-ADMIN','ADMIN',1),('RUL202450a2:178e51c747b:-7c39','DEPLOYED','REACTIVATE_TASKITEMS','oboworkflow','initial','This will reactivate tasks that are previously for-revision',NULL,50000,NULL,NULL,'2021-04-19 09:18:35','USR-ADMIN','ADMIN',1),('RUL202450a2:178e51c747b:-7c5a','DEPLOYED','ACTIVATE_TASKITEMS','oboworkflow','initial','This will activate tasks defined in obo taskitem types based on the activationstate. ',NULL,50000,NULL,NULL,'2021-04-19 09:18:18','USR-ADMIN','ADMIN',1),('RUL27db1036:16a38f07d48:-6e8b','UPGRADE','ELECTRONIC_FEE_OTHER_EQUIPMENT','oboassessment','compute-electronic-fee','ELECTRONIC_FEE_OTHER_EQUIPMENT',NULL,50000,NULL,NULL,'2019-04-20 13:11:03','USR-1b82c604:14cc29913bb:-7fec','ADMIN',1),('RUL27db1036:16a38f07d48:-75b1','UPGRADE','ELECTRONIC_FEE_SIGNAGE','oboassessment','compute-electronic-fee','ELECTRONIC_FEE_SIGNAGE',NULL,50000,NULL,NULL,'2019-04-20 13:05:15','USR-1b82c604:14cc29913bb:-7fec','ADMIN',1),('RUL27db1036:16a38f07d48:-75c2','UPGRADE','ELECTRONIC_FEE_ANTENNA','oboassessment','compute-electronic-fee','ELECTRONIC_FEE_ANTENNA',NULL,50000,NULL,NULL,'2019-04-20 13:05:03','USR-1b82c604:14cc29913bb:-7fec','ADMIN',1),('RUL27db1036:16a38f07d48:-75e4','UPGRADE','ELECTRONIC_FEE_GROUP_E','oboassessment','compute-electronic-fee','ELECTRONIC_FEE_GROUP_E (CONTROL SYSTEMS)',NULL,50000,NULL,NULL,'2019-04-20 13:03:59','USR-1b82c604:14cc29913bb:-7fec','ADMIN',1),('RUL27db1036:16a38f07d48:-75f5','UPGRADE','ELECTRONIC_FEE_GROUP_D','oboassessment','compute-electronic-fee','ELECTRONIC_FEE_GROUP_D ( IT SYSTEMS )',NULL,50000,NULL,NULL,'2019-04-20 13:03:42','USR-1b82c604:14cc29913bb:-7fec','ADMIN',1),('RUL27db1036:16a38f07d48:-7606','UPGRADE','ELECTRONIC_FEE_GROUP_C','oboassessment','compute-electronic-fee','ELECTRONIC_FEE_GROUP_C ( ELECTRONIC EQUIPMENTS)',NULL,50000,NULL,NULL,'2019-04-20 13:03:21','USR-1b82c604:14cc29913bb:-7fec','ADMIN',1),('RUL27db1036:16a38f07d48:-7617','UPGRADE','ELECTRONIC_FEE_GROUP_B','oboassessment','compute-electronic-fee','ELECTRONIC_FEE_GROUP_B (BROADCASTING)',NULL,50000,NULL,NULL,'2019-04-20 13:02:51','USR-1b82c604:14cc29913bb:-7fec','ADMIN',1),('RUL27db1036:16a38f07d48:-7952','UPGRADE','ELECTRONIC_FEE_GROUP_A','oboassessment','compute-electronic-fee','ELECTRONIC_FEE_GROUP_A (TELECOM)',NULL,50000,NULL,NULL,'2019-04-20 12:59:33','USR-1b82c604:14cc29913bb:-7fec','ADMIN',1),('RUL2e43f3c6:15b48c07f72:-78ea','DEPLOYED','PLUMBING_FEE_VALUE_AT_7','oboassessment','compute-plumbing-fee','PLUMBING FEE @ 7 PESOS PER UNIT',NULL,50000,NULL,NULL,'2017-04-07 02:21:09','USR-ADMIN','ADMIN',1),('RUL36ece640:15b3cf0a031:-779a','UPGRADE','MECHANICAL_FEE_ENGINES','oboassessment','compute-mechanical-fee','MECHANICAL FEE FOR DIESEL GASOLINE STEAM HYDRO NUCLEAR SOLAR ENGINES',NULL,50000,NULL,NULL,'2017-04-04 19:27:55','USR-ADMIN','ADMIN',1),('RUL3b31d1e8:16a5826cfa5:-72a3','UPGRADE','UPLR_FEE','oboassessment','summary','UPLR FEE',NULL,50000,NULL,NULL,'2019-04-26 14:56:31','USR-1b82c604:14cc29913bb:-7fec','ADMIN',1),('RUL3b3fed41:16bdd640b5c:-74d3','UPGRADE','NEW_CONSTRUCTION_COST_FOR_ACCESSORY','oboconstructioncost','initial','NEW CONSTRUCTION COST FOR ACCESSORY for j group',NULL,50000,NULL,NULL,'2019-07-11 03:53:35','USR-6bf98eba:1254696a2c9:-7ff6','ADMIN',1),('RUL3f65f585:15b74b1144b:-5fa3','DRAFT','FIXED_OVEN_COMMERCIAL_INDUSTRIAL','oboassessment','compute-accessory','FIXED_OVEN_COMMERCIAL_INDUSTRIAL',NULL,50000,NULL,NULL,'2017-04-15 18:45:52','USR-ADMIN','ADMIN',1),('RUL3f65f585:15b74b1144b:-61c9','DRAFT','CHIMNEY','oboassessment','compute-accessory','CHIMNEY',NULL,50000,NULL,NULL,'2017-04-15 18:43:43','USR-ADMIN','ADMIN',1),('RUL3f65f585:15b74b1144b:-6396','DRAFT','SMOKESTACK_B_E_F_G','oboassessment','compute-accessory','SMOKE STACK FOR GROUP B,E,F,G',NULL,50000,NULL,NULL,'2017-04-15 18:41:23','USR-ADMIN','ADMIN',1),('RUL3f65f585:15b74b1144b:-65b4','DRAFT','STORAGE_SILOS','oboassessment','compute-accessory','STORAGE SILOS',NULL,50000,NULL,NULL,'2017-04-15 18:16:03','USR-ADMIN','ADMIN',1),('RUL3f65f585:15b74b1144b:-6ec2','DRAFT','TOWER_TRILON_GUYED_GROUPS_C_D_H_I','oboassessment','compute-accessory','TOWER TRILON GUYED GROUPS C D H I ',NULL,50000,NULL,NULL,'2017-04-15 17:49:21','USR-ADMIN','ADMIN',1),('RUL3f65f585:15b74b1144b:-6efb','DRAFT','TOWER_SELF_SUPPORTING_GROUPS_C_D_H_I','oboassessment','compute-accessory','TOWER SELF SUPPORTING GROUPS C D H I ',NULL,50000,NULL,NULL,'2017-04-15 17:48:53','USR-ADMIN','ADMIN',1),('RUL3f65f585:15b74b1144b:-6f38','DRAFT','TOWER_TRILON_GUYED_COMMERCIAL_INDUSTRIAL','oboassessment','compute-accessory','TOWER TRILON GUYED COMMERCIAL INDUSTRIAL',NULL,50000,NULL,NULL,'2017-04-15 17:48:09','USR-ADMIN','ADMIN',1),('RUL3f65f585:15b74b1144b:-6f6a','DRAFT','TOWER_SELF_SUPPORTING_COMMERCIAL_INDUSTRIAL','oboassessment','compute-accessory','TOWER SELF SUPPORTING COMMERCIAL INDUSTRIAL',NULL,50000,NULL,NULL,'2017-04-15 17:47:47','USR-ADMIN','ADMIN',1),('RUL3f65f585:15b74b1144b:-6fbc','DRAFT','TOWER_TRILON_GUYED_SINGLE_DWELLING_UNITS','oboassessment','compute-accessory','TOWER TRILON GUYED SINGLE DETACHED DWELLING UNITS',NULL,50000,NULL,NULL,'2017-04-15 17:47:09','USR-ADMIN','ADMIN',1),('RUL3f65f585:15b74b1144b:-73aa','DRAFT','TOWER_SELF_SUPPORTING_SINGLE_DWELLING_UNITS','oboassessment','compute-accessory','TOWER SELF SUPPORTING SINGLE DETACHED DWELLING UNITS',NULL,50000,NULL,NULL,'2017-04-15 16:00:16','USR-ADMIN','ADMIN',1),('RUL3f65f585:15b74b1144b:-7647','DRAFT','FIREWALLS_SEPARATE_FROM_BLDG','oboassessment','compute-accessory','FIREWALLS SEPARATE FROM BLDG',NULL,50000,NULL,NULL,'2017-04-16 03:55:40','USR-ADMIN','ADMIN',1),('RUL482f4d8b:17635283290:-7a18','DEPLOYED','COMPUTE_BFP_SALES_TAX','oboassessment','compute-fire-fees','COMPUTE BFP SALES TAX',NULL,50000,NULL,NULL,'2020-12-06 07:15:23','USR-ADMIN','ADMIN',1),('RUL482f4d8b:17635283290:-7dcd','DEPLOYED','ADD_BFP_SALES_TAX','oboassessment','initial','ADD BFP SALES TAX',NULL,50000,NULL,NULL,'2020-12-06 07:09:33','USR-ADMIN','ADMIN',1),('RUL4cf13b0:15b4dbc7b17:-769d','DEPLOYED','PLUMBING_FEE_SEPTIC_TANK_CONSTRUCTION','oboassessment','compute-plumbing-fee','PLUMBING FEE SEPTIC TANK CONSTRUCTION',NULL,50000,NULL,NULL,'2017-04-08 01:56:01','USR-ADMIN','ADMIN',1),('RUL4cf13b0:15b4dbc7b17:-78b3','DEPLOYED','PLUMBING_FEE_WATER_METER_ABOVE_25_MM','oboassessment','compute-plumbing-fee','PLUMBING FEE WATER METER ABOVE 25 MM',NULL,50000,NULL,NULL,'2017-04-08 01:52:41','USR-ADMIN','ADMIN',1),('RUL4cf13b0:15b4dbc7b17:-78c4','DEPLOYED','PLUMBING_FEE_WATER_METER_12_TO_25_MM','oboassessment','compute-plumbing-fee','PLUMBING FEE WATER METER 12 TO 25 MM DIA.',NULL,50000,NULL,NULL,'2017-04-08 01:52:17','USR-ADMIN','ADMIN',1),('RUL4cf13b0:15b4dbc7b17:-7d2e','DEPLOYED','PLUMBING_FEE_VALUE_AT_2','oboassessment','compute-plumbing-fee','PLUMBING FEE @ 2 PESOS PER UNIT',NULL,50000,NULL,NULL,'2017-04-08 01:29:21','USR-ADMIN','ADMIN',1),('RUL4cf13b0:15b4dbc7b17:-7e4b','DEPLOYED','PLUMBING_FEE_VALUE_AT_4','oboassessment','compute-plumbing-fee','PLUMBING FEE @ 4 PESOS PER UNIT',NULL,50000,NULL,NULL,'2017-04-08 01:26:49','USR-ADMIN','ADMIN',1),('RUL4cf13b0:15b4dbc7b17:-7e5c','DEPLOYED','PLUMBING_FEE_VALUE_AT_3','oboassessment','compute-plumbing-fee','PLUMBING FEE @ 3 PESOS PER UNIT',NULL,50000,NULL,NULL,'2017-04-08 01:26:41','USR-ADMIN','ADMIN',1),('RUL4e513a84:15b291a0165:-7eee','UPGRADE','MECHANICAL_FEE_BOILER','oboassessment','compute-mechanical-fee','MECHANICAL_FEE_BOILER',NULL,50000,NULL,NULL,'2017-03-31 22:41:25','USR-ADMIN','ADMIN',1),('RUL51c2b1c4:15b69a42d57:-7855','DRAFT','BLDG_WITH_HEIGHT_ABOVE_8_METERS','oboassessment','compute-accessory','ACCESSORY STRUCTURE FEE FOR BLDG WITH HEIGHT ABOVE 8 METERS',NULL,50000,NULL,NULL,'2017-04-13 23:48:35','USR-ADMIN','ADMIN',1),('RUL53dfe0fc:178d9b96507:-7b1a','DEPLOYED','TASKITEM_CHECK_HAS_FINDINGS','oboworkflow','taskitem','This checks state if there are taskitems that has findings or not',NULL,50000,NULL,NULL,'2021-04-16 17:10:31','USR-ADMIN','ADMIN',1),('RUL544e84a6:15b372b5faf:-782f','UPGRADE','MECHANICAL_FEE_MV_BLOWER_FAN','oboassessment','compute-mechanical-fee','MECHANICAL FEE MECHANICAL VENTILATION BLOWER OR FAN ',NULL,50000,NULL,NULL,'2017-04-03 18:26:25','USR-ADMIN','ADMIN',1),('RUL544e84a6:15b372b5faf:-7959','UPGRADE','MECHANICAL_FEE_WINDOW_TYPE_AC','oboassessment','compute-mechanical-fee','MECHANICAL FEE WINDOW TYPE AIRCONDITIONING',NULL,50000,NULL,NULL,'2017-04-03 18:24:27','USR-ADMIN','ADMIN',1),('RUL544e84a6:15b372b5faf:-7c53','UPGRADE','MECHANICAL_FEE_PC_AC','oboassessment','compute-mechanical-fee','MECHANICAL FEE PACKAGED CENTRALIZED AIR CONDITIONING SYSTEM',NULL,50000,NULL,NULL,'2017-04-03 16:34:26','USR-ADMIN','ADMIN',1),('RUL544e84a6:15b372b5faf:-7d4b','UPGRADE','MECHANICAL_FEE_ICE_PLANT','oboassessment','compute-mechanical-fee','MECHANICAL FEE ICE PLANT',NULL,50000,NULL,NULL,'2017-04-03 16:32:44','USR-ADMIN','ADMIN',1),('RUL55d9e7c7:16a3522d159:-7c8e','DEPLOYED','ADD_ELECTRONIC_FEE','oboassessment','initial','ADD ELECTRONIC FEE',NULL,50000,NULL,NULL,'2019-04-19 19:14:51','USR-1b82c604:14cc29913bb:-7fec','ADMIN',1),('RUL59515aa4:16a3a32fa5e:-3fb8','DEPLOYED','SWIMMING_POOL_INDIGENOUS_FEE_GROUP_C_D_H_I','oboassessment','compute-accessory-structure','SWIMMING POOL INDIGENOUS MATERIALS FEE GROUP C,D,H,I',NULL,50000,NULL,NULL,'2019-04-20 23:18:51','USR-1b82c604:14cc29913bb:-7fec','ADMIN',1),('RUL59515aa4:16a3a32fa5e:-3fec','DEPLOYED','SWIMMING_POOL_INDIGENOUS_FEE_GROUP_B_E_F_G','oboassessment','compute-accessory-structure','SWIMMING POOL INDIGENOUS MATERIALS FEE GROUP B E F G',NULL,50000,NULL,NULL,'2019-04-20 23:18:29','USR-1b82c604:14cc29913bb:-7fec','ADMIN',1),('RUL59515aa4:16a3a32fa5e:-4020','DEPLOYED','SWIMMING_POOL_INDIGENOUS_FEE_GROUP_A','oboassessment','compute-accessory-structure','SWIMMING POOL INDIGENOUS MATERIALS FEE GROUP A',NULL,50000,NULL,NULL,'2019-04-20 23:18:05','USR-1b82c604:14cc29913bb:-7fec','ADMIN',1),('RUL59515aa4:16a3a32fa5e:-41fd','DEPLOYED','SWIMMING_POOL_FEE_GROUP_C_D_H_I','oboassessment','compute-accessory-structure','SWIMMING POOL FEE GROUP C,D,H,I',NULL,50000,NULL,NULL,'2019-04-20 23:15:52','USR-1b82c604:14cc29913bb:-7fec','ADMIN',1),('RUL59515aa4:16a3a32fa5e:-420e','DEPLOYED','SWIMMING_POOL_FEE_GROUP_B_E_F_G','oboassessment','compute-accessory-structure','SWIMMING POOL FEE GROUP B E F G',NULL,50000,NULL,NULL,'2019-04-20 23:15:33','USR-1b82c604:14cc29913bb:-7fec','ADMIN',1),('RUL59515aa4:16a3a32fa5e:-43ab','DEPLOYED','SWIMMING_POOL_FEE_GROUP_A','oboassessment','compute-accessory-structure','SWIMMING POOL FEE GROUP A',NULL,50000,NULL,NULL,'2019-04-20 23:14:00','USR-1b82c604:14cc29913bb:-7fec','ADMIN',1),('RUL59515aa4:16a3a32fa5e:-4513','DEPLOYED','BANK_VAULT_FEE','oboassessment','compute-accessory-structure','BANK_VAULT_FEE',NULL,50000,NULL,NULL,'2019-04-20 23:09:18','USR-1b82c604:14cc29913bb:-7fec','ADMIN',1),('RUL59515aa4:16a3a32fa5e:-6790','DEPLOYED','BLDG_HEIGHT_ABOVE_8_METERS_FEE','oboassessment','compute-accessory-structure','BLDG_HEIGHT_ABOVE_8_METERS_FEE',NULL,50000,NULL,NULL,'2019-04-20 18:34:55','USR-1b82c604:14cc29913bb:-7fec','ADMIN',1),('RUL59515aa4:16a3a32fa5e:-775e','DEPLOYED','BALCONY_FEE_A1','oboassessment','compute-accessory-structure','COMPUTE BALCONY FEE FOR A1',NULL,50000,NULL,NULL,'2019-04-20 18:23:24','USR-1b82c604:14cc29913bb:-7fec','ADMIN',1),('RUL59515aa4:16a3a32fa5e:-7792','DEPLOYED','BALCONY_FEE_A2','oboassessment','compute-accessory-structure','BALCONY FEE FOR A2',NULL,50000,NULL,NULL,'2019-04-20 18:23:06','USR-1b82c604:14cc29913bb:-7fec','ADMIN',1),('RUL59515aa4:16a3a32fa5e:-77c6','DEPLOYED','BALCONY_FEE_B1_C1_E123_F1_G12345_H1234_I1_J123','oboassessment','compute-accessory-structure','BALCONY FEE FOR B-1/ C-1/ E-1,2,3/ F-1/G-1,2,3,4,5 /H-1,2,3,4/I-1 AND J-1,2,3',NULL,50000,NULL,NULL,'2019-04-20 18:22:46','USR-1b82c604:14cc29913bb:-7fec','ADMIN',1),('RUL59515aa4:16a3a32fa5e:-77fa','DEPLOYED','BALCONY_FEE_C2_D123','oboassessment','compute-accessory-structure','COMPUTE BALCONY FEE FOR C-2/D-1,2,3',NULL,50000,NULL,NULL,'2019-04-20 18:22:27','USR-1b82c604:14cc29913bb:-7fec','ADMIN',1),('RUL59515aa4:16a3a32fa5e:-782e','APPROVED','BALCONY_FEE_A1_NOT_NEW','oboassessment','compute-accessory-structure','COMPUTE BALCONY FEE A1 NOT NEW',NULL,50000,NULL,NULL,'2019-04-20 18:22:06','USR-1b82c604:14cc29913bb:-7fec','ADMIN',1),('RUL59515aa4:16a3a32fa5e:-7883','APPROVED','BALCONY_FEE_A2_NOT_NEW','oboassessment','compute-accessory-structure','COMPUTE BALCONY FEE  A2 NOT ORIGINAL',NULL,50000,NULL,NULL,'2019-04-20 18:21:41','USR-1b82c604:14cc29913bb:-7fec','ADMIN',1),('RUL5c26d02a:178f398c3aa:-6f0c','DEPLOYED','SEND_PAYMENT_ORDER','oboworkflow','initial','Send payment order after paymrnt approval',NULL,50000,NULL,NULL,'2021-04-21 19:23:00','USR-ADMIN','ADMIN',1),('RUL5c26d02a:178f398c3aa:-7d10','DEPLOYED','VALIDATE_ASSESSMENT','oboworkflow','initial','Validate if all fees are computed before finalizing assesment',NULL,50000,NULL,NULL,'2021-04-21 16:46:01','USR-ADMIN','ADMIN',1),('RUL5df0950f:17916da5516:-6c0d','DEPLOYED','VALIDATE_BUILDING_RPT_DOCS','oboworkflow','initial','Validate the existence of required building permit documents',NULL,50000,NULL,NULL,'2021-04-28 13:24:48','USR-ADMIN','ADMIN',1),('RUL67dafb9:15b5100218a:-7bbc','DEPLOYED','OCCUPANCY_FEE_J2','oboassessment','compute-occupancyfee','OCCUPANCY FEE FOR J2 CLASSIFICATION',NULL,50000,NULL,NULL,'2017-04-08 16:50:53','USR-ADMIN','ADMIN',1),('RUL67dafb9:15b5100218a:-7bcd','DEPLOYED','OCCUPANCY_FEE_J1','oboassessment','compute-occupancyfee','OCCUPANCY FEE FOR J1 CLASSIFICATION',NULL,50000,NULL,NULL,'2017-04-08 16:50:33','USR-ADMIN','ADMIN',1),('RUL67dafb9:15b5100218a:-7bde','DEPLOYED','OCCUPANCY_FEE_C12_D123','oboassessment','compute-occupancyfee','OCCUPANCY FEE FOR C12, D123',NULL,50000,NULL,NULL,'2017-04-08 16:50:14','USR-ADMIN','ADMIN',1),('RUL67dafb9:15b5100218a:-7bef','DEPLOYED','OCCUPANCY_FEE_B1_E123_F1_G12345_H123_I1','oboassessment','compute-occupancyfee','OCCUPANCY FEE FOR B1, E123, F1, G12345, H123, I1',NULL,50000,NULL,NULL,'2017-04-08 16:49:41','USR-ADMIN','ADMIN',1),('RUL67dafb9:15b5100218a:-7ea4','DEPLOYED','OCCUPANCY_FEE_A1_A2','oboassessment','compute-occupancyfee','OCCUPANCY FEE FOR A1 AND A2 CLASSIFICATION',NULL,50000,NULL,NULL,'2017-04-08 16:40:39','USR-ADMIN','ADMIN',1),('RUL67f85531:15b22c52b19:-7925','DRAFT','REMOVE_ZERO_VALUE_FEES','oboassessment','summary','REMOVE FEES WITH ZERO VALUE',NULL,50000,NULL,NULL,'2017-03-30 17:13:57','USR-ADMIN','ADMIN',1),('RUL6a083481:15b1d42e454:-7e47','DEPLOYED','ELECTRICAL_FEE_TOTAL_CONNECTED_LOAD','oboassessment','compute-electrical-fee','ELECTRICAL FEE TOTAL CONNECTED LOAD',NULL,50000,NULL,NULL,'2017-03-30 03:32:38','USR-ADMIN','ADMIN',1),('RUL6cc4d33e:15b3c1e2e72:-4e7a','UPGRADE','MECHANICAL_FEE_PASSENGER_FREIGHT_CAR_ELEVATOR','oboassessment','compute-mechanical-fee','MECHANICAL FEE FOR PASSENGER, FREIGHT, AND CAR ELEVATOR',NULL,50000,NULL,NULL,'2017-04-04 18:55:41','USR-ADMIN','ADMIN',1),('RUL6cc4d33e:15b3c1e2e72:-708f','DEPLOYED','ELECTRICAL_FEE_TOTAL_TRANSFORMER_GENERATOR_UPS','oboassessment','compute-electrical-fee','ELECTRICAL FEE TRANSFORMER_GENERATOR UPS CAPACITY',NULL,50000,NULL,NULL,'2017-04-05 03:40:46','USR-ADMIN','ADMIN',1),('RUL6e008a5f:15b6c73a9f2:-71ec','DRAFT','SWIMMING_POOL_INDIGENOUS_FEE_FOR_A','oboassessment','compute-accessory','SWIMMING_POOL_INDIGENOUS_FEE_FOR_A',NULL,50000,NULL,NULL,'2017-04-14 01:13:25','USR-ADMIN','ADMIN',1),('RUL6e008a5f:15b6c73a9f2:-721e','DRAFT','SWIMMING_POOL_INDIGENOUS_FEE_FOR_B_E_F_G','oboassessment','compute-accessory','SWIMMING POOL INDIGENOUS FEE FOR GROUP  B, E, F,G',NULL,50000,NULL,NULL,'2017-04-14 01:13:01','USR-ADMIN','ADMIN',1),('RUL6e008a5f:15b6c73a9f2:-7250','DRAFT','SWIMMING_POOL_INDIGENOUS_FEE_FOR_C_D_H_I','oboassessment','compute-accessory','SWIMMING POOL INDIGENOUS FEE FOR GROUP C,D,H,I',NULL,50000,NULL,NULL,'2017-04-14 01:12:32','USR-ADMIN','ADMIN',1),('RUL6e008a5f:15b6c73a9f2:-7ba0','DRAFT','SWIMMING_POOL_FEE_FOR_C_D_H_I','oboassessment','compute-accessory','SWIMMING POOL FEE FOR GROUP C,D,H,I',NULL,50000,NULL,NULL,'2017-04-14 00:59:55','USR-ADMIN','ADMIN',1),('RUL6e008a5f:15b6c73a9f2:-7bdf','DRAFT','SWIMMING_POOL_FEE_FOR_B_E_F_G','oboassessment','compute-accessory','SWIMMING POOL FEE FOR GROUP  B, E, F,G',NULL,50000,NULL,NULL,'2017-04-14 00:59:14','USR-ADMIN','ADMIN',1),('RUL6e008a5f:15b6c73a9f2:-7e6e','DRAFT','SWIMMING_POOL_FEE_FOR_A','oboassessment','compute-accessory','SWIMMING_POOL_FEE_FOR_A',NULL,50000,NULL,NULL,'2017-04-14 00:57:01','USR-ADMIN','ADMIN',1),('RUL6e49d4a7:178df84116c:-7dbb','DEPLOYED','TASKITEM_BEFORE_APPROVAL','oboworkflow','taskitem','This rule validates certian rules during approval with a taskitem. ',NULL,50000,NULL,NULL,'2021-04-17 19:27:17','USR-ADMIN','ADMIN',1),('RUL7326c266:1763b5535c7:-7719','UPGRADE','UPDATE_FIRE_INSPECTION_TO_INCLUDE_PENALTY','oboassessment','pre-summary','UPDATE FIRE INSPECTION TO INCLUDE PENALTY',NULL,50000,NULL,NULL,'2020-12-07 12:02:26','USR-ADMIN','ADMIN',1),('RUL7326c266:1763b5535c7:-7aa3','DEPLOYED','ADD_FIRE_CODE_CONSTRUCTION_TAX','oboassessment','compute-fire-fees','ADD FIRE CODE CONSTRUCTION TAX',NULL,50000,NULL,NULL,'2020-12-07 11:58:48','USR-ADMIN','ADMIN',1),('RUL79522df:178f7318fbf:-79c9','DEPLOYED','ISSUE_DOCS_AFTER_PAYMENT','oboworkflow','initial','Issue the documents after payment was successfully made. ',NULL,50000,NULL,NULL,'2021-04-22 10:00:20','USR-ADMIN','ADMIN',1),('RUL79522df:178f7318fbf:-7a74','DEPLOYED','EVALUATION_REVISION','oboworkflow','initial','Evaluation revision applicable for zoning and trade evaluation. This creates a transmittal and which is then emailed to the client ',NULL,50000,NULL,NULL,'2021-04-22 09:45:09','USR-ADMIN','ADMIN',1),('RUL7c878a78:178fdeed45e:-7a74','DEPLOYED','SEND_BUILDING_PERMIT_DOCS','oboworkflow','initial','This rule will email the building permit documents.  ',NULL,50000,NULL,NULL,'2021-04-23 17:09:45','USR-ADMIN','ADMIN',1),('RUL7c878a78:178fdeed45e:-7db9','DEPLOYED','VALIDATE_DOCS_BEFORE_RELEASE','oboworkflow','initial','This rule will validate that all documents must be issued before releasing',NULL,50000,NULL,NULL,'2021-04-23 16:55:34','USR-ADMIN','ADMIN',1),('RUL7ff72a12:1796f2a520c:-7c2c','DEPLOYED','INSPECTION_REVISION','oboworkflow','initial','Inspection revision applicable for occupancy permit. This creates a transmittal and which is then emailed to the client ',NULL,50000,NULL,NULL,'2021-05-15 16:40:38','USR5b13925b:17066eb8fad:-7eac','EMN3',1),('RULa4090ca:178e495ba55:-7b0a','DEPLOYED','TASKITEMS_JOINSTATE','oboworkflow','taskitem','This is called after completing a taskitem. ',NULL,50000,NULL,NULL,'2021-04-18 19:19:17','USR-ADMIN','ADMIN',1),('RULb3b305a:176400527ad:-6969','DEPLOYED','FINAL_ELECTRICAL_INSPECTION_FEE','oboassessment','compute-inspection-fee','FINAL_ELECTRICAL_INSPECTION_FEE',NULL,50000,NULL,NULL,'2020-12-08 09:55:44','USR-ADMIN','ADMIN',1),('RULb3b305a:176400527ad:-6c3f','DEPLOYED','ADD_FINAL_ELECTRICAL_INSPECTION_FEE_COPY','oboassessment','initial','ADD_FINAL_ELECTRICAL_INSPECTION_FEE',NULL,50000,NULL,NULL,'2020-12-08 09:53:28','USR-ADMIN','ADMIN',1);
/*!40000 ALTER TABLE `sys_rule` ENABLE KEYS */;
UNLOCK TABLES;

--
-- Table structure for table `sys_rule_action`
--

DROP TABLE IF EXISTS `sys_rule_action`;
/*!40101 SET @saved_cs_client     = @@character_set_client */;
/*!40101 SET character_set_client = utf8 */;
CREATE TABLE `sys_rule_action` (
  `objid` varchar(50) NOT NULL,
  `parentid` varchar(50) DEFAULT NULL,
  `actiondef_objid` varchar(50) DEFAULT NULL,
  `actiondef_name` varchar(50) DEFAULT NULL,
  `pos` int(11) DEFAULT NULL,
  PRIMARY KEY (`objid`) USING BTREE,
  KEY `parentid` (`parentid`) USING BTREE,
  KEY `sys_rule_action_actiondef` (`actiondef_objid`) USING BTREE,
  CONSTRAINT `sys_rule_action_actiondef` FOREIGN KEY (`actiondef_objid`) REFERENCES `sys_rule_actiondef` (`objid`),
  CONSTRAINT `sys_rule_action_ibfk_1` FOREIGN KEY (`parentid`) REFERENCES `sys_rule` (`objid`)
) ENGINE=InnoDB DEFAULT CHARSET=utf8;
/*!40101 SET character_set_client = @saved_cs_client */;

--
-- Dumping data for table `sys_rule_action`
--

LOCK TABLES `sys_rule_action` WRITE;
/*!40000 ALTER TABLE `sys_rule_action` DISABLE KEYS */;
INSERT INTO `sys_rule_action` VALUES ('RA-10cfc191:15b48bf8d6b:-7fed','RUL2e43f3c6:15b48c07f72:-78ea','treasury.actions.UpdateBillItemAmount','update-billitem-amount',0),('RA-1b89c680:16a38f14701:-7e8e','RUL27db1036:16a38f07d48:-6e8b','treasury.actions.UpdateBillItemAmount','update-billitem-amount',0),('RA-1b89c680:16a38f14701:-7f36','RUL27db1036:16a38f07d48:-75b1','treasury.actions.UpdateBillItemAmount','update-billitem-amount',0),('RA-1b89c680:16a38f14701:-7f3f','RUL27db1036:16a38f07d48:-75c2','treasury.actions.UpdateBillItemAmount','update-billitem-amount',0),('RA-1b89c680:16a38f14701:-7f51','RUL27db1036:16a38f07d48:-75e4','treasury.actions.UpdateBillItemAmount','update-billitem-amount',0),('RA-1b89c680:16a38f14701:-7f5a','RUL27db1036:16a38f07d48:-75f5','treasury.actions.UpdateBillItemAmount','update-billitem-amount',0),('RA-1b89c680:16a38f14701:-7f63','RUL27db1036:16a38f07d48:-7606','treasury.actions.UpdateBillItemAmount','update-billitem-amount',0),('RA-1b89c680:16a38f14701:-7f6c','RUL27db1036:16a38f07d48:-7617','treasury.actions.UpdateBillItemAmount','update-billitem-amount',0),('RA-1b89c680:16a38f14701:-7fb5','RUL27db1036:16a38f07d48:-7952','treasury.actions.UpdateBillItemAmount','update-billitem-amount',0),('RA-3389760c:1763b5a1616:-7ffc','RUL7326c266:1763b5535c7:-7aa3','treasury.actions.AddBillItem','add-billitem',0),('RA-3394437b:16a4396e5cb:-7a71','RUL-4267ff2c:16a444aba70:-6950','treasury.actions.UpdateBillItemAmount','update-billitem-amount',0),('RA-3394437b:16a4396e5cb:-7a91','RUL-4267ff2c:16a444aba70:-6a5e','treasury.actions.UpdateBillItemAmount','update-billitem-amount',0),('RA-3394437b:16a4396e5cb:-7ad0','RUL-4267ff2c:16a444aba70:-6f9a','treasury.actions.UpdateBillItemAmount','update-billitem-amount',0),('RA-3394437b:16a4396e5cb:-7b26','RUL-4267ff2c:16a444aba70:-744a','treasury.actions.UpdateBillItemAmount','update-billitem-amount',0),('RA-3394437b:16a4396e5cb:-7bd4','RUL-4267ff2c:16a444aba70:-7b89','treasury.actions.UpdateBillItemAmount','update-billitem-amount',0),('RA-3394437b:16a4396e5cb:-7c0d','RUL-4267ff2c:16a444aba70:-7d9d','treasury.actions.UpdateBillItemAmount','update-billitem-amount',0),('RA-3394437b:16a4396e5cb:-7c87','RUL-7385ffbe:16a438b05b7:-5b9d','treasury.actions.UpdateBillItemAmount','update-billitem-amount',0),('RA-3394437b:16a4396e5cb:-7ca9','RUL-7385ffbe:16a438b05b7:-5cab','treasury.actions.UpdateBillItemAmount','update-billitem-amount',0),('RA-3394437b:16a4396e5cb:-7e99','RUL-7385ffbe:16a438b05b7:-6f3a','treasury.actions.UpdateBillItemAmount','update-billitem-amount',0),('RA-3394437b:16a4396e5cb:-7ea9','RUL-7385ffbe:16a438b05b7:-6f77','treasury.actions.UpdateBillItemAmount','update-billitem-amount',0),('RA-3394437b:16a4396e5cb:-7eb9','RUL-7385ffbe:16a438b05b7:-6fb0','treasury.actions.UpdateBillItemAmount','update-billitem-amount',0),('RA-3394437b:16a4396e5cb:-7ecb','RUL-7385ffbe:16a438b05b7:-6feb','treasury.actions.UpdateBillItemAmount','update-billitem-amount',0),('RA-3394437b:16a4396e5cb:-7ed5','RUL-7385ffbe:16a438b05b7:-6ffc','treasury.actions.UpdateBillItemAmount','update-billitem-amount',0),('RA-3394437b:16a4396e5cb:-7ef3','RUL-7385ffbe:16a438b05b7:-7085','treasury.actions.UpdateBillItemAmount','update-billitem-amount',0),('RA-37d558f5:16a4fd0d79e:-7f69','RUL-29595738:16a4fbe79ee:-79fe','treasury.actions.AddBillItem','add-billitem',0),('RA-37d558f5:16a4fd0d79e:-7fa1','RUL-29595738:16a4fbe79ee:-7bd1','treasury.actions.AddBillItem','add-billitem',0),('RA-37d558f5:16a4fd0d79e:-7fb8','RUL-29595738:16a4fbe79ee:-7d01','treasury.actions.AddBillItem','add-billitem',0),('RA-37d558f5:16a4fd0d79e:-7fd5','RUL-29595738:16a4fbe79ee:-7de3','treasury.actions.AddBillItem','add-billitem',0),('RA-37d558f5:16a4fd0d79e:-7ff4','RUL-29595738:16a4fbe79ee:-7ef1','treasury.actions.AddBillItem','add-billitem',0),('RA-39c9f5f6:16a4e3b1db2:-7f9e','RUL-301ccfbb:16a4e3ad539:-7c37','treasury.actions.UpdateBillItemAmount','update-billitem-amount',0),('RA-3d8191a1:17936ba3f16:-7fed','RUL-49489680:17936c381df:-7717','workflow.actions.WfExecuteScript','execute-script',0),('RA-44cc8397:178f37b2eeb:-7ff9','RUL5c26d02a:178f398c3aa:-7d10','workflow.actions.WfExecuteScript','execute-script',0),('RA-4dbf9d19:15bf4e01a24:-7fb2','RUL-181817d3:15bf4e3b890:-73e2','treasury.actions.AddBillItem','add-billitem',0),('RA-4dbf9d19:15bf4e01a24:-7fba','RUL-181817d3:15bf4e3b890:-75db','treasury.actions.AddBillItem','add-billitem',0),('RA-4dbf9d19:15bf4e01a24:-7fc3','RUL-181817d3:15bf4e3b890:-7862','treasury.actions.UpdateBillItemAmount','update-billitem-amount',0),('RA-4dbf9d19:15bf4e01a24:-7fd0','RUL-181817d3:15bf4e3b890:-7873','treasury.actions.UpdateBillItemAmount','update-billitem-amount',0),('RA-4dbf9d19:15bf4e01a24:-7fdd','RUL-181817d3:15bf4e3b890:-7abf','treasury.actions.UpdateBillItemAmount','update-billitem-amount',0),('RA-4dbf9d19:15bf4e01a24:-7fea','RUL-181817d3:15bf4e3b890:-7ad0','treasury.actions.UpdateBillItemAmount','update-billitem-amount',0),('RA-52beabf2:15b3c40641b:-7fc0','RUL-108b4192:15b3d234d5c:-698a','treasury.actions.UpdateBillItemAmount','update-billitem-amount',0),('RA-52beabf2:15b3c40641b:-7fc9','RUL-108b4192:15b3d234d5c:-6ad6','treasury.actions.UpdateBillItemAmount','update-billitem-amount',0),('RA-52beabf2:15b3c40641b:-7fd2','RUL-108b4192:15b3d234d5c:-6c55','treasury.actions.UpdateBillItemAmount','update-billitem-amount',0),('RA-52beabf2:15b3c40641b:-7fdb','RUL-108b4192:15b3d234d5c:-73c4','treasury.actions.UpdateBillItemAmount','update-billitem-amount',0),('RA-52beabf2:15b3c40641b:-7ff0','RUL6cc4d33e:15b3c1e2e72:-4e7a','treasury.actions.UpdateBillItemAmount','update-billitem-amount',0),('RA-53717d20:15b4db8478f:-7fb8','RUL4cf13b0:15b4dbc7b17:-769d','treasury.actions.UpdateBillItemAmount','update-billitem-amount',0),('RA-53717d20:15b4db8478f:-7fca','RUL4cf13b0:15b4dbc7b17:-78b3','treasury.actions.UpdateBillItemAmount','update-billitem-amount',0),('RA-53717d20:15b4db8478f:-7fd3','RUL4cf13b0:15b4dbc7b17:-78c4','treasury.actions.UpdateBillItemAmount','update-billitem-amount',0),('RA-53717d20:15b4db8478f:-7fdc','RUL4cf13b0:15b4dbc7b17:-7d2e','treasury.actions.UpdateBillItemAmount','update-billitem-amount',0),('RA-53717d20:15b4db8478f:-7fe5','RUL4cf13b0:15b4dbc7b17:-7e4b','treasury.actions.UpdateBillItemAmount','update-billitem-amount',0),('RA-53717d20:15b4db8478f:-7fee','RUL4cf13b0:15b4dbc7b17:-7e5c','treasury.actions.UpdateBillItemAmount','update-billitem-amount',0),('RA-59612f04:15b6c1c41a7:-7fc0','RUL6e008a5f:15b6c73a9f2:-71ec','treasury.actions.UpdateBillItemAmount','update-billitem-amount',0),('RA-59612f04:15b6c1c41a7:-7fcb','RUL6e008a5f:15b6c73a9f2:-721e','treasury.actions.UpdateBillItemAmount','update-billitem-amount',0),('RA-59612f04:15b6c1c41a7:-7fd6','RUL6e008a5f:15b6c73a9f2:-7250','treasury.actions.UpdateBillItemAmount','update-billitem-amount',0),('RA-59612f04:15b6c1c41a7:-7fe1','RUL6e008a5f:15b6c73a9f2:-7ba0','treasury.actions.UpdateBillItemAmount','update-billitem-amount',0),('RA-59612f04:15b6c1c41a7:-7fec','RUL6e008a5f:15b6c73a9f2:-7bdf','treasury.actions.UpdateBillItemAmount','update-billitem-amount',0),('RA-640d0dca:178e51a8ae8:-7ff0','RUL202450a2:178e51c747b:-7c39','workflow.actions.WfExecuteScript','execute-script',0),('RA-640d0dca:178e51a8ae8:-7ff8','RUL202450a2:178e51c747b:-7c5a','workflow.actions.WfExecuteScript','execute-script',0),('RA-66680c7b:15b3c241e07:-7fef','RUL6cc4d33e:15b3c1e2e72:-708f','treasury.actions.UpdateBillItemAmount','update-billitem-amount',0),('RA-709c4bfe:17916efdcce:-7ffd','RUL5df0950f:17916da5516:-6c0d','workflow.actions.WfExecuteScript','execute-script',0),('RA-75b062b8:1796f05369d:-7faa','RUL7ff72a12:1796f2a520c:-7c2c','workflow.actions.WfExecuteScript','execute-script',0),('RA-d80e3d1:15b50f8025e:-7fd9','RUL67dafb9:15b5100218a:-7bbc','treasury.actions.AddBillItem','add-billitem',0),('RA-d80e3d1:15b50f8025e:-7fe0','RUL67dafb9:15b5100218a:-7bcd','treasury.actions.AddBillItem','add-billitem',0),('RA-d80e3d1:15b50f8025e:-7fe7','RUL67dafb9:15b5100218a:-7bde','treasury.actions.AddBillItem','add-billitem',0),('RA-d80e3d1:15b50f8025e:-7fee','RUL67dafb9:15b5100218a:-7bef','treasury.actions.AddBillItem','add-billitem',0),('RA-d96c4a7:15bf6365df9:-7fe0','RUL-181817d3:15bf4e3b890:-8e0','treasury.actions.UpdateBillItemAmount','update-billitem-amount',0),('RA16c3fcb:16a3a19e4b9:-7a78','RUL59515aa4:16a3a32fa5e:-3fb8','treasury.actions.UpdateBillItemAmount','update-billitem-amount',0),('RA16c3fcb:16a3a19e4b9:-7a84','RUL59515aa4:16a3a32fa5e:-3fec','treasury.actions.UpdateBillItemAmount','update-billitem-amount',0),('RA16c3fcb:16a3a19e4b9:-7a92','RUL59515aa4:16a3a32fa5e:-4020','treasury.actions.UpdateBillItemAmount','update-billitem-amount',0),('RA16c3fcb:16a3a19e4b9:-7aca','RUL59515aa4:16a3a32fa5e:-41fd','treasury.actions.UpdateBillItemAmount','update-billitem-amount',0),('RA16c3fcb:16a3a19e4b9:-7ad4','RUL59515aa4:16a3a32fa5e:-420e','treasury.actions.UpdateBillItemAmount','update-billitem-amount',0),('RA16c3fcb:16a3a19e4b9:-7afa','RUL59515aa4:16a3a32fa5e:-43ab','treasury.actions.UpdateBillItemAmount','update-billitem-amount',0),('RA16c3fcb:16a3a19e4b9:-7b25','RUL59515aa4:16a3a32fa5e:-4513','treasury.actions.UpdateBillItemAmount','update-billitem-amount',0),('RA1af7b1b4:178ceda2daf:-7ffd','RUL15a848a4:178ce76b7fe:-71f9','workflow.actions.WfExecuteScript','execute-script',0),('RA1cbabe6f:15bf507af61:-7fc7','RUL-181817d3:15bf4e3b890:-29cc','treasury.actions.UpdateBillItemAmount','update-billitem-amount',0),('RA1cbabe6f:15bf507af61:-7fd0','RUL-181817d3:15bf4e3b890:-2b06','treasury.actions.UpdateBillItemAmount','update-billitem-amount',0),('RA1cbabe6f:15bf507af61:-7fd9','RUL-181817d3:15bf4e3b890:-3079','treasury.actions.UpdateBillItemAmount','update-billitem-amount',0),('RA1cbabe6f:15bf507af61:-7fe2','RUL-181817d3:15bf4e3b890:-3186','treasury.actions.UpdateBillItemAmount','update-billitem-amount',0),('RA1cbabe6f:15bf507af61:-7fed','RUL-181817d3:15bf4e3b890:-415b','treasury.actions.UpdateBillItemAmount','update-billitem-amount',0),('RA28a83f44:15b74c946cb:-7f36','RUL-50300c99:15b7626649d:-5330','treasury.actions.UpdateBillItemAmount','update-billitem-amount',0),('RA28a83f44:15b74c946cb:-7f3f','RUL-50300c99:15b7626649d:-56a6','treasury.actions.UpdateBillItemAmount','update-billitem-amount',0),('RA28a83f44:15b74c946cb:-7f48','RUL-50300c99:15b7626649d:-5807','treasury.actions.UpdateBillItemAmount','update-billitem-amount',0),('RA28a83f44:15b74c946cb:-7f51','RUL-50300c99:15b7626649d:-5c39','treasury.actions.UpdateBillItemAmount','update-billitem-amount',0),('RA28a83f44:15b74c946cb:-7f89','RUL-50300c99:15b7626649d:-6cee','treasury.actions.UpdateBillItemAmount','update-billitem-amount',0),('RA28a83f44:15b74c946cb:-7f94','RUL-50300c99:15b7626649d:-6fe2','treasury.actions.UpdateBillItemAmount','update-billitem-amount',0),('RA28a83f44:15b74c946cb:-7f9f','RUL-50300c99:15b7626649d:-7a5e','treasury.actions.UpdateBillItemAmount','update-billitem-amount',0),('RA28a83f44:15b74c946cb:-7faa','RUL-50300c99:15b7626649d:-7a6f','treasury.actions.UpdateBillItemAmount','update-billitem-amount',0),('RA28a83f44:15b74c946cb:-7fc1','RUL3f65f585:15b74b1144b:-6ec2','treasury.actions.UpdateBillItemAmount','update-billitem-amount',0),('RA28a83f44:15b74c946cb:-7fcc','RUL3f65f585:15b74b1144b:-6efb','treasury.actions.UpdateBillItemAmount','update-billitem-amount',0),('RA28a83f44:15b74c946cb:-7fd7','RUL3f65f585:15b74b1144b:-6f38','treasury.actions.UpdateBillItemAmount','update-billitem-amount',0),('RA28a83f44:15b74c946cb:-7fe2','RUL3f65f585:15b74b1144b:-6f6a','treasury.actions.UpdateBillItemAmount','update-billitem-amount',0),('RA28a83f44:15b74c946cb:-7fed','RUL3f65f585:15b74b1144b:-6fbc','treasury.actions.UpdateBillItemAmount','update-billitem-amount',0),('RA2a995b4c:1792618d9c2:-7ffe','RUL-2ff927e8:17926057293:-7ace','obo.actions.AddBuildingRpuFacts','add-building-rpu',0),('RA33115abb:15b366b9fbd:-7f54','RUL10bc2a9b:15b3805d39e:-6ef4','treasury.actions.UpdateBillItemAmount','update-billitem-amount',0),('RA33115abb:15b366b9fbd:-7f5c','RUL10bc2a9b:15b3805d39e:-6f05','treasury.actions.UpdateBillItemAmount','update-billitem-amount',0),('RA33115abb:15b366b9fbd:-7f64','RUL10bc2a9b:15b3805d39e:-6f74','treasury.actions.UpdateBillItemAmount','update-billitem-amount',0),('RA33115abb:15b366b9fbd:-7f84','RUL10bc2a9b:15b3805d39e:-7cd0','treasury.actions.UpdateBillItemAmount','update-billitem-amount',0),('RA33115abb:15b366b9fbd:-7f8c','RUL10bc2a9b:15b3805d39e:-7ce1','treasury.actions.UpdateBillItemAmount','update-billitem-amount',0),('RA33115abb:15b366b9fbd:-7f95','RUL-5a2a6f0f:15b37b47575:-72c2','treasury.actions.UpdateBillItemAmount','update-billitem-amount',0),('RA33115abb:15b366b9fbd:-7f9d','RUL-5a2a6f0f:15b37b47575:-72d3','treasury.actions.UpdateBillItemAmount','update-billitem-amount',0),('RA33115abb:15b366b9fbd:-7fa5','RUL-5a2a6f0f:15b37b47575:-72e4','treasury.actions.UpdateBillItemAmount','update-billitem-amount',0),('RA33115abb:15b366b9fbd:-7fad','RUL-5a2a6f0f:15b37b47575:-72f5','treasury.actions.UpdateBillItemAmount','update-billitem-amount',0),('RA33115abb:15b366b9fbd:-7fb5','RUL-5a2a6f0f:15b37b47575:-7306','treasury.actions.UpdateBillItemAmount','update-billitem-amount',0),('RA33115abb:15b366b9fbd:-7fbd','RUL-5a2a6f0f:15b37b47575:-7317','treasury.actions.UpdateBillItemAmount','update-billitem-amount',0),('RA33115abb:15b366b9fbd:-7fc6','RUL544e84a6:15b372b5faf:-782f','treasury.actions.UpdateBillItemAmount','update-billitem-amount',0),('RA33115abb:15b366b9fbd:-7fd6','RUL544e84a6:15b372b5faf:-7c53','treasury.actions.UpdateBillItemAmount','update-billitem-amount',0),('RA33115abb:15b366b9fbd:-7fde','RUL544e84a6:15b372b5faf:-7d4b','treasury.actions.UpdateBillItemAmount','update-billitem-amount',0),('RA475d0d9e:16a330d4f71:-7d32','RUL55d9e7c7:16a3522d159:-7c8e','treasury.actions.AddBillItem','add-billitem',0),('RA55c282cb:178f73dbaa2:-7ff6','RUL79522df:178f7318fbf:-7a74','workflow.actions.WfExecuteScript','execute-script',0),('RA604f6df3:15b197ab5de:-7fda','RUL-46ef70e6:15b192ccb94:-755f','treasury.actions.AddBillItem','add-billitem',0),('RA604f6df3:15b197ab5de:-7fe8','RUL-46ef70e6:15b192ccb94:-78f4','treasury.actions.AddBillItem','add-billitem',0),('RA6ad88b42:15bf25a2e71:-7fde','RUL-2fbca757:15bf25c4add:-7b95','treasury.actions.UpdateBillItemAmount','update-billitem-amount',0),('RA6ad88b42:15bf25a2e71:-7fe6','RUL-2fbca757:15bf25c4add:-7bbe','treasury.actions.UpdateBillItemAmount','update-billitem-amount',0),('RA73b3316:15bf60d669e:-7f8c','RUL-181817d3:15bf4e3b890:-af9','treasury.actions.UpdateBillItemAmount','update-billitem-amount',0),('RA73b3316:15bf60d669e:-7f98','RUL-181817d3:15bf4e3b890:-b2e','treasury.actions.UpdateBillItemAmount','update-billitem-amount',0),('RA73b3316:15bf60d669e:-7fbc','RUL-181817d3:15bf4e3b890:-d87','treasury.actions.UpdateBillItemAmount','update-billitem-amount',0),('RA73b3316:15bf60d669e:-7fd4','RUL-181817d3:15bf4e3b890:-10f2','treasury.actions.UpdateBillItemAmount','update-billitem-amount',0),('RA73b3316:15bf60d669e:-7fe0','RUL-181817d3:15bf4e3b890:-1103','treasury.actions.UpdateBillItemAmount','update-billitem-amount',0),('RA73b3316:15bf60d669e:-7fec','RUL-181817d3:15bf4e3b890:-1114','treasury.actions.UpdateBillItemAmount','update-billitem-amount',0),('RA78f669e8:178e3c7b70b:-7fce','RUL-c8891ba:178e3c52288:-683f','workflow.actions.WfExecuteScript','execute-script',0),('RA78f669e8:178e3c7b70b:-7fd7','RUL-c8891ba:178e3c52288:-6892','workflow.actions.WfExecuteScript','execute-script',0),('RA7a7a989e:15b22fce173:-7fbc','RUL-41499999:15b23048395:-77db','treasury.actions.UpdateBillItemAmount','update-billitem-amount',0),('RA7a7a989e:15b22fce173:-7fc6','RUL-41499999:15b23048395:-77ec','treasury.actions.UpdateBillItemAmount','update-billitem-amount',0),('RA7a7a989e:15b22fce173:-7fd0','RUL-41499999:15b23048395:-77fd','treasury.actions.UpdateBillItemAmount','update-billitem-amount',0),('RA7a7a989e:15b22fce173:-7fee','RUL-41499999:15b23048395:-7d1e','treasury.actions.UpdateBillItemAmount','update-billitem-amount',0),('RA7e71e841:1763d1170f8:-7ffe','RUL-40697891:1763cd25bb2:-1a91','treasury.actions.AddBillItem','add-billitem',0),('RAc4c09e7:1763c343c65:-7ff9','RUL1b6db00d:1763c2807b2:-7731','treasury.actions.AddBillItem','add-billitem',0),('RAc4c09e7:1763c343c65:-7ffe','RUL1b6db00d:1763c2807b2:-77d3','treasury.actions.AddBillItem','add-billitem',0),('RACT-108b4192:15b3d234d5c:-6da0','RUL-108b4192:15b3d234d5c:-6fd2','treasury.actions.UpdateBillItemAmount','update-billitem-amount',0),('RACT-108b4192:15b3d234d5c:-70d6','RUL-108b4192:15b3d234d5c:-72b4','treasury.actions.UpdateBillItemAmount','update-billitem-amount',0),('RACT-108b4192:15b3d234d5c:-7845','RUL-108b4192:15b3d234d5c:-79d6','treasury.actions.UpdateBillItemAmount','update-billitem-amount',0),('RACT-108b4192:15b3d234d5c:-7a86','RUL-108b4192:15b3d234d5c:-7bfd','treasury.actions.UpdateBillItemAmount','update-billitem-amount',0),('RACT-108b4192:15b3d234d5c:-7e5e','RUL36ece640:15b3cf0a031:-779a','treasury.actions.UpdateBillItemAmount','update-billitem-amount',0),('RACT-181817d3:15bf4e3b890:-1207','RUL-181817d3:15bf4e3b890:-14ca','treasury.actions.UpdateBillItemAmount','update-billitem-amount',0),('RACT-181817d3:15bf4e3b890:-1841','RUL-181817d3:15bf4e3b890:-1a11','treasury.actions.UpdateBillItemAmount','update-billitem-amount',0),('RACT-181817d3:15bf4e3b890:-1b4b','RUL-181817d3:15bf4e3b890:-1cec','treasury.actions.UpdateBillItemAmount','update-billitem-amount',0),('RACT-181817d3:15bf4e3b890:-1f5f','RUL-181817d3:15bf4e3b890:-21c5','treasury.actions.UpdateBillItemAmount','update-billitem-amount',0),('RACT-181817d3:15bf4e3b890:-25c9','RUL-181817d3:15bf4e3b890:-27e7','treasury.actions.UpdateBillItemAmount','update-billitem-amount',0),('RACT-181817d3:15bf4e3b890:-2b63','RUL-181817d3:15bf4e3b890:-2d08','treasury.actions.UpdateBillItemAmount','update-billitem-amount',0),('RACT-181817d3:15bf4e3b890:-31d5','RUL-181817d3:15bf4e3b890:-3397','treasury.actions.UpdateBillItemAmount','update-billitem-amount',0),('RACT-181817d3:15bf4e3b890:-3824','RUL-181817d3:15bf4e3b890:-3cc8','treasury.actions.UpdateBillItemAmount','update-billitem-amount',0),('RACT-24f6e11b:15b6c092725:-7e7c','RUL-108b4192:15b3d234d5c:-67b1','treasury.actions.AddBillItem','add-billitem',0),('RACT-263a2c10:17969526f5a:-6d06','RUL-263a2c10:17969526f5a:-6eca','workflow.actions.WfExecuteScript','execute-script',0),('RACT-2ff927e8:17926057293:-7570','RUL-2ff927e8:17926057293:-7974','treasury.actions.SetBillItemProperty','set-rpu-entry-property',0),('RACT-2ff927e8:17926057293:-763a','RUL-2ff927e8:17926057293:-7974','treasury.actions.SetBillItemProperty','set-rpu-entry-property',0),('RACT-364c55f2:1763c44119c:-104f','RUL-364c55f2:1763c44119c:-115d','treasury.actions.AddBillItem','add-billitem',0),('RACT-364c55f2:1763c44119c:-4bc6','RUL-364c55f2:1763c44119c:-4ccc','treasury.actions.AddBillItem','add-billitem',0),('RACT-40697891:1763cd25bb2:-3205','RUL-40697891:1763cd25bb2:-330f','treasury.actions.AddBillItem','add-billitem',0),('RACT-40697891:1763cd25bb2:-7a41','RUL-40697891:1763cd25bb2:-7b81','treasury.actions.AddBillItem','add-billitem',0),('RACT-412b6ac3:17060a030aa:-7afc','RUL-412b6ac3:17060a030aa:-7ccb','treasury.actions.AddBillItem','add-billitem',0),('RACT-41499999:15b23048395:-7d7f','RUL-41499999:15b23048395:-7ed8','treasury.actions.UpdateBillItemAmount','update-billitem-amount',0),('RACT-41516f3a:178f3866074:-74c8','RUL-41516f3a:178f3866074:-76be','treasury.actions.AddBillItem','add-billitem',0),('RACT-41516f3a:178f3866074:-7595','RUL-41516f3a:178f3866074:-76be','treasury.actions.AddBillItem','add-billitem',0),('RACT-4267ff2c:16a444aba70:-6b26','RUL-4267ff2c:16a444aba70:-6d3b','treasury.actions.UpdateBillItemAmount','update-billitem-amount',0),('RACT-4267ff2c:16a444aba70:-706a','RUL-4267ff2c:16a444aba70:-7247','treasury.actions.UpdateBillItemAmount','update-billitem-amount',0),('RACT-4267ff2c:16a444aba70:-7301','RUL-4267ff2c:16a444aba70:-7493','treasury.actions.UpdateBillItemAmount','update-billitem-amount',0),('RACT-46ef70e6:15b192ccb94:-75e8','RUL-46ef70e6:15b192ccb94:-7783','treasury.actions.AddBillItem','add-billitem',0),('RACT-46ef70e6:15b192ccb94:-7cc2','RUL-75b995c:15b18c6b9a6:-6dbc','treasury.actions.AddBillItem','add-billitem',0),('RACT-497dd1bf:15b6a2553bf:-76b3','RUL-497dd1bf:15b6a2553bf:-783f','treasury.actions.UpdateBillItemAmount','update-billitem-amount',0),('RACT-50300c99:15b7626649d:-587a','RUL-50300c99:15b7626649d:-5a02','treasury.actions.UpdateBillItemAmount','update-billitem-amount',0),('RACT-50300c99:15b7626649d:-5d1d','RUL-50300c99:15b7626649d:-66b5','treasury.actions.UpdateBillItemAmount','update-billitem-amount',0),('RACT-50300c99:15b7626649d:-5f5a','RUL-50300c99:15b7626649d:-66a4','treasury.actions.UpdateBillItemAmount','update-billitem-amount',0),('RACT-50300c99:15b7626649d:-6092','RUL-50300c99:15b7626649d:-66c6','treasury.actions.UpdateBillItemAmount','update-billitem-amount',0),('RACT-50300c99:15b7626649d:-6427','RUL-50300c99:15b7626649d:-6710','treasury.actions.UpdateBillItemAmount','update-billitem-amount',0),('RACT-50300c99:15b7626649d:-727a','RUL-50300c99:15b7626649d:-7440','treasury.actions.UpdateBillItemAmount','update-billitem-amount',0),('RACT-50300c99:15b7626649d:-7596','RUL-50300c99:15b7626649d:-77a6','treasury.actions.UpdateBillItemAmount','update-billitem-amount',0),('RACT-50300c99:15b7626649d:-7acb','RUL-50300c99:15b7626649d:-7ebc','treasury.actions.UpdateBillItemAmount','update-billitem-amount',0),('RACT-580c0202:1796dc1fd5f:-7d35','RUL-580c0202:1796dc1fd5f:-7e53','workflow.actions.WfExecuteScript','execute-script',0),('RACT-5b99cee3:1763b4d0bec:-78b3','RUL-5b99cee3:1763b4d0bec:-7b11','treasury.actions.AddBillItem','add-billitem',0),('RACT-64949ac3:17987dbd3a5:-738a','RUL-64949ac3:17987dbd3a5:-76d0','treasury.actions.AddBillItem','add-billitem',0),('RACT-64949ac3:17987dbd3a5:-77ad','RUL-64949ac3:17987dbd3a5:-7ba5','treasury.actions.AddBillItem','add-billitem',0),('RACT-70eb32d:16c2d244c23:-78f6','RUL-70eb32d:16c2d244c23:-7a5e','treasury.actions.AddBillItem','add-billitem',0),('RACT-7385ffbe:16a438b05b7:-5db4','RUL-7385ffbe:16a438b05b7:-5fc5','treasury.actions.UpdateBillItemAmount','update-billitem-amount',0),('RACT-7385ffbe:16a438b05b7:-726b','RUL-7385ffbe:16a438b05b7:-7482','treasury.actions.UpdateBillItemAmount','update-billitem-amount',0),('RACT-7385ffbe:16a438b05b7:-78ec','RUL-7385ffbe:16a438b05b7:-7cab','treasury.actions.AddBillItem','add-billitem',0),('RACT-7c07cdf9:16a4d035b31:-75c6','RUL-181817d3:15bf4e3b890:-357d','treasury.actions.UpdateBillItemAmount','update-billitem-amount',0),('RACT-c8891ba:178e3c52288:-63a9','RUL-c8891ba:178e3c52288:-66aa','workflow.actions.WfExecuteScript','execute-script',0),('RACT22cc2f0e:178cf44c760:-7ce3','RUL15a848a4:178ce76b7fe:-6255','workflow.actions.WfExecuteScript','execute-script',0),('RACT33892c9a:178e9fb06c5:-70e8','RUL-70eb32d:16c2d244c23:-7a5e','treasury.actions.AddBillItem','add-billitem',0),('RACT3b31d1e8:16a5826cfa5:-711a','RUL3b31d1e8:16a5826cfa5:-72a3','treasury.actions.AddBillItem','add-billitem',0),('RACT3b31d1e8:16a5826cfa5:-7a13','RUL-75b995c:15b18c6b9a6:-7087','obo.actions.ComputeConstructionCost','compute-construction-cost',0),('RACT3b3fed41:16bdd640b5c:-727e','RUL3b3fed41:16bdd640b5c:-74d3','obo.actions.ComputeConstructionCost','compute-construction-cost',0),('RACT3f65f585:15b74b1144b:-5d63','RUL3f65f585:15b74b1144b:-5fa3','treasury.actions.UpdateBillItemAmount','update-billitem-amount',0),('RACT3f65f585:15b74b1144b:-5fed','RUL3f65f585:15b74b1144b:-61c9','treasury.actions.UpdateBillItemAmount','update-billitem-amount',0),('RACT3f65f585:15b74b1144b:-6211','RUL3f65f585:15b74b1144b:-6396','treasury.actions.UpdateBillItemAmount','update-billitem-amount',0),('RACT3f65f585:15b74b1144b:-63db','RUL3f65f585:15b74b1144b:-65b4','treasury.actions.UpdateBillItemAmount','update-billitem-amount',0),('RACT3f65f585:15b74b1144b:-70e7','RUL3f65f585:15b74b1144b:-73aa','treasury.actions.UpdateBillItemAmount','update-billitem-amount',0),('RACT3f65f585:15b74b1144b:-749a','RUL3f65f585:15b74b1144b:-7647','treasury.actions.UpdateBillItemAmount','update-billitem-amount',0),('RACT482f4d8b:17635283290:-6f30','RUL482f4d8b:17635283290:-7a18','treasury.actions.UpdateBillItemAmount','update-billitem-amount',0),('RACT482f4d8b:17635283290:-7b33','RUL482f4d8b:17635283290:-7dcd','treasury.actions.AddBillItem','add-billitem',0),('RACT48d65dac:169e67264db:-7ddf','RUL-75b995c:15b18c6b9a6:-73a0','obo.actions.ComputeConstructionCost','compute-construction-cost',0),('RACT4e513a84:15b291a0165:-7dec','RUL4e513a84:15b291a0165:-7eee','treasury.actions.UpdateBillItemAmount','update-billitem-amount',0),('RACT51c2b1c4:15b69a42d57:-7491','RUL51c2b1c4:15b69a42d57:-7855','treasury.actions.UpdateBillItemAmount','update-billitem-amount',0),('RACT52004977:17954f7e4db:-7db6','RUL7326c266:1763b5535c7:-7aa3','treasury.actions.AddBillItem','add-billitem',0),('RACT53dfe0fc:178d9b96507:-7626','RUL53dfe0fc:178d9b96507:-7b1a','workflow.actions.WfExecuteScript','execute-script',0),('RACT544e84a6:15b372b5faf:-788e','RUL544e84a6:15b372b5faf:-7959','treasury.actions.UpdateBillItemAmount','update-billitem-amount',0),('RACT544e84a6:15b372b5faf:-7da6','RUL-26004fad:15b36e43946:-7e78','treasury.actions.UpdateBillItemAmount','update-billitem-amount',0),('RACT59515aa4:16a3a32fa5e:-45de','RUL59515aa4:16a3a32fa5e:-6790','treasury.actions.UpdateBillItemAmount','update-billitem-amount',0),('RACT59515aa4:16a3a32fa5e:-59a7','RUL59515aa4:16a3a32fa5e:-7883','treasury.actions.UpdateBillItemAmount','update-billitem-amount',0),('RACT59515aa4:16a3a32fa5e:-5a55','RUL59515aa4:16a3a32fa5e:-782e','treasury.actions.UpdateBillItemAmount','update-billitem-amount',0),('RACT59515aa4:16a3a32fa5e:-5beb','RUL59515aa4:16a3a32fa5e:-77fa','treasury.actions.UpdateBillItemAmount','update-billitem-amount',0),('RACT59515aa4:16a3a32fa5e:-5c99','RUL59515aa4:16a3a32fa5e:-77c6','treasury.actions.UpdateBillItemAmount','update-billitem-amount',0),('RACT59515aa4:16a3a32fa5e:-5d47','RUL59515aa4:16a3a32fa5e:-7792','treasury.actions.UpdateBillItemAmount','update-billitem-amount',0),('RACT59515aa4:16a3a32fa5e:-5e5b','RUL59515aa4:16a3a32fa5e:-775e','treasury.actions.UpdateBillItemAmount','update-billitem-amount',0),('RACT5c26d02a:178f398c3aa:-6d72','RUL5c26d02a:178f398c3aa:-6f0c','workflow.actions.WfExecuteScript','execute-script',0),('RACT67dafb9:15b5100218a:-7c9a','RUL67dafb9:15b5100218a:-7ea4','treasury.actions.AddBillItem','add-billitem',0),('RACT67f85531:15b22c52b19:-7894','RUL67f85531:15b22c52b19:-7925','RULADEF-1bc7542a:15b22baf4c3:-7ec1','remove-billitem',0),('RACT6e008a5f:15b6c73a9f2:-7c37','RUL6e008a5f:15b6c73a9f2:-7e6e','treasury.actions.UpdateBillItemAmount','update-billitem-amount',0),('RACT7326c266:1763b5535c7:-72c2','RUL7326c266:1763b5535c7:-7719','treasury.actions.UpdateBillItemAmount','update-billitem-amount',0),('RACT75928924:15b1d4d1c53:-718f','RUL6a083481:15b1d42e454:-7e47','treasury.actions.UpdateBillItemAmount','update-billitem-amount',0),('RACT79522df:178f7318fbf:-77ba','RUL79522df:178f7318fbf:-79c9','workflow.actions.WfExecuteScript','execute-script',0),('RACT7c878a78:178fdeed45e:-7944','RUL7c878a78:178fdeed45e:-7a74','workflow.actions.WfExecuteScript','execute-script',0),('RACT7c878a78:178fdeed45e:-7ca4','RUL7c878a78:178fdeed45e:-7db9','workflow.actions.WfExecuteScript','execute-script',0),('RACTa4090ca:178e495ba55:-74b8','RUL6e49d4a7:178df84116c:-7dbb','workflow.actions.WfExecuteScript','execute-script',0),('RACTa4090ca:178e495ba55:-78aa','RULa4090ca:178e495ba55:-7b0a','workflow.actions.WfExecuteScript','execute-script',0),('RACTb3b305a:176400527ad:-680b','RULb3b305a:176400527ad:-6969','treasury.actions.UpdateBillItemAmount','update-billitem-amount',0),('RACTb3b305a:176400527ad:-6a8b','RULb3b305a:176400527ad:-6c3f','treasury.actions.AddBillItem','add-billitem',0);
/*!40000 ALTER TABLE `sys_rule_action` ENABLE KEYS */;
UNLOCK TABLES;

--
-- Table structure for table `sys_rule_action_param`
--

DROP TABLE IF EXISTS `sys_rule_action_param`;
/*!40101 SET @saved_cs_client     = @@character_set_client */;
/*!40101 SET character_set_client = utf8 */;
CREATE TABLE `sys_rule_action_param` (
  `objid` varchar(50) NOT NULL,
  `parentid` varchar(50) DEFAULT NULL,
  `actiondefparam_objid` varchar(100) DEFAULT NULL,
  `stringvalue` varchar(255) DEFAULT NULL,
  `booleanvalue` int(11) DEFAULT NULL,
  `var_objid` varchar(50) DEFAULT NULL,
  `var_name` varchar(50) DEFAULT NULL,
  `expr` longtext,
  `exprtype` varchar(25) DEFAULT NULL,
  `pos` int(11) DEFAULT NULL,
  `obj_key` varchar(50) DEFAULT NULL,
  `obj_value` varchar(255) DEFAULT NULL,
  `listvalue` longtext,
  `lov` varchar(50) DEFAULT NULL,
  `rangeoption` int(11) DEFAULT NULL,
  PRIMARY KEY (`objid`) USING BTREE,
  KEY `parentid` (`parentid`) USING BTREE,
  KEY `var_objid` (`var_objid`) USING BTREE,
  KEY `sys_rule_action_param_actiondefparam` (`actiondefparam_objid`) USING BTREE,
  KEY `fk_sys_rule_action_param_objkey` (`obj_key`) USING BTREE,
  CONSTRAINT `fk_sys_rule_action_param_objkey` FOREIGN KEY (`obj_key`) REFERENCES `obo_itemaccount` (`objid`),
  CONSTRAINT `sys_rule_action_param_actiondefparam` FOREIGN KEY (`actiondefparam_objid`) REFERENCES `sys_rule_actiondef_param` (`objid`),
  CONSTRAINT `sys_rule_action_param_parentid` FOREIGN KEY (`parentid`) REFERENCES `sys_rule_action` (`objid`),
  CONSTRAINT `sys_rule_action_param_varobjid` FOREIGN KEY (`var_objid`) REFERENCES `sys_rule_condition_var` (`objid`)
) ENGINE=InnoDB DEFAULT CHARSET=utf8;
/*!40101 SET character_set_client = @saved_cs_client */;

--
-- Dumping data for table `sys_rule_action_param`
--

LOCK TABLES `sys_rule_action_param` WRITE;
/*!40000 ALTER TABLE `sys_rule_action_param` DISABLE KEYS */;
INSERT INTO `sys_rule_action_param` VALUES ('RAP-10cfc191:15b48bf8d6b:-7fea','RA-10cfc191:15b48bf8d6b:-7fed','treasury.actions.UpdateBillItemAmount.billitem',NULL,NULL,'RC-10cfc191:15b48bf8d6b:-7ff2','BILLITEM',NULL,NULL,NULL,NULL,NULL,NULL,NULL,NULL),('RAP-10cfc191:15b48bf8d6b:-7feb','RA-10cfc191:15b48bf8d6b:-7fed','treasury.actions.UpdateBillItemAmount.type',NULL,NULL,NULL,NULL,NULL,NULL,NULL,NULL,NULL,NULL,'ADD',NULL),('RAP-10cfc191:15b48bf8d6b:-7fec','RA-10cfc191:15b48bf8d6b:-7fed','treasury.actions.UpdateBillItemAmount.amount',NULL,NULL,NULL,NULL,'7 * UNIT','expression',NULL,NULL,NULL,NULL,NULL,NULL),('RAP-1b89c680:16a38f14701:-7e8b','RA-1b89c680:16a38f14701:-7e8e','treasury.actions.UpdateBillItemAmount.billitem',NULL,NULL,'RC-1b89c680:16a38f14701:-7e90','BILLITEM',NULL,NULL,NULL,NULL,NULL,NULL,NULL,NULL),('RAP-1b89c680:16a38f14701:-7e8c','RA-1b89c680:16a38f14701:-7e8e','treasury.actions.UpdateBillItemAmount.type',NULL,NULL,NULL,NULL,NULL,NULL,NULL,NULL,NULL,NULL,'ADD',NULL),('RAP-1b89c680:16a38f14701:-7e8d','RA-1b89c680:16a38f14701:-7e8e','treasury.actions.UpdateBillItemAmount.amount',NULL,NULL,NULL,NULL,'UNIT * 50','expression',NULL,NULL,NULL,NULL,NULL,NULL),('RAP-1b89c680:16a38f14701:-7f33','RA-1b89c680:16a38f14701:-7f36','treasury.actions.UpdateBillItemAmount.amount',NULL,NULL,NULL,NULL,'UNIT * 50','expression',NULL,NULL,NULL,NULL,NULL,NULL),('RAP-1b89c680:16a38f14701:-7f34','RA-1b89c680:16a38f14701:-7f36','treasury.actions.UpdateBillItemAmount.type',NULL,NULL,NULL,NULL,NULL,NULL,NULL,NULL,NULL,NULL,'ADD',NULL),('RAP-1b89c680:16a38f14701:-7f35','RA-1b89c680:16a38f14701:-7f36','treasury.actions.UpdateBillItemAmount.billitem',NULL,NULL,'RC-1b89c680:16a38f14701:-7f3b','BILLITEM',NULL,NULL,NULL,NULL,NULL,NULL,NULL,NULL),('RAP-1b89c680:16a38f14701:-7f3c','RA-1b89c680:16a38f14701:-7f3f','treasury.actions.UpdateBillItemAmount.amount',NULL,NULL,NULL,NULL,'STRUC * 1000','expression',NULL,NULL,NULL,NULL,NULL,NULL),('RAP-1b89c680:16a38f14701:-7f3d','RA-1b89c680:16a38f14701:-7f3f','treasury.actions.UpdateBillItemAmount.type',NULL,NULL,NULL,NULL,NULL,NULL,NULL,NULL,NULL,NULL,'ADD',NULL),('RAP-1b89c680:16a38f14701:-7f3e','RA-1b89c680:16a38f14701:-7f3f','treasury.actions.UpdateBillItemAmount.billitem',NULL,NULL,'RC-1b89c680:16a38f14701:-7f44','BILLITEM',NULL,NULL,NULL,NULL,NULL,NULL,NULL,NULL),('RAP-1b89c680:16a38f14701:-7f4e','RA-1b89c680:16a38f14701:-7f51','treasury.actions.UpdateBillItemAmount.amount',NULL,NULL,NULL,NULL,'TERM * 2.4','expression',NULL,NULL,NULL,NULL,NULL,NULL),('RAP-1b89c680:16a38f14701:-7f4f','RA-1b89c680:16a38f14701:-7f51','treasury.actions.UpdateBillItemAmount.type',NULL,NULL,NULL,NULL,NULL,NULL,NULL,NULL,NULL,NULL,'ADD',NULL),('RAP-1b89c680:16a38f14701:-7f50','RA-1b89c680:16a38f14701:-7f51','treasury.actions.UpdateBillItemAmount.billitem',NULL,NULL,'RC-1b89c680:16a38f14701:-7f56','BILLITEM',NULL,NULL,NULL,NULL,NULL,NULL,NULL,NULL),('RAP-1b89c680:16a38f14701:-7f57','RA-1b89c680:16a38f14701:-7f5a','treasury.actions.UpdateBillItemAmount.amount',NULL,NULL,NULL,NULL,'OUTLET * 2.4','expression',NULL,NULL,NULL,NULL,NULL,NULL),('RAP-1b89c680:16a38f14701:-7f58','RA-1b89c680:16a38f14701:-7f5a','treasury.actions.UpdateBillItemAmount.type',NULL,NULL,NULL,NULL,NULL,NULL,NULL,NULL,NULL,NULL,'ADD',NULL),('RAP-1b89c680:16a38f14701:-7f59','RA-1b89c680:16a38f14701:-7f5a','treasury.actions.UpdateBillItemAmount.billitem',NULL,NULL,'RC-1b89c680:16a38f14701:-7f5f','BILLITEM',NULL,NULL,NULL,NULL,NULL,NULL,NULL,NULL),('RAP-1b89c680:16a38f14701:-7f60','RA-1b89c680:16a38f14701:-7f63','treasury.actions.UpdateBillItemAmount.amount',NULL,NULL,NULL,NULL,'UNIT * 10','expression',NULL,NULL,NULL,NULL,NULL,NULL),('RAP-1b89c680:16a38f14701:-7f61','RA-1b89c680:16a38f14701:-7f63','treasury.actions.UpdateBillItemAmount.type',NULL,NULL,NULL,NULL,NULL,NULL,NULL,NULL,NULL,NULL,'ADD',NULL),('RAP-1b89c680:16a38f14701:-7f62','RA-1b89c680:16a38f14701:-7f63','treasury.actions.UpdateBillItemAmount.billitem',NULL,NULL,'RC-1b89c680:16a38f14701:-7f68','BILLITEM',NULL,NULL,NULL,NULL,NULL,NULL,NULL,NULL),('RAP-1b89c680:16a38f14701:-7f69','RA-1b89c680:16a38f14701:-7f6c','treasury.actions.UpdateBillItemAmount.amount',NULL,NULL,NULL,NULL,'LOC * 1000','expression',NULL,NULL,NULL,NULL,NULL,NULL),('RAP-1b89c680:16a38f14701:-7f6a','RA-1b89c680:16a38f14701:-7f6c','treasury.actions.UpdateBillItemAmount.type',NULL,NULL,NULL,NULL,NULL,NULL,NULL,NULL,NULL,NULL,'ADD',NULL),('RAP-1b89c680:16a38f14701:-7f6b','RA-1b89c680:16a38f14701:-7f6c','treasury.actions.UpdateBillItemAmount.billitem',NULL,NULL,'RC-1b89c680:16a38f14701:-7f71','BILLITEM',NULL,NULL,NULL,NULL,NULL,NULL,NULL,NULL),('RAP-1b89c680:16a38f14701:-7fb2','RA-1b89c680:16a38f14701:-7fb5','treasury.actions.UpdateBillItemAmount.billitem',NULL,NULL,'RC-1b89c680:16a38f14701:-7fb7','BILLITEM',NULL,NULL,NULL,NULL,NULL,NULL,NULL,NULL),('RAP-1b89c680:16a38f14701:-7fb3','RA-1b89c680:16a38f14701:-7fb5','treasury.actions.UpdateBillItemAmount.type',NULL,NULL,NULL,NULL,NULL,NULL,NULL,NULL,NULL,NULL,'ADD',NULL),('RAP-1b89c680:16a38f14701:-7fb4','RA-1b89c680:16a38f14701:-7fb5','treasury.actions.UpdateBillItemAmount.amount',NULL,NULL,NULL,NULL,'PORT * 2.4','expression',NULL,NULL,NULL,NULL,NULL,NULL),('RAP-3389760c:1763b5a1616:-7ffa','RA-3389760c:1763b5a1616:-7ffc','treasury.actions.AddBillItem.amount',NULL,NULL,NULL,NULL,'COST * 0.001','expression',NULL,NULL,NULL,NULL,NULL,NULL),('RAP-3389760c:1763b5a1616:-7ffb','RA-3389760c:1763b5a1616:-7ffc','treasury.actions.AddBillItem.billcode',NULL,NULL,NULL,NULL,NULL,NULL,NULL,'FIRE_CONS_TAX','FIRE CODE CONTRUCTION TAX',NULL,NULL,NULL),('RAP-3394437b:16a4396e5cb:-7a6e','RA-3394437b:16a4396e5cb:-7a71','treasury.actions.UpdateBillItemAmount.amount',NULL,NULL,NULL,NULL,'SQM * 18','expression',NULL,NULL,NULL,NULL,NULL,NULL),('RAP-3394437b:16a4396e5cb:-7a6f','RA-3394437b:16a4396e5cb:-7a71','treasury.actions.UpdateBillItemAmount.type',NULL,NULL,NULL,NULL,NULL,NULL,NULL,NULL,NULL,NULL,'ADD',NULL),('RAP-3394437b:16a4396e5cb:-7a70','RA-3394437b:16a4396e5cb:-7a71','treasury.actions.UpdateBillItemAmount.billitem',NULL,NULL,'RC-3394437b:16a4396e5cb:-7a73','BILLITEM',NULL,NULL,NULL,NULL,NULL,NULL,NULL,NULL),('RAP-3394437b:16a4396e5cb:-7a8e','RA-3394437b:16a4396e5cb:-7a91','treasury.actions.UpdateBillItemAmount.billitem',NULL,NULL,'RC-3394437b:16a4396e5cb:-7a96','BILLITEM',NULL,NULL,NULL,NULL,NULL,NULL,NULL,NULL),('RAP-3394437b:16a4396e5cb:-7a8f','RA-3394437b:16a4396e5cb:-7a91','treasury.actions.UpdateBillItemAmount.type',NULL,NULL,NULL,NULL,NULL,NULL,NULL,NULL,NULL,NULL,'ADD',NULL),('RAP-3394437b:16a4396e5cb:-7a90','RA-3394437b:16a4396e5cb:-7a91','treasury.actions.UpdateBillItemAmount.amount',NULL,NULL,NULL,NULL,'SQM * 12','expression',NULL,NULL,NULL,NULL,NULL,NULL),('RAP-3394437b:16a4396e5cb:-7acd','RA-3394437b:16a4396e5cb:-7ad0','treasury.actions.UpdateBillItemAmount.billitem',NULL,NULL,'RC-3394437b:16a4396e5cb:-7ad5','BILLITEM',NULL,NULL,NULL,NULL,NULL,NULL,NULL,NULL),('RAP-3394437b:16a4396e5cb:-7ace','RA-3394437b:16a4396e5cb:-7ad0','treasury.actions.UpdateBillItemAmount.type',NULL,NULL,NULL,NULL,NULL,NULL,NULL,NULL,NULL,NULL,'ADD',NULL),('RAP-3394437b:16a4396e5cb:-7acf','RA-3394437b:16a4396e5cb:-7ad0','treasury.actions.UpdateBillItemAmount.amount',NULL,NULL,NULL,NULL,'CUM * 7','expression',NULL,NULL,NULL,NULL,NULL,NULL),('RAP-3394437b:16a4396e5cb:-7b23','RA-3394437b:16a4396e5cb:-7b26','treasury.actions.UpdateBillItemAmount.type',NULL,NULL,NULL,NULL,NULL,NULL,NULL,NULL,NULL,NULL,'ADD',NULL),('RAP-3394437b:16a4396e5cb:-7b24','RA-3394437b:16a4396e5cb:-7b26','treasury.actions.UpdateBillItemAmount.amount',NULL,NULL,'RCONST-4267ff2c:16a444aba70:-613c','CUM','<table border=\"1\" cellpadding=\"1\" cellspacing=\"0\">\n    <tr>\n        <td colspan=\"3\">Use Variable: CUM</td>\n    </tr>\n    \n        <tr>\n            <th>Greater than</th>\n            <th>Less than or equal to</th>\n            <th>Formula</th>\n        </tr>\n    \n    \n    \n        <tr>\n            <td></td>\n            <td>10.00</td>\n            <td>CUM * 480</td>\n        </tr>\n    \n        <tr>\n            <td>10.00</td>\n            <td></td>\n            <td>4800 + (( CUM-10)* 24)</td>\n        </tr>\n    \n</table>','range',NULL,NULL,NULL,'[[to:10.00,value:\"CUM * 480\",from:0],[value:\"4800 + (( CUM-10)* 24)\",from:10.00]]',NULL,1),('RAP-3394437b:16a4396e5cb:-7b25','RA-3394437b:16a4396e5cb:-7b26','treasury.actions.UpdateBillItemAmount.billitem',NULL,NULL,'RC-3394437b:16a4396e5cb:-7b2b','BILLITEM',NULL,NULL,NULL,NULL,NULL,NULL,NULL,NULL),('RAP-3394437b:16a4396e5cb:-7bd1','RA-3394437b:16a4396e5cb:-7bd4','treasury.actions.UpdateBillItemAmount.billitem',NULL,NULL,'RC-3394437b:16a4396e5cb:-7bd6','BILLITEM',NULL,NULL,NULL,NULL,NULL,NULL,NULL,NULL),('RAP-3394437b:16a4396e5cb:-7bd2','RA-3394437b:16a4396e5cb:-7bd4','treasury.actions.UpdateBillItemAmount.amount',NULL,NULL,NULL,'HEIGHT','CUM * 12','expression',NULL,NULL,NULL,'[[to:10.00,value:\"HEIGHT * 240\",from:0],[value:\"2400 + (( HEIGHT-10)*12)\",from:10.00]]',NULL,1),('RAP-3394437b:16a4396e5cb:-7bd3','RA-3394437b:16a4396e5cb:-7bd4','treasury.actions.UpdateBillItemAmount.type',NULL,NULL,NULL,NULL,NULL,NULL,NULL,NULL,NULL,NULL,'ADD',NULL),('RAP-3394437b:16a4396e5cb:-7c0a','RA-3394437b:16a4396e5cb:-7c0d','treasury.actions.UpdateBillItemAmount.type',NULL,NULL,NULL,NULL,NULL,NULL,NULL,NULL,NULL,NULL,'ADD',NULL),('RAP-3394437b:16a4396e5cb:-7c0b','RA-3394437b:16a4396e5cb:-7c0d','treasury.actions.UpdateBillItemAmount.amount',NULL,NULL,'RCC-3394437b:16a4396e5cb:-7c0f','HEIGHT','SQM * 48','expression',NULL,NULL,NULL,'[[to:10.00,value:\"HEIGHT * 240\",from:0],[value:\"2400 + (( HEIGHT-10)*12)\",from:10.00]]',NULL,1),('RAP-3394437b:16a4396e5cb:-7c0c','RA-3394437b:16a4396e5cb:-7c0d','treasury.actions.UpdateBillItemAmount.billitem',NULL,NULL,'RC-3394437b:16a4396e5cb:-7c14','BILLITEM',NULL,NULL,NULL,NULL,NULL,NULL,NULL,NULL),('RAP-3394437b:16a4396e5cb:-7c84','RA-3394437b:16a4396e5cb:-7c87','treasury.actions.UpdateBillItemAmount.billitem',NULL,NULL,'RC-3394437b:16a4396e5cb:-7c89','BILLITEM',NULL,NULL,NULL,NULL,NULL,NULL,NULL,NULL),('RAP-3394437b:16a4396e5cb:-7c85','RA-3394437b:16a4396e5cb:-7c87','treasury.actions.UpdateBillItemAmount.amount',NULL,NULL,'RCC-3394437b:16a4396e5cb:-7c8c','HEIGHT','<table border=\"1\" cellpadding=\"1\" cellspacing=\"0\">\n    <tr>\n        <td colspan=\"3\">Use Variable: HEIGHT</td>\n    </tr>\n    \n        <tr>\n            <th>Greater than</th>\n            <th>Less than or equal to</th>\n            <th>Formula</th>\n        </tr>\n    \n    \n    \n        <tr>\n            <td></td>\n            <td>10.00</td>\n            <td>HEIGHT * 48</td>\n        </tr>\n    \n        <tr>\n            <td>10.00</td>\n            <td></td>\n            <td>480 + (( HEIGHT-10)*2)</td>\n        </tr>\n    \n</table>','range',NULL,NULL,NULL,'[[to:10.00,value:\"HEIGHT * 48\",from:0],[value:\"480 + (( HEIGHT-10)*2)\",from:10.00]]',NULL,1),('RAP-3394437b:16a4396e5cb:-7c86','RA-3394437b:16a4396e5cb:-7c87','treasury.actions.UpdateBillItemAmount.type',NULL,NULL,NULL,NULL,NULL,NULL,NULL,NULL,NULL,NULL,'ADD',NULL),('RAP-3394437b:16a4396e5cb:-7ca6','RA-3394437b:16a4396e5cb:-7ca9','treasury.actions.UpdateBillItemAmount.type',NULL,NULL,NULL,NULL,NULL,NULL,NULL,NULL,NULL,NULL,'ADD',NULL),('RAP-3394437b:16a4396e5cb:-7ca7','RA-3394437b:16a4396e5cb:-7ca9','treasury.actions.UpdateBillItemAmount.amount',NULL,NULL,'RCC-3394437b:16a4396e5cb:-7cab','HEIGHT','<table border=\"1\" cellpadding=\"1\" cellspacing=\"0\">\n    <tr>\n        <td colspan=\"3\">Use Variable: HEIGHT</td>\n    </tr>\n    \n        <tr>\n            <th>Greater than</th>\n            <th>Less than or equal to</th>\n            <th>Formula</th>\n        </tr>\n    \n    \n    \n        <tr>\n            <td></td>\n            <td>10.00</td>\n            <td>HEIGHT * 240</td>\n        </tr>\n    \n        <tr>\n            <td>10.00</td>\n            <td></td>\n            <td>2400 + (( HEIGHT-10)*12)</td>\n        </tr>\n    \n</table>','range',NULL,NULL,NULL,'[[to:10.00,value:\"HEIGHT * 240\",from:0],[value:\"2400 + (( HEIGHT-10)*12)\",from:10.00]]',NULL,1),('RAP-3394437b:16a4396e5cb:-7ca8','RA-3394437b:16a4396e5cb:-7ca9','treasury.actions.UpdateBillItemAmount.billitem',NULL,NULL,'RC-3394437b:16a4396e5cb:-7cb0','BILLITEM',NULL,NULL,NULL,NULL,NULL,NULL,NULL,NULL),('RAP-3394437b:16a4396e5cb:-7e97','RA-3394437b:16a4396e5cb:-7e99','treasury.actions.UpdateBillItemAmount.billitem',NULL,NULL,'RC-3394437b:16a4396e5cb:-7ea0','BILLITEM',NULL,NULL,NULL,NULL,NULL,NULL,NULL,NULL),('RAP-3394437b:16a4396e5cb:-7ea7','RA-3394437b:16a4396e5cb:-7ea9','treasury.actions.UpdateBillItemAmount.billitem',NULL,NULL,'RC-3394437b:16a4396e5cb:-7eb0','BILLITEM',NULL,NULL,NULL,NULL,NULL,NULL,NULL,NULL),('RAP-3394437b:16a4396e5cb:-7eb8','RA-3394437b:16a4396e5cb:-7eb9','treasury.actions.UpdateBillItemAmount.billitem',NULL,NULL,'RC-3394437b:16a4396e5cb:-7ebb','BILLITEM',NULL,NULL,NULL,NULL,NULL,NULL,NULL,NULL),('RAP-3394437b:16a4396e5cb:-7eca','RA-3394437b:16a4396e5cb:-7ecb','treasury.actions.UpdateBillItemAmount.billitem',NULL,NULL,'RC-3394437b:16a4396e5cb:-7ecd','BILLITEM',NULL,NULL,NULL,NULL,NULL,NULL,NULL,NULL),('RAP-3394437b:16a4396e5cb:-7ed4','RA-3394437b:16a4396e5cb:-7ed5','treasury.actions.UpdateBillItemAmount.billitem',NULL,NULL,'RC-3394437b:16a4396e5cb:-7ed7','BILLITEM',NULL,NULL,NULL,NULL,NULL,NULL,NULL,NULL),('RAP-3394437b:16a4396e5cb:-7ef1','RA-3394437b:16a4396e5cb:-7ef3','treasury.actions.UpdateBillItemAmount.billitem',NULL,NULL,'RC-3394437b:16a4396e5cb:-7efa','BILLITEM',NULL,NULL,NULL,NULL,NULL,NULL,NULL,NULL),('RAP-37d558f5:16a4fd0d79e:-7f67','RA-37d558f5:16a4fd0d79e:-7f69','treasury.actions.AddBillItem.billcode',NULL,NULL,NULL,NULL,NULL,NULL,NULL,'LOCATIONAL_CLEARANCE_FEE','LOCATIONAL CLEARANCE FEE',NULL,NULL,NULL),('RAP-37d558f5:16a4fd0d79e:-7f68','RA-37d558f5:16a4fd0d79e:-7f69','treasury.actions.AddBillItem.amount',NULL,NULL,'RCONST7e3da671:17066bd1cac:-72b7','COST','<table border=\"1\" cellpadding=\"1\" cellspacing=\"0\">\n    <tr>\n        <td colspan=\"3\">Use Variable: COST</td>\n    </tr>\n    \n    \n        <tr>\n            <th>Greater than or equal to</th>\n            <th>Less than</th>\n            <th>Formula</th>\n        </tr>\n    \n    \n        <tr>\n            <td></td>\n            <td>2000000.00</td>\n            <td>7200</td>\n        </tr>\n    \n        <tr>\n            <td>2000000.00</td>\n            <td></td>\n            <td>8000 + (( COST-2000000) * 0.10 * 0.01 )</td>\n        </tr>\n    \n</table>','range',NULL,NULL,NULL,'[[to:2000000.00,value:\"7200\",from:0],[value:\"8000 + (( COST-2000000) * 0.10 * 0.01 )\",from:2000000.00]]',NULL,0),('RAP-37d558f5:16a4fd0d79e:-7f9f','RA-37d558f5:16a4fd0d79e:-7fa1','treasury.actions.AddBillItem.amount',NULL,NULL,'RCONST7e3da671:17066bd1cac:-7471','COST','<table border=\"1\" cellpadding=\"1\" cellspacing=\"0\">\n    <tr>\n        <td colspan=\"3\">Use Variable: COST</td>\n    </tr>\n    \n        <tr>\n            <th>Greater than</th>\n            <th>Less than or equal to</th>\n            <th>Formula</th>\n        </tr>\n    \n    \n    \n        <tr>\n            <td></td>\n            <td>100000.00</td>\n            <td>1500</td>\n        </tr>\n    \n        <tr>\n            <td>100000.00</td>\n            <td>500000.00</td>\n            <td>2160</td>\n        </tr>\n    \n        <tr>\n            <td>500000.00</td>\n            <td>1000000.00</td>\n            <td>2880</td>\n        </tr>\n    \n        <tr>\n            <td>1000000.00</td>\n            <td>2000000.00</td>\n            <td>4320</td>\n        </tr>\n    \n        <tr>\n            <td>2000000.00</td>\n            <td></td>\n            <td>7200  + ((COST-2000000)* 0.10 * 0.01)</td>\n        </tr>\n    \n</table>','range',NULL,NULL,NULL,'[[to:100000.00,value:\"1500\",from:0],[to:500000.00,value:\"2160\",from:100000.00],[to:1000000.00,value:\"2880\",from:500000.00],[to:2000000.00,value:\"4320\",from:1000000.00],[value:\"7200  + ((COST-2000000)* 0.10 * 0.01)\",from:2000000.00]]',NULL,1),('RAP-37d558f5:16a4fd0d79e:-7fa0','RA-37d558f5:16a4fd0d79e:-7fa1','treasury.actions.AddBillItem.billcode',NULL,NULL,NULL,NULL,NULL,NULL,NULL,'LOCATIONAL_CLEARANCE_FEE','LOCATIONAL CLEARANCE FEE',NULL,NULL,NULL),('RAP-37d558f5:16a4fd0d79e:-7fb6','RA-37d558f5:16a4fd0d79e:-7fb8','treasury.actions.AddBillItem.billcode',NULL,NULL,NULL,NULL,NULL,NULL,NULL,'LOCATIONAL_CLEARANCE_FEE','LOCATIONAL CLEARANCE FEE',NULL,NULL,NULL),('RAP-37d558f5:16a4fd0d79e:-7fb7','RA-37d558f5:16a4fd0d79e:-7fb8','treasury.actions.AddBillItem.amount',NULL,NULL,'RCONST7e3da671:17066bd1cac:-761e','COST','<table border=\"1\" cellpadding=\"1\" cellspacing=\"0\">\n    <tr>\n        <td colspan=\"3\">Use Variable: COST</td>\n    </tr>\n    \n        <tr>\n            <th>Greater than</th>\n            <th>Less than or equal to</th>\n            <th>Formula</th>\n        </tr>\n    \n    \n    \n        <tr>\n            <td></td>\n            <td>2000000.00</td>\n            <td>3000</td>\n        </tr>\n    \n        <tr>\n            <td>2000000.00</td>\n            <td></td>\n            <td>4000 + (( COST - 2000000 ) * 0.10 * 0.01)</td>\n        </tr>\n    \n</table>','range',NULL,NULL,NULL,'[[to:2000000.00,value:\"3000\",from:0],[value:\"4000 + (( COST - 2000000 ) * 0.10 * 0.01)\",from:2000000.00]]',NULL,1),('RAP-37d558f5:16a4fd0d79e:-7fd3','RA-37d558f5:16a4fd0d79e:-7fd5','treasury.actions.AddBillItem.amount',NULL,NULL,'RCONST7e3da671:17066bd1cac:-77cb','COST','<table border=\"1\" cellpadding=\"1\" cellspacing=\"0\">\n    <tr>\n        <td colspan=\"3\">Use Variable: COST</td>\n    </tr>\n    \n        <tr>\n            <th>Greater than</th>\n            <th>Less than or equal to</th>\n            <th>Formula</th>\n        </tr>\n    \n    \n    \n        <tr>\n            <td></td>\n            <td>2000000.00</td>\n            <td>3600</td>\n        </tr>\n    \n        <tr>\n            <td>2000000.00</td>\n            <td></td>\n            <td>4000 + (( COST - 2000000 ) * 0.10 * 0.01)</td>\n        </tr>\n    \n</table>','range',NULL,NULL,NULL,'[[to:2000000.00,value:\"3600\",from:0],[value:\"4000 + (( COST - 2000000 ) * 0.10 * 0.01)\",from:2000000.00]]',NULL,1),('RAP-37d558f5:16a4fd0d79e:-7fd4','RA-37d558f5:16a4fd0d79e:-7fd5','treasury.actions.AddBillItem.billcode',NULL,NULL,NULL,NULL,NULL,NULL,NULL,'LOCATIONAL_CLEARANCE_FEE','LOCATIONAL CLEARANCE FEE',NULL,NULL,NULL),('RAP-37d558f5:16a4fd0d79e:-7ff2','RA-37d558f5:16a4fd0d79e:-7ff4','treasury.actions.AddBillItem.billcode',NULL,NULL,NULL,NULL,NULL,NULL,NULL,'LOCATIONAL_CLEARANCE_FEE','LOCATIONAL CLEARANCE FEE',NULL,NULL,NULL),('RAP-37d558f5:16a4fd0d79e:-7ff3','RA-37d558f5:16a4fd0d79e:-7ff4','treasury.actions.AddBillItem.amount',NULL,NULL,'RCONST7e3da671:17066bd1cac:-7978','COST','<table border=\"1\" cellpadding=\"1\" cellspacing=\"0\">\n    <tr>\n        <td colspan=\"3\">Use Variable: COST</td>\n    </tr>\n    \n        <tr>\n            <th>Greater than</th>\n            <th>Less than or equal to</th>\n            <th>Formula</th>\n        </tr>\n    \n    \n    \n        <tr>\n            <td></td>\n            <td>500000.00</td>\n            <td>1500</td>\n        </tr>\n    \n        <tr>\n            <td>500000.00</td>\n            <td>2000000.00</td>\n            <td>2160</td>\n        </tr>\n    \n        <tr>\n            <td>2000000.00</td>\n            <td></td>\n            <td>3600 + (( COST - 2000000 ) * 0.10 * 0.01)</td>\n        </tr>\n    \n</table>','range',NULL,NULL,NULL,'[[to:500000.00,value:\"1500\",from:0],[to:2000000.00,value:\"2160\",from:500000.00],[value:\"3600 + (( COST - 2000000 ) * 0.10 * 0.01)\",from:2000000.00]]',NULL,1),('RAP-39c9f5f6:16a4e3b1db2:-7f9b','RA-39c9f5f6:16a4e3b1db2:-7f9e','treasury.actions.UpdateBillItemAmount.amount',NULL,NULL,NULL,NULL,'CUM * 3','expression',NULL,NULL,NULL,NULL,NULL,NULL),('RAP-39c9f5f6:16a4e3b1db2:-7f9c','RA-39c9f5f6:16a4e3b1db2:-7f9e','treasury.actions.UpdateBillItemAmount.type',NULL,NULL,NULL,NULL,NULL,NULL,NULL,NULL,NULL,NULL,'ADD',NULL),('RAP-39c9f5f6:16a4e3b1db2:-7f9d','RA-39c9f5f6:16a4e3b1db2:-7f9e','treasury.actions.UpdateBillItemAmount.billitem',NULL,NULL,'RC-39c9f5f6:16a4e3b1db2:-7fa0','BILLITEM',NULL,NULL,NULL,NULL,NULL,NULL,NULL,NULL),('RAP-3d8191a1:17936ba3f16:-7fea','RA-3d8191a1:17936ba3f16:-7fed','workflow.actions.WfExecuteScript.scriptname','BuildingPermitRpuService',NULL,NULL,NULL,NULL,NULL,NULL,NULL,NULL,NULL,NULL,NULL),('RAP-3d8191a1:17936ba3f16:-7feb','RA-3d8191a1:17936ba3f16:-7fed','workflow.actions.WfExecuteScript.actionname','postPayment',NULL,NULL,NULL,NULL,NULL,NULL,NULL,NULL,NULL,NULL,NULL),('RAP-3d8191a1:17936ba3f16:-7fec','RA-3d8191a1:17936ba3f16:-7fed','workflow.actions.WfExecuteScript.params',NULL,NULL,NULL,NULL,'[\n   appid: WT.refid\n]','expression',NULL,NULL,NULL,NULL,NULL,NULL),('RAP-44cc8397:178f37b2eeb:-7ff6','RA-44cc8397:178f37b2eeb:-7ff9','workflow.actions.WfExecuteScript.scriptname','OboAppFeeService',NULL,NULL,NULL,NULL,NULL,NULL,NULL,NULL,NULL,NULL,NULL),('RAP-44cc8397:178f37b2eeb:-7ff7','RA-44cc8397:178f37b2eeb:-7ff9','workflow.actions.WfExecuteScript.actionname','validateAllFees',NULL,NULL,NULL,NULL,NULL,NULL,NULL,NULL,NULL,NULL,NULL),('RAP-44cc8397:178f37b2eeb:-7ff8','RA-44cc8397:178f37b2eeb:-7ff9','workflow.actions.WfExecuteScript.params',NULL,NULL,NULL,NULL,'[\n    appid: WT.refid \n]','expression',NULL,NULL,NULL,NULL,NULL,NULL),('RAP-4dbf9d19:15bf4e01a24:-7fb0','RA-4dbf9d19:15bf4e01a24:-7fb2','treasury.actions.AddBillItem.amount',NULL,NULL,'RCONST7a4cba33:16a44844397:-7d6c','AREA','<table border=\"1\" cellpadding=\"1\" cellspacing=\"0\">\n    <tr>\n        <td colspan=\"3\">Use Variable: AREA</td>\n    </tr>\n    \n        <tr>\n            <th>Greater than</th>\n            <th>Less than or equal to</th>\n            <th>Formula</th>\n        </tr>\n    \n    \n    \n        <tr>\n            <td></td>\n            <td>20.00</td>\n            <td>3.4 * AREA</td>\n        </tr>\n    \n        <tr>\n            <td>20.00</td>\n            <td>50.00</td>\n            <td>5.20 * AREA</td>\n        </tr>\n    \n        <tr>\n            <td>50.00</td>\n            <td>150.00</td>\n            <td>8 * AREA</td>\n        </tr>\n    \n        <tr>\n            <td>150.00</td>\n            <td></td>\n            <td>8.40 * AREA</td>\n        </tr>\n    \n</table>','range',NULL,NULL,NULL,'[[to:20.00,value:\"3.4 * AREA\",from:0],[to:50.00,value:\"5.20 * AREA\",from:20.00],[to:150.00,value:\"8 * AREA\",from:50.00],[value:\"8.40 * AREA\",from:150.00]]',NULL,1),('RAP-4dbf9d19:15bf4e01a24:-7fb9','RA-4dbf9d19:15bf4e01a24:-7fba','treasury.actions.AddBillItem.amount',NULL,NULL,'RCONST7a4cba33:16a44844397:-7a9a','AREA','<table border=\"1\" cellpadding=\"1\" cellspacing=\"0\">\n    <tr>\n        <td colspan=\"3\">Use Variable: AREA</td>\n    </tr>\n    \n        <tr>\n            <th>Greater than</th>\n            <th>Less than or equal to</th>\n            <th>Formula</th>\n        </tr>\n    \n    \n    \n        <tr>\n            <td></td>\n            <td>20.00</td>\n            <td>2.4 * AREA</td>\n        </tr>\n    \n        <tr>\n            <td>20.00</td>\n            <td>50.00</td>\n            <td>3.40 * AREA</td>\n        </tr>\n    \n        <tr>\n            <td>50.00</td>\n            <td>100.00</td>\n            <td>4.80 * AREA</td>\n        </tr>\n    \n        <tr>\n            <td>100.00</td>\n            <td>150.00</td>\n            <td>6.0 * AREA</td>\n        </tr>\n    \n        <tr>\n            <td>150.00</td>\n            <td></td>\n            <td>7.20 * AREA</td>\n        </tr>\n    \n</table>','range',NULL,NULL,NULL,'[[to:20.00,value:\"2.4 * AREA\",from:0],[to:50.00,value:\"3.40 * AREA\",from:20.00],[to:100.00,value:\"4.80 * AREA\",from:50.00],[to:150.00,value:\"6.0 * AREA\",from:100.00],[value:\"7.20 * AREA\",from:150.00]]',NULL,1),('RAP-4dbf9d19:15bf4e01a24:-7fc0','RA-4dbf9d19:15bf4e01a24:-7fc3','treasury.actions.UpdateBillItemAmount.billitem',NULL,NULL,'RC-4dbf9d19:15bf4e01a24:-7fc5','BILLITEM',NULL,NULL,NULL,NULL,NULL,NULL,NULL,NULL),('RAP-4dbf9d19:15bf4e01a24:-7fc1','RA-4dbf9d19:15bf4e01a24:-7fc3','treasury.actions.UpdateBillItemAmount.type',NULL,NULL,NULL,NULL,NULL,NULL,NULL,NULL,NULL,NULL,'ADD',NULL),('RAP-4dbf9d19:15bf4e01a24:-7fc2','RA-4dbf9d19:15bf4e01a24:-7fc3','treasury.actions.UpdateBillItemAmount.amount',NULL,NULL,'RCC-4dbf9d19:15bf4e01a24:-7fc7','AREA','<table border=\"1\" cellpadding=\"1\" cellspacing=\"0\">\n    <tr>\n        <td colspan=\"3\">Use Variable: AREA</td>\n    </tr>\n    \n        <tr>\n            <th>Greater than</th>\n            <th>Less than or equal to</th>\n            <th>Formula</th>\n        </tr>\n    \n    \n    \n        <tr>\n            <td></td>\n            <td>20.00</td>\n            <td>( 3.4 * AREA ) / 2</td>\n        </tr>\n    \n        <tr>\n            <td>20.00</td>\n            <td>50.00</td>\n            <td>( 5.20 * AREA ) / 2</td>\n        </tr>\n    \n        <tr>\n            <td>50.00</td>\n            <td>150.00</td>\n            <td>( 8 * AREA ) / 2</td>\n        </tr>\n    \n        <tr>\n            <td>150.00</td>\n            <td></td>\n            <td>( 8.40 * AREA ) / 2</td>\n        </tr>\n    \n</table>','range',NULL,NULL,NULL,'[[to:20.00,value:\"( 3.4 * AREA ) / 2\",from:0],[to:50.00,value:\"( 5.20 * AREA ) / 2\",from:20.00],[to:150.00,value:\"( 8 * AREA ) / 2\",from:50.00],[value:\"( 8.40 * AREA ) / 2\",from:150.00]]',NULL,1),('RAP-4dbf9d19:15bf4e01a24:-7fcd','RA-4dbf9d19:15bf4e01a24:-7fd0','treasury.actions.UpdateBillItemAmount.billitem',NULL,NULL,'RC-4dbf9d19:15bf4e01a24:-7fd2','BILLITEM',NULL,NULL,NULL,NULL,NULL,NULL,NULL,NULL),('RAP-4dbf9d19:15bf4e01a24:-7fce','RA-4dbf9d19:15bf4e01a24:-7fd0','treasury.actions.UpdateBillItemAmount.type',NULL,NULL,NULL,NULL,NULL,NULL,NULL,NULL,NULL,NULL,'ADD',NULL),('RAP-4dbf9d19:15bf4e01a24:-7fcf','RA-4dbf9d19:15bf4e01a24:-7fd0','treasury.actions.UpdateBillItemAmount.amount',NULL,NULL,'RCC-4dbf9d19:15bf4e01a24:-7fd4','AREA','<table border=\"1\" cellpadding=\"1\" cellspacing=\"0\">\n    <tr>\n        <td colspan=\"3\">Use Variable: AREA</td>\n    </tr>\n    \n        <tr>\n            <th>Greater than</th>\n            <th>Less than or equal to</th>\n            <th>Formula</th>\n        </tr>\n    \n    \n    \n        <tr>\n            <td></td>\n            <td>20.00</td>\n            <td>( 3.0 * AREA ) / 2</td>\n        </tr>\n    \n        <tr>\n            <td>20.00</td>\n            <td>50.00</td>\n            <td>( 5.20 * AREA ) / 2</td>\n        </tr>\n    \n        <tr>\n            <td>50.00</td>\n            <td>150.00</td>\n            <td>( 8 * AREA ) / 2</td>\n        </tr>\n    \n        <tr>\n            <td>150.00</td>\n            <td></td>\n            <td>( 8.40 * AREA ) / 2</td>\n        </tr>\n    \n</table>','range',NULL,NULL,NULL,'[[to:20.00,value:\"( 3.0 * AREA ) / 2\",from:0],[to:50.00,value:\"( 5.20 * AREA ) / 2\",from:20.00],[to:150.00,value:\"( 8 * AREA ) / 2\",from:50.00],[value:\"( 8.40 * AREA ) / 2\",from:150.00]]',NULL,1),('RAP-4dbf9d19:15bf4e01a24:-7fda','RA-4dbf9d19:15bf4e01a24:-7fdd','treasury.actions.UpdateBillItemAmount.billitem',NULL,NULL,'RC-4dbf9d19:15bf4e01a24:-7fdf','BILLITEM',NULL,NULL,NULL,NULL,NULL,NULL,NULL,NULL),('RAP-4dbf9d19:15bf4e01a24:-7fdb','RA-4dbf9d19:15bf4e01a24:-7fdd','treasury.actions.UpdateBillItemAmount.type',NULL,NULL,NULL,NULL,NULL,NULL,NULL,NULL,NULL,NULL,'ADD',NULL),('RAP-4dbf9d19:15bf4e01a24:-7fdc','RA-4dbf9d19:15bf4e01a24:-7fdd','treasury.actions.UpdateBillItemAmount.amount',NULL,NULL,'RCC-4dbf9d19:15bf4e01a24:-7fe1','AREA','<table border=\"1\" cellpadding=\"1\" cellspacing=\"0\">\n    <tr>\n        <td colspan=\"3\">Use Variable: AREA</td>\n    </tr>\n    \n        <tr>\n            <th>Greater than</th>\n            <th>Less than or equal to</th>\n            <th>Formula</th>\n        </tr>\n    \n    \n    \n        <tr>\n            <td></td>\n            <td>20.00</td>\n            <td>( 2.4 * AREA ) / 2 </td>\n        </tr>\n    \n        <tr>\n            <td>20.00</td>\n            <td>50.00</td>\n            <td>( 3.40 * AREA ) / 2</td>\n        </tr>\n    \n        <tr>\n            <td>50.00</td>\n            <td>100.00</td>\n            <td>( 4.80 * AREA ) / 2</td>\n        </tr>\n    \n        <tr>\n            <td>100.00</td>\n            <td>150.00</td>\n            <td>( 6.0 * AREA ) / 2</td>\n        </tr>\n    \n        <tr>\n            <td>150.00</td>\n            <td></td>\n            <td>( 7.20 * AREA ) / 2</td>\n        </tr>\n    \n</table>','range',NULL,NULL,NULL,'[[to:20.00,value:\"( 2.4 * AREA ) / 2 \",from:0],[to:50.00,value:\"( 3.40 * AREA ) / 2\",from:20.00],[to:100.00,value:\"( 4.80 * AREA ) / 2\",from:50.00],[to:150.00,value:\"( 6.0 * AREA ) / 2\",from:100.00],[value:\"( 7.20 * AREA ) / 2\",from:150.00]]',NULL,1),('RAP-4dbf9d19:15bf4e01a24:-7fe7','RA-4dbf9d19:15bf4e01a24:-7fea','treasury.actions.UpdateBillItemAmount.billitem',NULL,NULL,'RC-4dbf9d19:15bf4e01a24:-7fec','BILLITEM',NULL,NULL,NULL,NULL,NULL,NULL,NULL,NULL),('RAP-4dbf9d19:15bf4e01a24:-7fe8','RA-4dbf9d19:15bf4e01a24:-7fea','treasury.actions.UpdateBillItemAmount.type',NULL,NULL,NULL,NULL,NULL,NULL,NULL,NULL,NULL,NULL,'ADD',NULL),('RAP-4dbf9d19:15bf4e01a24:-7fe9','RA-4dbf9d19:15bf4e01a24:-7fea','treasury.actions.UpdateBillItemAmount.amount',NULL,NULL,'RCC-4dbf9d19:15bf4e01a24:-7fee','AREA','<table border=\"1\" cellpadding=\"1\" cellspacing=\"0\">\n    <tr>\n        <td colspan=\"3\">Use Variable: AREA</td>\n    </tr>\n    \n        <tr>\n            <th>Greater than</th>\n            <th>Less than or equal to</th>\n            <th>Formula</th>\n        </tr>\n    \n    \n    \n        <tr>\n            <td></td>\n            <td>20.00</td>\n            <td>( 2.0 * AREA ) / 2 </td>\n        </tr>\n    \n        <tr>\n            <td>20.00</td>\n            <td>50.00</td>\n            <td>( 3.40 * AREA ) / 2</td>\n        </tr>\n    \n        <tr>\n            <td>50.00</td>\n            <td>100.00</td>\n            <td>( 4.80 * AREA ) / 2</td>\n        </tr>\n    \n        <tr>\n            <td>100.00</td>\n            <td>150.00</td>\n            <td>( 6.0 * AREA ) / 2</td>\n        </tr>\n    \n        <tr>\n            <td>150.00</td>\n            <td></td>\n            <td>( 7.20 * AREA ) / 2</td>\n        </tr>\n    \n</table>','range',NULL,NULL,NULL,'[[to:20.00,value:\"( 2.0 * AREA ) / 2 \",from:0],[to:50.00,value:\"( 3.40 * AREA ) / 2\",from:20.00],[to:100.00,value:\"( 4.80 * AREA ) / 2\",from:50.00],[to:150.00,value:\"( 6.0 * AREA ) / 2\",from:100.00],[value:\"( 7.20 * AREA ) / 2\",from:150.00]]',NULL,1),('RAP-52beabf2:15b3c40641b:-7fbd','RA-52beabf2:15b3c40641b:-7fc0','treasury.actions.UpdateBillItemAmount.amount',NULL,NULL,NULL,NULL,'Math.ceil( TON ) * 50','expression',NULL,NULL,NULL,NULL,NULL,NULL),('RAP-52beabf2:15b3c40641b:-7fbe','RA-52beabf2:15b3c40641b:-7fc0','treasury.actions.UpdateBillItemAmount.type',NULL,NULL,NULL,NULL,NULL,NULL,NULL,NULL,NULL,NULL,'ADD',NULL),('RAP-52beabf2:15b3c40641b:-7fbf','RA-52beabf2:15b3c40641b:-7fc0','treasury.actions.UpdateBillItemAmount.billitem',NULL,NULL,'RC-52beabf2:15b3c40641b:-7fc5','BILLITEM',NULL,NULL,NULL,NULL,NULL,NULL,NULL,NULL),('RAP-52beabf2:15b3c40641b:-7fc6','RA-52beabf2:15b3c40641b:-7fc9','treasury.actions.UpdateBillItemAmount.billitem',NULL,NULL,'RC-52beabf2:15b3c40641b:-7fcb','BILLITEM',NULL,NULL,NULL,NULL,NULL,NULL,NULL,NULL),('RAP-52beabf2:15b3c40641b:-7fc7','RA-52beabf2:15b3c40641b:-7fc9','treasury.actions.UpdateBillItemAmount.type',NULL,NULL,NULL,NULL,NULL,NULL,NULL,NULL,NULL,NULL,'ADD',NULL),('RAP-52beabf2:15b3c40641b:-7fc8','RA-52beabf2:15b3c40641b:-7fc9','treasury.actions.UpdateBillItemAmount.amount',NULL,NULL,NULL,NULL,'Math.ceil( LNM ) * 10','expression',NULL,NULL,NULL,NULL,NULL,NULL),('RAP-52beabf2:15b3c40641b:-7fcf','RA-52beabf2:15b3c40641b:-7fd2','treasury.actions.UpdateBillItemAmount.billitem',NULL,NULL,'RC-52beabf2:15b3c40641b:-7fd4','BILLITEM',NULL,NULL,NULL,NULL,NULL,NULL,NULL,NULL),('RAP-52beabf2:15b3c40641b:-7fd0','RA-52beabf2:15b3c40641b:-7fd2','treasury.actions.UpdateBillItemAmount.type',NULL,NULL,NULL,NULL,NULL,NULL,NULL,NULL,NULL,NULL,'ADD',NULL),('RAP-52beabf2:15b3c40641b:-7fd1','RA-52beabf2:15b3c40641b:-7fd2','treasury.actions.UpdateBillItemAmount.amount',NULL,NULL,NULL,NULL,'Math.ceil( KW ) * 60','expression',NULL,NULL,NULL,NULL,NULL,NULL),('RAP-52beabf2:15b3c40641b:-7fd8','RA-52beabf2:15b3c40641b:-7fdb','treasury.actions.UpdateBillItemAmount.billitem',NULL,NULL,'RC-52beabf2:15b3c40641b:-7fe0','BILLITEM',NULL,NULL,NULL,NULL,NULL,NULL,NULL,NULL),('RAP-52beabf2:15b3c40641b:-7fd9','RA-52beabf2:15b3c40641b:-7fdb','treasury.actions.UpdateBillItemAmount.type',NULL,NULL,NULL,NULL,NULL,NULL,NULL,NULL,NULL,NULL,'ADD',NULL),('RAP-52beabf2:15b3c40641b:-7fda','RA-52beabf2:15b3c40641b:-7fdb','treasury.actions.UpdateBillItemAmount.amount',NULL,NULL,NULL,NULL,'VAL * 4','expression',NULL,NULL,NULL,NULL,NULL,NULL),('RAP-52beabf2:15b3c40641b:-7fed','RA-52beabf2:15b3c40641b:-7ff0','treasury.actions.UpdateBillItemAmount.billitem',NULL,NULL,'RC-52beabf2:15b3c40641b:-7ff4','BILLITEM',NULL,NULL,NULL,NULL,NULL,NULL,NULL,NULL),('RAP-52beabf2:15b3c40641b:-7fee','RA-52beabf2:15b3c40641b:-7ff0','treasury.actions.UpdateBillItemAmount.type',NULL,NULL,NULL,NULL,NULL,NULL,NULL,NULL,NULL,NULL,'ADD',NULL),('RAP-52beabf2:15b3c40641b:-7fef','RA-52beabf2:15b3c40641b:-7ff0','treasury.actions.UpdateBillItemAmount.amount',NULL,NULL,NULL,NULL,'UNIT * 5000','expression',NULL,NULL,NULL,NULL,NULL,NULL),('RAP-53717d20:15b4db8478f:-7fb5','RA-53717d20:15b4db8478f:-7fb8','treasury.actions.UpdateBillItemAmount.billitem',NULL,NULL,'RC-53717d20:15b4db8478f:-7fba','BILLITEM',NULL,NULL,NULL,NULL,NULL,NULL,NULL,NULL),('RAP-53717d20:15b4db8478f:-7fb6','RA-53717d20:15b4db8478f:-7fb8','treasury.actions.UpdateBillItemAmount.type',NULL,NULL,NULL,NULL,NULL,NULL,NULL,NULL,NULL,NULL,'ADD',NULL),('RAP-53717d20:15b4db8478f:-7fb7','RA-53717d20:15b4db8478f:-7fb8','treasury.actions.UpdateBillItemAmount.amount',NULL,NULL,'RCONST4cf13b0:15b4dbc7b17:-755d','CUM','<table border=\"1\" cellpadding=\"1\" cellspacing=\"0\">\n    <tr>\n        <td colspan=\"3\">Use Variable: CUM</td>\n    </tr>\n    \n        <tr>\n            <th>Greater than</th>\n            <th>Less than or equal to</th>\n            <th>Formula</th>\n        </tr>\n    \n    \n    \n        <tr>\n            <td></td>\n            <td>5.00</td>\n            <td>Math.ceil( CUM ) * 24</td>\n        </tr>\n    \n        <tr>\n            <td>5.00</td>\n            <td></td>\n            <td>120 + ( Math.ceil(CUM-5) * 7)</td>\n        </tr>\n    \n</table>','range',NULL,NULL,NULL,'[[to:5.00,value:\"Math.ceil( CUM ) * 24\",from:0],[value:\"120 + ( Math.ceil(CUM-5) * 7)\",from:5.00]]',NULL,1),('RAP-53717d20:15b4db8478f:-7fc7','RA-53717d20:15b4db8478f:-7fca','treasury.actions.UpdateBillItemAmount.billitem',NULL,NULL,'RC-53717d20:15b4db8478f:-7fcf','BILLITEM',NULL,NULL,NULL,NULL,NULL,NULL,NULL,NULL),('RAP-53717d20:15b4db8478f:-7fc8','RA-53717d20:15b4db8478f:-7fca','treasury.actions.UpdateBillItemAmount.type',NULL,NULL,NULL,NULL,NULL,NULL,NULL,NULL,NULL,NULL,'ADD',NULL),('RAP-53717d20:15b4db8478f:-7fc9','RA-53717d20:15b4db8478f:-7fca','treasury.actions.UpdateBillItemAmount.amount',NULL,NULL,NULL,NULL,'10 * UNIT','expression',NULL,NULL,NULL,NULL,NULL,NULL),('RAP-53717d20:15b4db8478f:-7fd0','RA-53717d20:15b4db8478f:-7fd3','treasury.actions.UpdateBillItemAmount.billitem',NULL,NULL,'RC-53717d20:15b4db8478f:-7fd8','BILLITEM',NULL,NULL,NULL,NULL,NULL,NULL,NULL,NULL),('RAP-53717d20:15b4db8478f:-7fd1','RA-53717d20:15b4db8478f:-7fd3','treasury.actions.UpdateBillItemAmount.type',NULL,NULL,NULL,NULL,NULL,NULL,NULL,NULL,NULL,NULL,'ADD',NULL),('RAP-53717d20:15b4db8478f:-7fd2','RA-53717d20:15b4db8478f:-7fd3','treasury.actions.UpdateBillItemAmount.amount',NULL,NULL,NULL,NULL,'8 * UNIT','expression',NULL,NULL,NULL,NULL,NULL,NULL),('RAP-53717d20:15b4db8478f:-7fd9','RA-53717d20:15b4db8478f:-7fdc','treasury.actions.UpdateBillItemAmount.billitem',NULL,NULL,'RC-53717d20:15b4db8478f:-7fe1','BILLITEM',NULL,NULL,NULL,NULL,NULL,NULL,NULL,NULL),('RAP-53717d20:15b4db8478f:-7fda','RA-53717d20:15b4db8478f:-7fdc','treasury.actions.UpdateBillItemAmount.type',NULL,NULL,NULL,NULL,NULL,NULL,NULL,NULL,NULL,NULL,'ADD',NULL),('RAP-53717d20:15b4db8478f:-7fdb','RA-53717d20:15b4db8478f:-7fdc','treasury.actions.UpdateBillItemAmount.amount',NULL,NULL,NULL,NULL,'2 * UNIT','expression',NULL,NULL,NULL,NULL,NULL,NULL),('RAP-53717d20:15b4db8478f:-7fe2','RA-53717d20:15b4db8478f:-7fe5','treasury.actions.UpdateBillItemAmount.amount',NULL,NULL,NULL,NULL,'4 * UNIT','expression',NULL,NULL,NULL,NULL,NULL,NULL),('RAP-53717d20:15b4db8478f:-7fe3','RA-53717d20:15b4db8478f:-7fe5','treasury.actions.UpdateBillItemAmount.type',NULL,NULL,NULL,NULL,NULL,NULL,NULL,NULL,NULL,NULL,'ADD',NULL),('RAP-53717d20:15b4db8478f:-7fe4','RA-53717d20:15b4db8478f:-7fe5','treasury.actions.UpdateBillItemAmount.billitem',NULL,NULL,'RC-53717d20:15b4db8478f:-7fe7','BILLITEM',NULL,NULL,NULL,NULL,NULL,NULL,NULL,NULL),('RAP-53717d20:15b4db8478f:-7feb','RA-53717d20:15b4db8478f:-7fee','treasury.actions.UpdateBillItemAmount.amount',NULL,NULL,NULL,NULL,'3 * UNIT','expression',NULL,NULL,NULL,NULL,NULL,NULL),('RAP-53717d20:15b4db8478f:-7fec','RA-53717d20:15b4db8478f:-7fee','treasury.actions.UpdateBillItemAmount.type',NULL,NULL,NULL,NULL,NULL,NULL,NULL,NULL,NULL,NULL,'ADD',NULL),('RAP-53717d20:15b4db8478f:-7fed','RA-53717d20:15b4db8478f:-7fee','treasury.actions.UpdateBillItemAmount.billitem',NULL,NULL,'RC-53717d20:15b4db8478f:-7ff0','BILLITEM',NULL,NULL,NULL,NULL,NULL,NULL,NULL,NULL),('RAP-59612f04:15b6c1c41a7:-7fbd','RA-59612f04:15b6c1c41a7:-7fc0','treasury.actions.UpdateBillItemAmount.billitem',NULL,NULL,'RC-59612f04:15b6c1c41a7:-7fc2','BILLITEM',NULL,NULL,NULL,NULL,NULL,NULL,NULL,NULL),('RAP-59612f04:15b6c1c41a7:-7fbe','RA-59612f04:15b6c1c41a7:-7fc0','treasury.actions.UpdateBillItemAmount.type',NULL,NULL,NULL,NULL,NULL,NULL,NULL,NULL,NULL,NULL,'ADD',NULL),('RAP-59612f04:15b6c1c41a7:-7fbf','RA-59612f04:15b6c1c41a7:-7fc0','treasury.actions.UpdateBillItemAmount.amount',NULL,NULL,NULL,NULL,'CUM * 3 * 0.50','expression',NULL,NULL,NULL,NULL,NULL,NULL),('RAP-59612f04:15b6c1c41a7:-7fc8','RA-59612f04:15b6c1c41a7:-7fcb','treasury.actions.UpdateBillItemAmount.amount',NULL,NULL,NULL,NULL,'CUM * 36 * 0.50','expression',NULL,NULL,NULL,NULL,NULL,NULL),('RAP-59612f04:15b6c1c41a7:-7fc9','RA-59612f04:15b6c1c41a7:-7fcb','treasury.actions.UpdateBillItemAmount.type',NULL,NULL,NULL,NULL,NULL,NULL,NULL,NULL,NULL,NULL,'ADD',NULL),('RAP-59612f04:15b6c1c41a7:-7fca','RA-59612f04:15b6c1c41a7:-7fcb','treasury.actions.UpdateBillItemAmount.billitem',NULL,NULL,'RC-59612f04:15b6c1c41a7:-7fd2','BILLITEM',NULL,NULL,NULL,NULL,NULL,NULL,NULL,NULL),('RAP-59612f04:15b6c1c41a7:-7fd3','RA-59612f04:15b6c1c41a7:-7fd6','treasury.actions.UpdateBillItemAmount.billitem',NULL,NULL,'RC-59612f04:15b6c1c41a7:-7fd8','BILLITEM',NULL,NULL,NULL,NULL,NULL,NULL,NULL,NULL),('RAP-59612f04:15b6c1c41a7:-7fd4','RA-59612f04:15b6c1c41a7:-7fd6','treasury.actions.UpdateBillItemAmount.type',NULL,NULL,NULL,NULL,NULL,NULL,NULL,NULL,NULL,NULL,'ADD',NULL),('RAP-59612f04:15b6c1c41a7:-7fd5','RA-59612f04:15b6c1c41a7:-7fd6','treasury.actions.UpdateBillItemAmount.amount',NULL,NULL,NULL,NULL,'CUM * 24 * 0.5','expression',NULL,NULL,NULL,NULL,NULL,NULL),('RAP-59612f04:15b6c1c41a7:-7fde','RA-59612f04:15b6c1c41a7:-7fe1','treasury.actions.UpdateBillItemAmount.amount',NULL,NULL,NULL,NULL,'CUM * 24','expression',NULL,NULL,NULL,NULL,NULL,NULL),('RAP-59612f04:15b6c1c41a7:-7fdf','RA-59612f04:15b6c1c41a7:-7fe1','treasury.actions.UpdateBillItemAmount.type',NULL,NULL,NULL,NULL,NULL,NULL,NULL,NULL,NULL,NULL,'ADD',NULL),('RAP-59612f04:15b6c1c41a7:-7fe0','RA-59612f04:15b6c1c41a7:-7fe1','treasury.actions.UpdateBillItemAmount.billitem',NULL,NULL,'RC-59612f04:15b6c1c41a7:-7fe8','BILLITEM',NULL,NULL,NULL,NULL,NULL,NULL,NULL,NULL),('RAP-59612f04:15b6c1c41a7:-7fe9','RA-59612f04:15b6c1c41a7:-7fec','treasury.actions.UpdateBillItemAmount.billitem',NULL,NULL,'RC-59612f04:15b6c1c41a7:-7fee','BILLITEM',NULL,NULL,NULL,NULL,NULL,NULL,NULL,NULL),('RAP-59612f04:15b6c1c41a7:-7fea','RA-59612f04:15b6c1c41a7:-7fec','treasury.actions.UpdateBillItemAmount.type',NULL,NULL,NULL,NULL,NULL,NULL,NULL,NULL,NULL,NULL,'ADD',NULL),('RAP-59612f04:15b6c1c41a7:-7feb','RA-59612f04:15b6c1c41a7:-7fec','treasury.actions.UpdateBillItemAmount.amount',NULL,NULL,NULL,NULL,'CUM * 36','expression',NULL,NULL,NULL,NULL,NULL,NULL),('RAP-640d0dca:178e51a8ae8:-7fed','RA-640d0dca:178e51a8ae8:-7ff0','workflow.actions.WfExecuteScript.scriptname','OboAppTaskitemService',NULL,NULL,NULL,NULL,NULL,NULL,NULL,NULL,NULL,NULL,NULL),('RAP-640d0dca:178e51a8ae8:-7fee','RA-640d0dca:178e51a8ae8:-7ff0','workflow.actions.WfExecuteScript.actionname','reactivateTaskitems',NULL,NULL,NULL,NULL,NULL,NULL,NULL,NULL,NULL,NULL,NULL),('RAP-640d0dca:178e51a8ae8:-7fef','RA-640d0dca:178e51a8ae8:-7ff0','workflow.actions.WfExecuteScript.params',NULL,NULL,NULL,NULL,'[  appid : WT.refid  ]','expression',NULL,NULL,NULL,NULL,NULL,NULL),('RAP-640d0dca:178e51a8ae8:-7ff5','RA-640d0dca:178e51a8ae8:-7ff8','workflow.actions.WfExecuteScript.scriptname','OboAppTaskitemService',NULL,NULL,NULL,NULL,NULL,NULL,NULL,NULL,NULL,NULL,NULL),('RAP-640d0dca:178e51a8ae8:-7ff6','RA-640d0dca:178e51a8ae8:-7ff8','workflow.actions.WfExecuteScript.actionname','activateTaskitems',NULL,NULL,NULL,NULL,NULL,NULL,NULL,NULL,NULL,NULL,NULL),('RAP-640d0dca:178e51a8ae8:-7ff7','RA-640d0dca:178e51a8ae8:-7ff8','workflow.actions.WfExecuteScript.params',NULL,NULL,NULL,NULL,'[  appid : WT.refid , \n   state: WT.state, \n   appname: WT.processname \n]','expression',NULL,NULL,NULL,NULL,NULL,NULL),('RAP-66680c7b:15b3c241e07:-7fec','RA-66680c7b:15b3c241e07:-7fef','treasury.actions.UpdateBillItemAmount.billitem',NULL,NULL,'RC-66680c7b:15b3c241e07:-7ff2','BILLITEM',NULL,NULL,NULL,NULL,NULL,NULL,NULL,NULL),('RAP-66680c7b:15b3c241e07:-7fed','RA-66680c7b:15b3c241e07:-7fef','treasury.actions.UpdateBillItemAmount.amount',NULL,NULL,'RCONST6cc4d33e:15b3c1e2e72:-6fd9','KVA','<table border=\"1\" cellpadding=\"1\" cellspacing=\"0\">\n    <tr>\n        <td colspan=\"3\">Use Variable: KVA</td>\n    </tr>\n    \n        <tr>\n            <th>Greater than</th>\n            <th>Less than or equal to</th>\n            <th>Formula</th>\n        </tr>\n    \n    \n    \n        <tr>\n            <td></td>\n            <td>5.00</td>\n            <td>40</td>\n        </tr>\n    \n        <tr>\n            <td>5.00</td>\n            <td>50.00</td>\n            <td>40 + ( (KVA-5) * 4)</td>\n        </tr>\n    \n        <tr>\n            <td>50.00</td>\n            <td>300.00</td>\n            <td>220 + ((KVA-50) * 2)</td>\n        </tr>\n    \n        <tr>\n            <td>300.00</td>\n            <td>1500.00</td>\n            <td>720 + ( (KVA-300) * 1)</td>\n        </tr>\n    \n        <tr>\n            <td>1500.00</td>\n            <td>6000.00</td>\n            <td>1920 + ( (KVA-1500) * 0.5)</td>\n        </tr>\n    \n        <tr>\n            <td>6000.00</td>\n            <td></td>\n            <td>4170 + ( (KVA-6000) * 0.25)</td>\n        </tr>\n    \n</table>','range',NULL,NULL,NULL,'[[to:5.00,value:\"40\",from:0.00],[to:50.00,value:\"40 + ( (KVA-5) * 4)\",from:5.00],[to:300.00,value:\"220 + ((KVA-50) * 2)\",from:50.00],[to:1500.00,value:\"720 + ( (KVA-300) * 1)\",from:300.00],[to:6000.00,value:\"1920 + ( (KVA-1500) * 0.5)\",from:1500.00],[value:\"4170 + ( (KVA-6000) * 0.25)\",from:6000.00]]',NULL,1),('RAP-66680c7b:15b3c241e07:-7fee','RA-66680c7b:15b3c241e07:-7fef','treasury.actions.UpdateBillItemAmount.type',NULL,NULL,NULL,NULL,NULL,NULL,NULL,NULL,NULL,NULL,'ADD',NULL),('RAP-709c4bfe:17916efdcce:-7ffa','RA-709c4bfe:17916efdcce:-7ffd','workflow.actions.WfExecuteScript.params',NULL,NULL,NULL,NULL,'[ appid: WT.refid ]','expression',NULL,NULL,NULL,NULL,NULL,NULL),('RAP-709c4bfe:17916efdcce:-7ffb','RA-709c4bfe:17916efdcce:-7ffd','workflow.actions.WfExecuteScript.actionname','validateRptDocs',NULL,NULL,NULL,NULL,NULL,NULL,NULL,NULL,NULL,NULL,NULL),('RAP-709c4bfe:17916efdcce:-7ffc','RA-709c4bfe:17916efdcce:-7ffd','workflow.actions.WfExecuteScript.scriptname','BuildingPermitRpuService',NULL,NULL,NULL,NULL,NULL,NULL,NULL,NULL,NULL,NULL,NULL),('RAP-75b062b8:1796f05369d:-7fa7','RA-75b062b8:1796f05369d:-7faa','workflow.actions.WfExecuteScript.params',NULL,NULL,NULL,NULL,'[\n   appid: WT.refid,\n   appname: WT.processname,\n   type: \'occupancy_inspection\',\n   sendmail: true\n]','expression',NULL,NULL,NULL,NULL,NULL,NULL),('RAP-75b062b8:1796f05369d:-7fa8','RA-75b062b8:1796f05369d:-7faa','workflow.actions.WfExecuteScript.actionname','createTransmittal',NULL,NULL,NULL,NULL,NULL,NULL,NULL,NULL,NULL,NULL,NULL),('RAP-75b062b8:1796f05369d:-7fa9','RA-75b062b8:1796f05369d:-7faa','workflow.actions.WfExecuteScript.scriptname','OboAppTaskitemFindingService',NULL,NULL,NULL,NULL,NULL,NULL,NULL,NULL,NULL,NULL,NULL),('RAP-d80e3d1:15b50f8025e:-7fd8','RA-d80e3d1:15b50f8025e:-7fd9','treasury.actions.AddBillItem.amount',NULL,NULL,'RCONST7c39e053:1763abc2c56:-6c9b','COST','<table border=\"1\" cellpadding=\"1\" cellspacing=\"0\">\n    <tr>\n        <td colspan=\"3\">Use Variable: COST</td>\n    </tr>\n    \n        <tr>\n            <th>Greater than</th>\n            <th>Less than or equal to</th>\n            <th>Formula</th>\n        </tr>\n    \n    \n    \n        <tr>\n            <td></td>\n            <td>150000.00</td>\n            <td>100</td>\n        </tr>\n    \n        <tr>\n            <td>150000.00</td>\n            <td>400000.00</td>\n            <td>200</td>\n        </tr>\n    \n        <tr>\n            <td>400000.00</td>\n            <td>850000.00</td>\n            <td>400</td>\n        </tr>\n    \n        <tr>\n            <td>850000.00</td>\n            <td>1200000.00</td>\n            <td>800</td>\n        </tr>\n    \n        <tr>\n            <td>1200000.00</td>\n            <td></td>\n            <td>800 +  (Math.ceil((COST-1200000)/1000000) * 800)</td>\n        </tr>\n    \n</table>','range',NULL,NULL,NULL,'[[to:150000.00,value:\"100\",from:0],[to:400000.00,value:\"200\",from:150000.00],[to:850000.00,value:\"400\",from:400000.00],[to:1200000.00,value:\"800\",from:850000.00],[value:\"800 +  (Math.ceil((COST-1200000)/1000000) * 800)\",from:1200000.00]]',NULL,1),('RAP-d80e3d1:15b50f8025e:-7fdf','RA-d80e3d1:15b50f8025e:-7fe0','treasury.actions.AddBillItem.amount',NULL,NULL,'RCONST7c39e053:1763abc2c56:-6f9c','AREA','<table border=\"1\" cellpadding=\"1\" cellspacing=\"0\">\n    <tr>\n        <td colspan=\"3\">Use Variable: AREA</td>\n    </tr>\n    \n        <tr>\n            <th>Greater than</th>\n            <th>Less than or equal to</th>\n            <th>Formula</th>\n        </tr>\n    \n    \n    \n        <tr>\n            <td></td>\n            <td>20.00</td>\n            <td>50</td>\n        </tr>\n    \n        <tr>\n            <td>20.00</td>\n            <td>500.00</td>\n            <td>240</td>\n        </tr>\n    \n        <tr>\n            <td>500.00</td>\n            <td>1000.00</td>\n            <td>360</td>\n        </tr>\n    \n        <tr>\n            <td>1000.00</td>\n            <td>5000.00</td>\n            <td>480</td>\n        </tr>\n    \n        <tr>\n            <td>5000.00</td>\n            <td>10000.00</td>\n            <td>200</td>\n        </tr>\n    \n        <tr>\n            <td>10000.00</td>\n            <td></td>\n            <td>2400</td>\n        </tr>\n    \n</table>','range',NULL,NULL,NULL,'[[to:20.00,value:\"50\",from:0],[to:500.00,value:\"240\",from:20.00],[to:1000.00,value:\"360\",from:500.00],[to:5000.00,value:\"480\",from:1000.00],[to:10000.00,value:\"200\",from:5000.00],[value:\"2400\",from:10000.00]]',NULL,1),('RAP-d80e3d1:15b50f8025e:-7fe6','RA-d80e3d1:15b50f8025e:-7fe7','treasury.actions.AddBillItem.amount',NULL,NULL,'RCONST7c39e053:1763abc2c56:-736d','COST','<table border=\"1\" cellpadding=\"1\" cellspacing=\"0\">\n    <tr>\n        <td colspan=\"3\">Use Variable: COST</td>\n    </tr>\n    \n        <tr>\n            <th>Greater than</th>\n            <th>Less than or equal to</th>\n            <th>Formula</th>\n        </tr>\n    \n    \n    \n        <tr>\n            <td></td>\n            <td>150000.00</td>\n            <td>150</td>\n        </tr>\n    \n        <tr>\n            <td>150000.00</td>\n            <td>400000.00</td>\n            <td>250</td>\n        </tr>\n    \n        <tr>\n            <td>400000.00</td>\n            <td>850000.00</td>\n            <td>600</td>\n        </tr>\n    \n        <tr>\n            <td>850000.00</td>\n            <td>1200000.00</td>\n            <td>900</td>\n        </tr>\n    \n        <tr>\n            <td>1200000.00</td>\n            <td></td>\n            <td>900 +  (Math.ceil((COST-1200000)/1000000) * 900)</td>\n        </tr>\n    \n</table>','range',NULL,NULL,NULL,'[[to:150000.00,value:\"150\",from:0],[to:400000.00,value:\"250\",from:150000.00],[to:850000.00,value:\"600\",from:400000.00],[to:1200000.00,value:\"900\",from:850000.00],[value:\"900 +  (Math.ceil((COST-1200000)/1000000) * 900)\",from:1200000.00]]',NULL,1),('RAP-d80e3d1:15b50f8025e:-7fed','RA-d80e3d1:15b50f8025e:-7fee','treasury.actions.AddBillItem.amount',NULL,NULL,'RCONST7c39e053:1763abc2c56:-7975','COST','<table border=\"1\" cellpadding=\"1\" cellspacing=\"0\">\n    <tr>\n        <td colspan=\"3\">Use Variable: COST</td>\n    </tr>\n    \n        <tr>\n            <th>Greater than</th>\n            <th>Less than or equal to</th>\n            <th>Formula</th>\n        </tr>\n    \n    \n    \n        <tr>\n            <td></td>\n            <td>150000.00</td>\n            <td>200</td>\n        </tr>\n    \n        <tr>\n            <td>150000.00</td>\n            <td>400000.00</td>\n            <td>400</td>\n        </tr>\n    \n        <tr>\n            <td>400000.00</td>\n            <td>850000.00</td>\n            <td>800</td>\n        </tr>\n    \n        <tr>\n            <td>850000.00</td>\n            <td>1200000.00</td>\n            <td>1000</td>\n        </tr>\n    \n        <tr>\n            <td>1200000.00</td>\n            <td></td>\n            <td>1000 +  (Math.ceil((COST-1200000)/1000000) * 1000)</td>\n        </tr>\n    \n</table>','range',NULL,NULL,NULL,'[[to:150000.00,value:\"200\",from:0],[to:400000.00,value:\"400\",from:150000.00],[to:850000.00,value:\"800\",from:400000.00],[to:1200000.00,value:\"1000\",from:850000.00],[value:\"1000 +  (Math.ceil((COST-1200000)/1000000) * 1000)\",from:1200000.00]]',NULL,1),('RAP-d96c4a7:15bf6365df9:-7fdd','RA-d96c4a7:15bf6365df9:-7fe0','treasury.actions.UpdateBillItemAmount.amount',NULL,NULL,NULL,NULL,'Math.ceil( SQM ) * 18','expression',NULL,NULL,NULL,NULL,NULL,NULL),('RAP-d96c4a7:15bf6365df9:-7fde','RA-d96c4a7:15bf6365df9:-7fe0','treasury.actions.UpdateBillItemAmount.type',NULL,NULL,NULL,NULL,NULL,NULL,NULL,NULL,NULL,NULL,'ADD',NULL),('RAP-d96c4a7:15bf6365df9:-7fdf','RA-d96c4a7:15bf6365df9:-7fe0','treasury.actions.UpdateBillItemAmount.billitem',NULL,NULL,'RC-d96c4a7:15bf6365df9:-7fe8','BILLITEM',NULL,NULL,NULL,NULL,NULL,NULL,NULL,NULL),('RAP16c3fcb:16a3a19e4b9:-7a76','RA16c3fcb:16a3a19e4b9:-7a78','treasury.actions.UpdateBillItemAmount.billitem',NULL,NULL,'RC16c3fcb:16a3a19e4b9:-7a7f','BILLITEM',NULL,NULL,NULL,NULL,NULL,NULL,NULL,NULL),('RAP16c3fcb:16a3a19e4b9:-7a77','RA16c3fcb:16a3a19e4b9:-7a78','treasury.actions.UpdateBillItemAmount.amount',NULL,NULL,NULL,'AREA','(CUM * 24) * 0.5','expression',NULL,NULL,NULL,'[[to:20.00,value:\"2.0 * AREA * 0.50\",from:0],[to:50.00,value:\"3.40 * AREA * 0.50\",from:20.00],[to:100.00,value:\"4.80 * AREA * 0.50\",from:50.00],[to:150.00,value:\"6.0 * AREA * 0.50\",from:100.00],[value:\"7.20 * AREA * 0.50\",from:150.00]]',NULL,1),('RAP16c3fcb:16a3a19e4b9:-7a82','RA16c3fcb:16a3a19e4b9:-7a84','treasury.actions.UpdateBillItemAmount.billitem',NULL,NULL,'RC16c3fcb:16a3a19e4b9:-7a8b','BILLITEM',NULL,NULL,NULL,NULL,NULL,NULL,NULL,NULL),('RAP16c3fcb:16a3a19e4b9:-7a83','RA16c3fcb:16a3a19e4b9:-7a84','treasury.actions.UpdateBillItemAmount.amount',NULL,NULL,NULL,'AREA','CUM * 36 * 0.50','expression',NULL,NULL,NULL,'[[to:20.00,value:\"2.0 * AREA * 0.50\",from:0],[to:50.00,value:\"3.40 * AREA * 0.50\",from:20.00],[to:100.00,value:\"4.80 * AREA * 0.50\",from:50.00],[to:150.00,value:\"6.0 * AREA * 0.50\",from:100.00],[value:\"7.20 * AREA * 0.50\",from:150.00]]',NULL,1),('RAP16c3fcb:16a3a19e4b9:-7a90','RA16c3fcb:16a3a19e4b9:-7a92','treasury.actions.UpdateBillItemAmount.amount',NULL,NULL,NULL,'AREA','(CUM * 3 ) * 0.5','expression',NULL,NULL,NULL,'[[to:20.00,value:\"2.0 * AREA * 0.50\",from:0],[to:50.00,value:\"3.40 * AREA * 0.50\",from:20.00],[to:100.00,value:\"4.80 * AREA * 0.50\",from:50.00],[to:150.00,value:\"6.0 * AREA * 0.50\",from:100.00],[value:\"7.20 * AREA * 0.50\",from:150.00]]',NULL,1),('RAP16c3fcb:16a3a19e4b9:-7a91','RA16c3fcb:16a3a19e4b9:-7a92','treasury.actions.UpdateBillItemAmount.billitem',NULL,NULL,'RC16c3fcb:16a3a19e4b9:-7a94','BILLITEM',NULL,NULL,NULL,NULL,NULL,NULL,NULL,NULL),('RAP16c3fcb:16a3a19e4b9:-7ac8','RA16c3fcb:16a3a19e4b9:-7aca','treasury.actions.UpdateBillItemAmount.amount',NULL,NULL,NULL,'AREA','CUM * 24','expression',NULL,NULL,NULL,'[[to:20.00,value:\"2.0 * AREA * 0.50\",from:0],[to:50.00,value:\"3.40 * AREA * 0.50\",from:20.00],[to:100.00,value:\"4.80 * AREA * 0.50\",from:50.00],[to:150.00,value:\"6.0 * AREA * 0.50\",from:100.00],[value:\"7.20 * AREA * 0.50\",from:150.00]]',NULL,1),('RAP16c3fcb:16a3a19e4b9:-7ac9','RA16c3fcb:16a3a19e4b9:-7aca','treasury.actions.UpdateBillItemAmount.billitem',NULL,NULL,'RC16c3fcb:16a3a19e4b9:-7acc','BILLITEM',NULL,NULL,NULL,NULL,NULL,NULL,NULL,NULL),('RAP16c3fcb:16a3a19e4b9:-7ad2','RA16c3fcb:16a3a19e4b9:-7ad4','treasury.actions.UpdateBillItemAmount.amount',NULL,NULL,NULL,'AREA','CUM * 36','expression',NULL,NULL,NULL,'[[to:20.00,value:\"2.0 * AREA * 0.50\",from:0],[to:50.00,value:\"3.40 * AREA * 0.50\",from:20.00],[to:100.00,value:\"4.80 * AREA * 0.50\",from:50.00],[to:150.00,value:\"6.0 * AREA * 0.50\",from:100.00],[value:\"7.20 * AREA * 0.50\",from:150.00]]',NULL,1),('RAP16c3fcb:16a3a19e4b9:-7ad3','RA16c3fcb:16a3a19e4b9:-7ad4','treasury.actions.UpdateBillItemAmount.billitem',NULL,NULL,'RC16c3fcb:16a3a19e4b9:-7ad6','BILLITEM',NULL,NULL,NULL,NULL,NULL,NULL,NULL,NULL),('RAP16c3fcb:16a3a19e4b9:-7af8','RA16c3fcb:16a3a19e4b9:-7afa','treasury.actions.UpdateBillItemAmount.billitem',NULL,NULL,'RC16c3fcb:16a3a19e4b9:-7b01','BILLITEM',NULL,NULL,NULL,NULL,NULL,NULL,NULL,NULL),('RAP16c3fcb:16a3a19e4b9:-7af9','RA16c3fcb:16a3a19e4b9:-7afa','treasury.actions.UpdateBillItemAmount.amount',NULL,NULL,'RCC16c3fcb:16a3a19e4b9:-7afc','AREA','CUM * 3','expression',NULL,NULL,NULL,'[[to:20.00,value:\"2.0 * AREA * 0.50\",from:0],[to:50.00,value:\"3.40 * AREA * 0.50\",from:20.00],[to:100.00,value:\"4.80 * AREA * 0.50\",from:50.00],[to:150.00,value:\"6.0 * AREA * 0.50\",from:100.00],[value:\"7.20 * AREA * 0.50\",from:150.00]]',NULL,1),('RAP16c3fcb:16a3a19e4b9:-7b23','RA16c3fcb:16a3a19e4b9:-7b25','treasury.actions.UpdateBillItemAmount.billitem',NULL,NULL,'RC16c3fcb:16a3a19e4b9:-7b2a','BILLITEM',NULL,NULL,NULL,NULL,NULL,NULL,NULL,NULL),('RAP16c3fcb:16a3a19e4b9:-7b24','RA16c3fcb:16a3a19e4b9:-7b25','treasury.actions.UpdateBillItemAmount.amount',NULL,NULL,'RCC16c3fcb:16a3a19e4b9:-7b27','CUM','<table border=\"1\" cellpadding=\"1\" cellspacing=\"0\">\n    <tr>\n        <td colspan=\"3\">Use Variable: CUM</td>\n    </tr>\n    \n    \n        <tr>\n            <th>Greater than or equal to</th>\n            <th>Less than</th>\n            <th>Formula</th>\n        </tr>\n    \n    \n        <tr>\n            <td></td>\n            <td>20.00</td>\n            <td>CUM * 20</td>\n        </tr>\n    \n        <tr>\n            <td>20.00</td>\n            <td></td>\n            <td>400 + (( CUM - 20)*8)</td>\n        </tr>\n    \n</table>','range',NULL,NULL,NULL,'[[to:20.00,value:\"CUM * 20\",from:0],[value:\"400 + (( CUM - 20)*8)\",from:20.00]]',NULL,0),('RAP1af7b1b4:178ceda2daf:-7ffa','RA1af7b1b4:178ceda2daf:-7ffd','workflow.actions.WfExecuteScript.scriptname','OboAppRequirementService',NULL,NULL,NULL,NULL,NULL,NULL,NULL,NULL,NULL,NULL,NULL),('RAP1af7b1b4:178ceda2daf:-7ffb','RA1af7b1b4:178ceda2daf:-7ffd','workflow.actions.WfExecuteScript.actionname','createTransmittal',NULL,NULL,NULL,NULL,NULL,NULL,NULL,NULL,NULL,NULL,NULL),('RAP1af7b1b4:178ceda2daf:-7ffc','RA1af7b1b4:178ceda2daf:-7ffd','workflow.actions.WfExecuteScript.params',NULL,NULL,NULL,NULL,'[\n   appname: WT.processname,\n   appid: WT.refid,\n   sendmail: true\n]','expression',NULL,NULL,NULL,NULL,NULL,NULL),('RAP1cbabe6f:15bf507af61:-7fc4','RA1cbabe6f:15bf507af61:-7fc7','treasury.actions.UpdateBillItemAmount.amount',NULL,NULL,NULL,NULL,' LNM * 2.4','expression',NULL,NULL,NULL,NULL,NULL,NULL),('RAP1cbabe6f:15bf507af61:-7fc5','RA1cbabe6f:15bf507af61:-7fc7','treasury.actions.UpdateBillItemAmount.type',NULL,NULL,NULL,NULL,NULL,NULL,NULL,NULL,NULL,NULL,'ADD',NULL),('RAP1cbabe6f:15bf507af61:-7fc6','RA1cbabe6f:15bf507af61:-7fc7','treasury.actions.UpdateBillItemAmount.billitem',NULL,NULL,'RC1cbabe6f:15bf507af61:-7fcc','BILLITEM',NULL,NULL,NULL,NULL,NULL,NULL,NULL,NULL),('RAP1cbabe6f:15bf507af61:-7fcd','RA1cbabe6f:15bf507af61:-7fd0','treasury.actions.UpdateBillItemAmount.billitem',NULL,NULL,'RC1cbabe6f:15bf507af61:-7fd2','BILLITEM',NULL,NULL,NULL,NULL,NULL,NULL,NULL,NULL),('RAP1cbabe6f:15bf507af61:-7fce','RA1cbabe6f:15bf507af61:-7fd0','treasury.actions.UpdateBillItemAmount.type',NULL,NULL,NULL,NULL,NULL,NULL,NULL,NULL,NULL,NULL,'ADD',NULL),('RAP1cbabe6f:15bf507af61:-7fcf','RA1cbabe6f:15bf507af61:-7fd0','treasury.actions.UpdateBillItemAmount.amount',NULL,NULL,NULL,NULL,'Math.ceil( LM ) * 4','expression',NULL,NULL,NULL,NULL,NULL,NULL),('RAP1cbabe6f:15bf507af61:-7fd6','RA1cbabe6f:15bf507af61:-7fd9','treasury.actions.UpdateBillItemAmount.amount',NULL,NULL,NULL,NULL,'Math.ceil( SQM ) * 250','expression',NULL,NULL,NULL,NULL,NULL,NULL),('RAP1cbabe6f:15bf507af61:-7fd7','RA1cbabe6f:15bf507af61:-7fd9','treasury.actions.UpdateBillItemAmount.type',NULL,NULL,NULL,NULL,NULL,NULL,NULL,NULL,NULL,NULL,'ADD',NULL),('RAP1cbabe6f:15bf507af61:-7fd8','RA1cbabe6f:15bf507af61:-7fd9','treasury.actions.UpdateBillItemAmount.billitem',NULL,NULL,'RC1cbabe6f:15bf507af61:-7fdb','BILLITEM',NULL,NULL,NULL,NULL,NULL,NULL,NULL,NULL),('RAP1cbabe6f:15bf507af61:-7fdf','RA1cbabe6f:15bf507af61:-7fe2','treasury.actions.UpdateBillItemAmount.billitem',NULL,NULL,'RC1cbabe6f:15bf507af61:-7fe7','BILLITEM',NULL,NULL,NULL,NULL,NULL,NULL,NULL,NULL),('RAP1cbabe6f:15bf507af61:-7fe0','RA1cbabe6f:15bf507af61:-7fe2','treasury.actions.UpdateBillItemAmount.type',NULL,NULL,NULL,NULL,NULL,NULL,NULL,NULL,NULL,NULL,'ADD',NULL),('RAP1cbabe6f:15bf507af61:-7fe1','RA1cbabe6f:15bf507af61:-7fe2','treasury.actions.UpdateBillItemAmount.amount',NULL,NULL,NULL,NULL,'CUM * 4','expression',NULL,NULL,NULL,NULL,NULL,NULL),('RAP1cbabe6f:15bf507af61:-7fea','RA1cbabe6f:15bf507af61:-7fed','treasury.actions.UpdateBillItemAmount.amount',NULL,NULL,'RCC1cbabe6f:15bf507af61:-7ff0','CUM','<table border=\"1\" cellpadding=\"1\" cellspacing=\"0\">\n    <tr>\n        <td colspan=\"3\">Use Variable: CUM</td>\n    </tr>\n    \n        <tr>\n            <th>Greater than</th>\n            <th>Less than or equal to</th>\n            <th>Formula</th>\n        </tr>\n    \n    \n    \n        <tr>\n            <td></td>\n            <td>10.00</td>\n            <td>480</td>\n        </tr>\n    \n        <tr>\n            <td>10.00</td>\n            <td></td>\n            <td>480 + ( Math.ceil(CUM - 10 ) * 24 )</td>\n        </tr>\n    \n</table>','range',NULL,NULL,NULL,'[[to:10.00,value:\"480\",from:0],[value:\"480 + ( Math.ceil(CUM - 10 ) * 24 )\",from:10.00]]',NULL,1),('RAP1cbabe6f:15bf507af61:-7feb','RA1cbabe6f:15bf507af61:-7fed','treasury.actions.UpdateBillItemAmount.type',NULL,NULL,NULL,NULL,NULL,NULL,NULL,NULL,NULL,NULL,'ADD',NULL),('RAP1cbabe6f:15bf507af61:-7fec','RA1cbabe6f:15bf507af61:-7fed','treasury.actions.UpdateBillItemAmount.billitem',NULL,NULL,'RC1cbabe6f:15bf507af61:-7ff4','BILLITEM',NULL,NULL,NULL,NULL,NULL,NULL,NULL,NULL),('RAP28a83f44:15b74c946cb:-7f33','RA28a83f44:15b74c946cb:-7f36','treasury.actions.UpdateBillItemAmount.amount',NULL,NULL,NULL,NULL,'Math.ceil( CUM ) * 3','expression',NULL,NULL,NULL,NULL,NULL,NULL),('RAP28a83f44:15b74c946cb:-7f34','RA28a83f44:15b74c946cb:-7f36','treasury.actions.UpdateBillItemAmount.type',NULL,NULL,NULL,NULL,NULL,NULL,NULL,NULL,NULL,NULL,'ADD',NULL),('RAP28a83f44:15b74c946cb:-7f35','RA28a83f44:15b74c946cb:-7f36','treasury.actions.UpdateBillItemAmount.billitem',NULL,NULL,'RC28a83f44:15b74c946cb:-7f3b','BILLITEM',NULL,NULL,NULL,NULL,NULL,NULL,NULL,NULL),('RAP28a83f44:15b74c946cb:-7f3c','RA28a83f44:15b74c946cb:-7f3f','treasury.actions.UpdateBillItemAmount.amount',NULL,NULL,NULL,NULL,'UNIT * 24','expression',NULL,NULL,NULL,NULL,NULL,NULL),('RAP28a83f44:15b74c946cb:-7f3d','RA28a83f44:15b74c946cb:-7f3f','treasury.actions.UpdateBillItemAmount.type',NULL,NULL,NULL,NULL,NULL,NULL,NULL,NULL,NULL,NULL,'ADD',NULL),('RAP28a83f44:15b74c946cb:-7f3e','RA28a83f44:15b74c946cb:-7f3f','treasury.actions.UpdateBillItemAmount.billitem',NULL,NULL,'RC28a83f44:15b74c946cb:-7f44','BILLITEM',NULL,NULL,NULL,NULL,NULL,NULL,NULL,NULL),('RAP28a83f44:15b74c946cb:-7f45','RA28a83f44:15b74c946cb:-7f48','treasury.actions.UpdateBillItemAmount.billitem',NULL,NULL,'RC28a83f44:15b74c946cb:-7f4a','BILLITEM',NULL,NULL,NULL,NULL,NULL,NULL,NULL,NULL),('RAP28a83f44:15b74c946cb:-7f46','RA28a83f44:15b74c946cb:-7f48','treasury.actions.UpdateBillItemAmount.type',NULL,NULL,NULL,NULL,NULL,NULL,NULL,NULL,NULL,NULL,'ADD',NULL),('RAP28a83f44:15b74c946cb:-7f47','RA28a83f44:15b74c946cb:-7f48','treasury.actions.UpdateBillItemAmount.amount',NULL,NULL,NULL,NULL,'SQM * 10','expression',NULL,NULL,NULL,NULL,NULL,NULL),('RAP28a83f44:15b74c946cb:-7f4e','RA28a83f44:15b74c946cb:-7f51','treasury.actions.UpdateBillItemAmount.billitem',NULL,NULL,'RC28a83f44:15b74c946cb:-7f56','BILLITEM',NULL,NULL,NULL,NULL,NULL,NULL,NULL,NULL),('RAP28a83f44:15b74c946cb:-7f4f','RA28a83f44:15b74c946cb:-7f51','treasury.actions.UpdateBillItemAmount.type',NULL,NULL,NULL,NULL,NULL,NULL,NULL,NULL,NULL,NULL,'ADD',NULL),('RAP28a83f44:15b74c946cb:-7f50','RA28a83f44:15b74c946cb:-7f51','treasury.actions.UpdateBillItemAmount.amount',NULL,NULL,NULL,NULL,'SQM * 5','expression',NULL,NULL,NULL,NULL,NULL,NULL),('RAP28a83f44:15b74c946cb:-7f86','RA28a83f44:15b74c946cb:-7f89','treasury.actions.UpdateBillItemAmount.amount',NULL,NULL,'RCC28a83f44:15b74c946cb:-7f8c','CUM','<table border=\"1\" cellpadding=\"1\" cellspacing=\"0\">\n    <tr>\n        <td colspan=\"3\">Use Variable: CUM</td>\n    </tr>\n    \n        <tr>\n            <th>Greater than</th>\n            <th>Less than or equal to</th>\n            <th>Formula</th>\n        </tr>\n    \n    \n    \n        <tr>\n            <td></td>\n            <td>20.00</td>\n            <td>540</td>\n        </tr>\n    \n        <tr>\n            <td>20.00</td>\n            <td></td>\n            <td>540 + ( Math.ceil( CUM - 20 ) * 24 )</td>\n        </tr>\n    \n</table>','range',NULL,NULL,NULL,'[[to:20.00,value:\"540\",from:0],[value:\"540 + ( Math.ceil( CUM - 20 ) * 24 )\",from:20.00]]',NULL,1),('RAP28a83f44:15b74c946cb:-7f87','RA28a83f44:15b74c946cb:-7f89','treasury.actions.UpdateBillItemAmount.type',NULL,NULL,NULL,NULL,NULL,NULL,NULL,NULL,NULL,NULL,'ADD',NULL),('RAP28a83f44:15b74c946cb:-7f88','RA28a83f44:15b74c946cb:-7f89','treasury.actions.UpdateBillItemAmount.billitem',NULL,NULL,'RC28a83f44:15b74c946cb:-7f90','BILLITEM',NULL,NULL,NULL,NULL,NULL,NULL,NULL,NULL),('RAP28a83f44:15b74c946cb:-7f91','RA28a83f44:15b74c946cb:-7f94','treasury.actions.UpdateBillItemAmount.billitem',NULL,NULL,'RC28a83f44:15b74c946cb:-7f96','BILLITEM',NULL,NULL,NULL,NULL,NULL,NULL,NULL,NULL),('RAP28a83f44:15b74c946cb:-7f92','RA28a83f44:15b74c946cb:-7f94','treasury.actions.UpdateBillItemAmount.type',NULL,NULL,NULL,NULL,NULL,NULL,NULL,NULL,NULL,NULL,'ADD',NULL),('RAP28a83f44:15b74c946cb:-7f93','RA28a83f44:15b74c946cb:-7f94','treasury.actions.UpdateBillItemAmount.amount',NULL,NULL,'RCC28a83f44:15b74c946cb:-7f98','CUM','<table border=\"1\" cellpadding=\"1\" cellspacing=\"0\">\n    <tr>\n        <td colspan=\"3\">Use Variable: CUM</td>\n    </tr>\n    \n        <tr>\n            <th>Greater than</th>\n            <th>Less than or equal to</th>\n            <th>Formula</th>\n        </tr>\n    \n    \n    \n        <tr>\n            <td></td>\n            <td>10.00</td>\n            <td>480</td>\n        </tr>\n    \n        <tr>\n            <td>10.00</td>\n            <td></td>\n            <td>480 + ( Math.ceil(CUM - 10 ) * 24 )</td>\n        </tr>\n    \n</table>','range',NULL,NULL,NULL,'[[to:10.00,value:\"480\",from:0],[value:\"480 + ( Math.ceil(CUM - 10 ) * 24 )\",from:10.00]]',NULL,1),('RAP28a83f44:15b74c946cb:-7f9c','RA28a83f44:15b74c946cb:-7f9f','treasury.actions.UpdateBillItemAmount.billitem',NULL,NULL,'RC28a83f44:15b74c946cb:-7fa3','BILLITEM',NULL,NULL,NULL,NULL,NULL,NULL,NULL,NULL),('RAP28a83f44:15b74c946cb:-7f9d','RA28a83f44:15b74c946cb:-7f9f','treasury.actions.UpdateBillItemAmount.type',NULL,NULL,NULL,NULL,NULL,NULL,NULL,NULL,NULL,NULL,'ADD',NULL),('RAP28a83f44:15b74c946cb:-7f9e','RA28a83f44:15b74c946cb:-7f9f','treasury.actions.UpdateBillItemAmount.amount',NULL,NULL,NULL,NULL,'60 + ((UNIT-1) * 12)','expression',NULL,NULL,NULL,NULL,NULL,NULL),('RAP28a83f44:15b74c946cb:-7fa7','RA28a83f44:15b74c946cb:-7faa','treasury.actions.UpdateBillItemAmount.billitem',NULL,NULL,'RC28a83f44:15b74c946cb:-7fae','BILLITEM',NULL,NULL,NULL,NULL,NULL,NULL,NULL,NULL),('RAP28a83f44:15b74c946cb:-7fa8','RA28a83f44:15b74c946cb:-7faa','treasury.actions.UpdateBillItemAmount.type',NULL,NULL,NULL,NULL,NULL,NULL,NULL,NULL,NULL,NULL,'ADD',NULL),('RAP28a83f44:15b74c946cb:-7fa9','RA28a83f44:15b74c946cb:-7faa','treasury.actions.UpdateBillItemAmount.amount',NULL,NULL,NULL,NULL,'60 + ((UNIT-1) * 18)','expression',NULL,NULL,NULL,NULL,NULL,NULL),('RAP28a83f44:15b74c946cb:-7fbe','RA28a83f44:15b74c946cb:-7fc1','treasury.actions.UpdateBillItemAmount.billitem',NULL,NULL,'RC28a83f44:15b74c946cb:-7fc5','BILLITEM',NULL,NULL,NULL,NULL,NULL,NULL,NULL,NULL),('RAP28a83f44:15b74c946cb:-7fbf','RA28a83f44:15b74c946cb:-7fc1','treasury.actions.UpdateBillItemAmount.type',NULL,NULL,NULL,NULL,NULL,NULL,NULL,NULL,NULL,NULL,'ADD',NULL),('RAP28a83f44:15b74c946cb:-7fc0','RA28a83f44:15b74c946cb:-7fc1','treasury.actions.UpdateBillItemAmount.amount',NULL,NULL,'RCC28a83f44:15b74c946cb:-7fc7','M','<table border=\"1\" cellpadding=\"1\" cellspacing=\"0\">\n    <tr>\n        <td colspan=\"3\">Use Variable: M</td>\n    </tr>\n    \n        <tr>\n            <th>Greater than</th>\n            <th>Less than or equal to</th>\n            <th>Formula</th>\n        </tr>\n    \n    \n    \n        <tr>\n            <td></td>\n            <td>10.00</td>\n            <td>120</td>\n        </tr>\n    \n        <tr>\n            <td>10.00</td>\n            <td></td>\n            <td>120 + ((M-10) * 12)</td>\n        </tr>\n    \n</table>','range',NULL,NULL,NULL,'[[to:10.00,value:\"120\",from:0],[value:\"120 + ((M-10) * 12)\",from:10.00]]',NULL,1),('RAP28a83f44:15b74c946cb:-7fc9','RA28a83f44:15b74c946cb:-7fcc','treasury.actions.UpdateBillItemAmount.amount',NULL,NULL,'RCC28a83f44:15b74c946cb:-7fcd','M','<table border=\"1\" cellpadding=\"1\" cellspacing=\"0\">\n    <tr>\n        <td colspan=\"3\">Use Variable: M</td>\n    </tr>\n    \n        <tr>\n            <th>Greater than</th>\n            <th>Less than or equal to</th>\n            <th>Formula</th>\n        </tr>\n    \n    \n    \n        <tr>\n            <td></td>\n            <td>10.00</td>\n            <td>1800</td>\n        </tr>\n    \n        <tr>\n            <td>10.00</td>\n            <td></td>\n            <td>1800 + ((M-10) * 120 )</td>\n        </tr>\n    \n</table>','range',NULL,NULL,NULL,'[[to:10.00,value:\"1800\",from:0],[value:\"1800 + ((M-10) * 120 )\",from:10.00]]',NULL,1),('RAP28a83f44:15b74c946cb:-7fca','RA28a83f44:15b74c946cb:-7fcc','treasury.actions.UpdateBillItemAmount.type',NULL,NULL,NULL,NULL,NULL,NULL,NULL,NULL,NULL,NULL,'ADD',NULL),('RAP28a83f44:15b74c946cb:-7fcb','RA28a83f44:15b74c946cb:-7fcc','treasury.actions.UpdateBillItemAmount.billitem',NULL,NULL,'RC28a83f44:15b74c946cb:-7fd1','BILLITEM',NULL,NULL,NULL,NULL,NULL,NULL,NULL,NULL),('RAP28a83f44:15b74c946cb:-7fd4','RA28a83f44:15b74c946cb:-7fd7','treasury.actions.UpdateBillItemAmount.amount',NULL,NULL,'RCC28a83f44:15b74c946cb:-7fd8','M','<table border=\"1\" cellpadding=\"1\" cellspacing=\"0\">\n    <tr>\n        <td colspan=\"3\">Use Variable: M</td>\n    </tr>\n    \n        <tr>\n            <th>Greater than</th>\n            <th>Less than or equal to</th>\n            <th>Formula</th>\n        </tr>\n    \n    \n    \n        <tr>\n            <td></td>\n            <td>10.00</td>\n            <td>240</td>\n        </tr>\n    \n        <tr>\n            <td>10.00</td>\n            <td></td>\n            <td>240 + (( M-10) * 12)</td>\n        </tr>\n    \n</table>','range',NULL,NULL,NULL,'[[to:10.00,value:\"240\",from:0],[value:\"240 + (( M-10) * 12)\",from:10.00]]',NULL,1),('RAP28a83f44:15b74c946cb:-7fd5','RA28a83f44:15b74c946cb:-7fd7','treasury.actions.UpdateBillItemAmount.type',NULL,NULL,NULL,NULL,NULL,NULL,NULL,NULL,NULL,NULL,'ADD',NULL),('RAP28a83f44:15b74c946cb:-7fd6','RA28a83f44:15b74c946cb:-7fd7','treasury.actions.UpdateBillItemAmount.billitem',NULL,NULL,'RC28a83f44:15b74c946cb:-7fdc','BILLITEM',NULL,NULL,NULL,NULL,NULL,NULL,NULL,NULL),('RAP28a83f44:15b74c946cb:-7fdf','RA28a83f44:15b74c946cb:-7fe2','treasury.actions.UpdateBillItemAmount.billitem',NULL,NULL,'RC28a83f44:15b74c946cb:-7fe6','BILLITEM',NULL,NULL,NULL,NULL,NULL,NULL,NULL,NULL),('RAP28a83f44:15b74c946cb:-7fe0','RA28a83f44:15b74c946cb:-7fe2','treasury.actions.UpdateBillItemAmount.type',NULL,NULL,NULL,NULL,NULL,NULL,NULL,NULL,NULL,NULL,'ADD',NULL),('RAP28a83f44:15b74c946cb:-7fe1','RA28a83f44:15b74c946cb:-7fe2','treasury.actions.UpdateBillItemAmount.amount',NULL,NULL,'RCC28a83f44:15b74c946cb:-7fe8','M','<table border=\"1\" cellpadding=\"1\" cellspacing=\"0\">\n    <tr>\n        <td colspan=\"3\">Use Variable: M</td>\n    </tr>\n    \n        <tr>\n            <th>Greater than</th>\n            <th>Less than or equal to</th>\n            <th>Formula</th>\n        </tr>\n    \n    \n    \n        <tr>\n            <td></td>\n            <td>10.00</td>\n            <td>2400</td>\n        </tr>\n    \n        <tr>\n            <td>10.00</td>\n            <td></td>\n            <td>2400 +((  M-10 )*120)</td>\n        </tr>\n    \n</table>','range',NULL,NULL,NULL,'[[to:10.00,value:\"2400\",from:0],[value:\"2400 +((  M-10 )*120)\",from:10.00]]',NULL,1),('RAP28a83f44:15b74c946cb:-7fea','RA28a83f44:15b74c946cb:-7fed','treasury.actions.UpdateBillItemAmount.billitem',NULL,NULL,'RC28a83f44:15b74c946cb:-7ff1','BILLITEM',NULL,NULL,NULL,NULL,NULL,NULL,NULL,NULL),('RAP28a83f44:15b74c946cb:-7feb','RA28a83f44:15b74c946cb:-7fed','treasury.actions.UpdateBillItemAmount.type',NULL,NULL,NULL,NULL,NULL,NULL,NULL,NULL,NULL,NULL,'ADD',NULL),('RAP28a83f44:15b74c946cb:-7fec','RA28a83f44:15b74c946cb:-7fed','treasury.actions.UpdateBillItemAmount.amount',NULL,NULL,NULL,NULL,'150','expression',NULL,NULL,NULL,NULL,NULL,NULL),('RAP2a995b4c:1792618d9c2:-7ffd','RA2a995b4c:1792618d9c2:-7ffe','obo.actions.AddBuildingRpuFacts.params',NULL,NULL,NULL,NULL,'[ appid: DOC.appid ]','expression',NULL,NULL,NULL,NULL,NULL,NULL),('RAP33115abb:15b366b9fbd:-7f51','RA33115abb:15b366b9fbd:-7f54','treasury.actions.UpdateBillItemAmount.amount',NULL,NULL,NULL,NULL,'HEAD * 4','expression',NULL,NULL,NULL,NULL,NULL,NULL),('RAP33115abb:15b366b9fbd:-7f52','RA33115abb:15b366b9fbd:-7f54','treasury.actions.UpdateBillItemAmount.type',NULL,NULL,NULL,NULL,NULL,NULL,NULL,NULL,NULL,NULL,'ADD',NULL),('RAP33115abb:15b366b9fbd:-7f53','RA33115abb:15b366b9fbd:-7f54','treasury.actions.UpdateBillItemAmount.billitem',NULL,NULL,'RC33115abb:15b366b9fbd:-7f56','BILLITEM',NULL,NULL,NULL,NULL,NULL,NULL,NULL,NULL),('RAP33115abb:15b366b9fbd:-7f59','RA33115abb:15b366b9fbd:-7f5c','treasury.actions.UpdateBillItemAmount.amount',NULL,NULL,NULL,NULL,'Math.ceil(KW)   * 60','expression',NULL,NULL,NULL,NULL,NULL,NULL),('RAP33115abb:15b366b9fbd:-7f5a','RA33115abb:15b366b9fbd:-7f5c','treasury.actions.UpdateBillItemAmount.type',NULL,NULL,NULL,NULL,NULL,NULL,NULL,NULL,NULL,NULL,'ADD',NULL),('RAP33115abb:15b366b9fbd:-7f5b','RA33115abb:15b366b9fbd:-7f5c','treasury.actions.UpdateBillItemAmount.billitem',NULL,NULL,'RC33115abb:15b366b9fbd:-7f5e','BILLITEM',NULL,NULL,NULL,NULL,NULL,NULL,NULL,NULL),('RAP33115abb:15b366b9fbd:-7f61','RA33115abb:15b366b9fbd:-7f64','treasury.actions.UpdateBillItemAmount.billitem',NULL,NULL,'RC33115abb:15b366b9fbd:-7f68','BILLITEM',NULL,NULL,NULL,NULL,NULL,NULL,NULL,NULL),('RAP33115abb:15b366b9fbd:-7f62','RA33115abb:15b366b9fbd:-7f64','treasury.actions.UpdateBillItemAmount.type',NULL,NULL,NULL,NULL,NULL,NULL,NULL,NULL,NULL,NULL,'ADD',NULL),('RAP33115abb:15b366b9fbd:-7f63','RA33115abb:15b366b9fbd:-7f64','treasury.actions.UpdateBillItemAmount.amount',NULL,NULL,NULL,NULL,'UNIT * 200','expression',NULL,NULL,NULL,NULL,NULL,NULL),('RAP33115abb:15b366b9fbd:-7f81','RA33115abb:15b366b9fbd:-7f84','treasury.actions.UpdateBillItemAmount.amount',NULL,NULL,NULL,NULL,'UNIT * 2000','expression',NULL,NULL,NULL,NULL,NULL,NULL),('RAP33115abb:15b366b9fbd:-7f82','RA33115abb:15b366b9fbd:-7f84','treasury.actions.UpdateBillItemAmount.type',NULL,NULL,NULL,NULL,NULL,NULL,NULL,NULL,NULL,NULL,'ADD',NULL),('RAP33115abb:15b366b9fbd:-7f83','RA33115abb:15b366b9fbd:-7f84','treasury.actions.UpdateBillItemAmount.billitem',NULL,NULL,'RC33115abb:15b366b9fbd:-7f88','BILLITEM',NULL,NULL,NULL,NULL,NULL,NULL,NULL,NULL),('RAP33115abb:15b366b9fbd:-7f89','RA33115abb:15b366b9fbd:-7f8c','treasury.actions.UpdateBillItemAmount.amount',NULL,NULL,NULL,NULL,'UNIT  * 600','expression',NULL,NULL,NULL,NULL,NULL,NULL),('RAP33115abb:15b366b9fbd:-7f8a','RA33115abb:15b366b9fbd:-7f8c','treasury.actions.UpdateBillItemAmount.type',NULL,NULL,NULL,NULL,NULL,NULL,NULL,NULL,NULL,NULL,'ADD',NULL),('RAP33115abb:15b366b9fbd:-7f8b','RA33115abb:15b366b9fbd:-7f8c','treasury.actions.UpdateBillItemAmount.billitem',NULL,NULL,'RC33115abb:15b366b9fbd:-7f90','BILLITEM',NULL,NULL,NULL,NULL,NULL,NULL,NULL,NULL),('RAP33115abb:15b366b9fbd:-7f92','RA33115abb:15b366b9fbd:-7f95','treasury.actions.UpdateBillItemAmount.amount',NULL,NULL,NULL,NULL,'@ROUND( LNM   * 5 )','expression',NULL,NULL,NULL,NULL,NULL,NULL),('RAP33115abb:15b366b9fbd:-7f93','RA33115abb:15b366b9fbd:-7f95','treasury.actions.UpdateBillItemAmount.type',NULL,NULL,NULL,NULL,NULL,NULL,NULL,NULL,NULL,NULL,'ADD',NULL),('RAP33115abb:15b366b9fbd:-7f94','RA33115abb:15b366b9fbd:-7f95','treasury.actions.UpdateBillItemAmount.billitem',NULL,NULL,'RC33115abb:15b366b9fbd:-7f99','BILLITEM',NULL,NULL,NULL,NULL,NULL,NULL,NULL,NULL),('RAP33115abb:15b366b9fbd:-7f9a','RA33115abb:15b366b9fbd:-7f9d','treasury.actions.UpdateBillItemAmount.amount',NULL,NULL,NULL,NULL,'Math.ceil( KW )  * 40','expression',NULL,NULL,NULL,NULL,NULL,NULL),('RAP33115abb:15b366b9fbd:-7f9b','RA33115abb:15b366b9fbd:-7f9d','treasury.actions.UpdateBillItemAmount.type',NULL,NULL,NULL,NULL,NULL,NULL,NULL,NULL,NULL,NULL,'ADD',NULL),('RAP33115abb:15b366b9fbd:-7f9c','RA33115abb:15b366b9fbd:-7f9d','treasury.actions.UpdateBillItemAmount.billitem',NULL,NULL,'RC33115abb:15b366b9fbd:-7fa1','BILLITEM',NULL,NULL,NULL,NULL,NULL,NULL,NULL,NULL),('RAP33115abb:15b366b9fbd:-7fa2','RA33115abb:15b366b9fbd:-7fa5','treasury.actions.UpdateBillItemAmount.amount',NULL,NULL,NULL,NULL,'@ROUND( LNM * 20 )','expression',NULL,NULL,NULL,NULL,NULL,NULL),('RAP33115abb:15b366b9fbd:-7fa3','RA33115abb:15b366b9fbd:-7fa5','treasury.actions.UpdateBillItemAmount.type',NULL,NULL,NULL,NULL,NULL,NULL,NULL,NULL,NULL,NULL,'ADD',NULL),('RAP33115abb:15b366b9fbd:-7fa4','RA33115abb:15b366b9fbd:-7fa5','treasury.actions.UpdateBillItemAmount.billitem',NULL,NULL,'RC33115abb:15b366b9fbd:-7fa9','BILLITEM',NULL,NULL,NULL,NULL,NULL,NULL,NULL,NULL),('RAP33115abb:15b366b9fbd:-7faa','RA33115abb:15b366b9fbd:-7fad','treasury.actions.UpdateBillItemAmount.amount',NULL,NULL,NULL,NULL,'Math.ceil( KW )  * 200','expression',NULL,NULL,NULL,NULL,NULL,NULL),('RAP33115abb:15b366b9fbd:-7fab','RA33115abb:15b366b9fbd:-7fad','treasury.actions.UpdateBillItemAmount.type',NULL,NULL,NULL,NULL,NULL,NULL,NULL,NULL,NULL,NULL,'ADD',NULL),('RAP33115abb:15b366b9fbd:-7fac','RA33115abb:15b366b9fbd:-7fad','treasury.actions.UpdateBillItemAmount.billitem',NULL,NULL,'RC33115abb:15b366b9fbd:-7fb1','BILLITEM',NULL,NULL,NULL,NULL,NULL,NULL,NULL,NULL),('RAP33115abb:15b366b9fbd:-7fb2','RA33115abb:15b366b9fbd:-7fb5','treasury.actions.UpdateBillItemAmount.amount',NULL,NULL,'RCONST6cc4d33e:15b3c1e2e72:-5746','LNM','<table border=\"1\" cellpadding=\"1\" cellspacing=\"0\">\n    <tr>\n        <td colspan=\"3\">Use Variable: LNM</td>\n    </tr>\n    \n    \n        <tr>\n            <th>Greater than or equal to</th>\n            <th>Less than</th>\n            <th>Formula</th>\n        </tr>\n    \n    \n        <tr>\n            <td></td>\n            <td>20.00</td>\n            <td>@ROUND( LNM  * 20 )</td>\n        </tr>\n    \n        <tr>\n            <td>20.00</td>\n            <td></td>\n            <td>400 + (  Math.ceil(LNM-20) * 10 )</td>\n        </tr>\n    \n</table>','range',NULL,NULL,NULL,'[[to:20.00,value:\"@ROUND( LNM  * 20 )\",from:0],[value:\"400 + (  Math.ceil(LNM-20) * 10 )\",from:20.00]]',NULL,0),('RAP33115abb:15b366b9fbd:-7fb3','RA33115abb:15b366b9fbd:-7fb5','treasury.actions.UpdateBillItemAmount.type',NULL,NULL,NULL,NULL,NULL,NULL,NULL,NULL,NULL,NULL,'ADD',NULL),('RAP33115abb:15b366b9fbd:-7fb4','RA33115abb:15b366b9fbd:-7fb5','treasury.actions.UpdateBillItemAmount.billitem',NULL,NULL,'RC33115abb:15b366b9fbd:-7fb9','BILLITEM',NULL,NULL,NULL,NULL,NULL,NULL,NULL,NULL),('RAP33115abb:15b366b9fbd:-7fba','RA33115abb:15b366b9fbd:-7fbd','treasury.actions.UpdateBillItemAmount.amount',NULL,NULL,NULL,NULL,'Math.ceil( KW  )  * 10','expression',NULL,NULL,NULL,NULL,NULL,NULL),('RAP33115abb:15b366b9fbd:-7fbb','RA33115abb:15b366b9fbd:-7fbd','treasury.actions.UpdateBillItemAmount.type',NULL,NULL,NULL,NULL,NULL,NULL,NULL,NULL,NULL,NULL,'ADD',NULL),('RAP33115abb:15b366b9fbd:-7fbc','RA33115abb:15b366b9fbd:-7fbd','treasury.actions.UpdateBillItemAmount.billitem',NULL,NULL,'RC33115abb:15b366b9fbd:-7fc1','BILLITEM',NULL,NULL,NULL,NULL,NULL,NULL,NULL,NULL),('RAP33115abb:15b366b9fbd:-7fc3','RA33115abb:15b366b9fbd:-7fc6','treasury.actions.UpdateBillItemAmount.billitem',NULL,NULL,'RC33115abb:15b366b9fbd:-7fca','BILLITEM',NULL,NULL,NULL,NULL,NULL,NULL,NULL,NULL),('RAP33115abb:15b366b9fbd:-7fc4','RA33115abb:15b366b9fbd:-7fc6','treasury.actions.UpdateBillItemAmount.type',NULL,NULL,NULL,NULL,NULL,NULL,NULL,NULL,NULL,NULL,'ADD',NULL),('RAP33115abb:15b366b9fbd:-7fc5','RA33115abb:15b366b9fbd:-7fc6','treasury.actions.UpdateBillItemAmount.amount',NULL,NULL,NULL,NULL,'Math.ceil( KW ) * 40','expression',NULL,NULL,NULL,NULL,NULL,NULL),('RAP33115abb:15b366b9fbd:-7fd3','RA33115abb:15b366b9fbd:-7fd6','treasury.actions.UpdateBillItemAmount.amount',NULL,NULL,'RCONST6cc4d33e:15b3c1e2e72:-5d83','TONS','<table border=\"1\" cellpadding=\"1\" cellspacing=\"0\">\n    <tr>\n        <td colspan=\"3\">Use Variable: TONS</td>\n    </tr>\n    \n    \n        <tr>\n            <th>Greater than or equal to</th>\n            <th>Less than</th>\n            <th>Formula</th>\n        </tr>\n    \n    \n        <tr>\n            <td></td>\n            <td>100.00</td>\n            <td>90 * Math.ceil(TONS )</td>\n        </tr>\n    \n        <tr>\n            <td>100.00</td>\n            <td></td>\n            <td>9000 + (  Math.ceil(TONS - 100) * 40 )</td>\n        </tr>\n    \n</table>','range',NULL,NULL,NULL,'[[to:100.00,value:\"90 * Math.ceil(TONS )\",from:0],[value:\"9000 + (  Math.ceil(TONS - 100) * 40 )\",from:100.00]]',NULL,0),('RAP33115abb:15b366b9fbd:-7fd4','RA33115abb:15b366b9fbd:-7fd6','treasury.actions.UpdateBillItemAmount.type',NULL,NULL,NULL,NULL,NULL,NULL,NULL,NULL,NULL,NULL,'ADD',NULL),('RAP33115abb:15b366b9fbd:-7fd5','RA33115abb:15b366b9fbd:-7fd6','treasury.actions.UpdateBillItemAmount.billitem',NULL,NULL,'RC33115abb:15b366b9fbd:-7fda','BILLITEM',NULL,NULL,NULL,NULL,NULL,NULL,NULL,NULL),('RAP33115abb:15b366b9fbd:-7fdb','RA33115abb:15b366b9fbd:-7fde','treasury.actions.UpdateBillItemAmount.billitem',NULL,NULL,'RC33115abb:15b366b9fbd:-7fe2','BILLITEM',NULL,NULL,NULL,NULL,NULL,NULL,NULL,NULL),('RAP33115abb:15b366b9fbd:-7fdc','RA33115abb:15b366b9fbd:-7fde','treasury.actions.UpdateBillItemAmount.type',NULL,NULL,NULL,NULL,NULL,NULL,NULL,NULL,NULL,NULL,'ADD',NULL),('RAP33115abb:15b366b9fbd:-7fdd','RA33115abb:15b366b9fbd:-7fde','treasury.actions.UpdateBillItemAmount.amount',NULL,NULL,NULL,NULL,'Math.ceil( TONS )  * 60','expression',NULL,NULL,NULL,NULL,NULL,NULL),('RAP475d0d9e:16a330d4f71:-7d30','RA475d0d9e:16a330d4f71:-7d32','treasury.actions.AddBillItem.amount',NULL,NULL,NULL,NULL,'0','expression',NULL,NULL,NULL,NULL,NULL,NULL),('RAP475d0d9e:16a330d4f71:-7d31','RA475d0d9e:16a330d4f71:-7d32','treasury.actions.AddBillItem.billcode',NULL,NULL,NULL,NULL,NULL,NULL,NULL,'ELECTRONIC_FEE','ELECTRONIC FEE',NULL,NULL,NULL),('RAP55c282cb:178f73dbaa2:-7ff3','RA55c282cb:178f73dbaa2:-7ff6','workflow.actions.WfExecuteScript.scriptname','OboAppTaskitemFindingService',NULL,NULL,NULL,NULL,NULL,NULL,NULL,NULL,NULL,NULL,NULL),('RAP55c282cb:178f73dbaa2:-7ff4','RA55c282cb:178f73dbaa2:-7ff6','workflow.actions.WfExecuteScript.actionname','createTransmittal',NULL,NULL,NULL,NULL,NULL,NULL,NULL,NULL,NULL,NULL,NULL),('RAP55c282cb:178f73dbaa2:-7ff5','RA55c282cb:178f73dbaa2:-7ff6','workflow.actions.WfExecuteScript.params',NULL,NULL,NULL,NULL,'[\n   appid: WT.refid,\n   appname: WT.processname,\n   type: WT.state.contains(\'zoning\') ? \'zoning_evaluation\' : \'trade_evaluation\',\n   sendmail: true\n]','expression',NULL,NULL,NULL,NULL,NULL,NULL),('RAP604f6df3:15b197ab5de:-7fd9','RA604f6df3:15b197ab5de:-7fda','treasury.actions.AddBillItem.amount',NULL,NULL,'RCONST7a4cba33:16a44844397:-7899','AREA','<table border=\"1\" cellpadding=\"1\" cellspacing=\"0\">\n    <tr>\n        <td colspan=\"3\">Use Variable: AREA</td>\n    </tr>\n    \n        <tr>\n            <th>Greater than</th>\n            <th>Less than or equal to</th>\n            <th>Formula</th>\n        </tr>\n    \n    \n    \n        <tr>\n            <td></td>\n            <td>500.00</td>\n            <td>AREA * 12</td>\n        </tr>\n    \n        <tr>\n            <td>500.00</td>\n            <td>600.00</td>\n            <td>6000 + ((AREA-500) * 11)</td>\n        </tr>\n    \n        <tr>\n            <td>600.00</td>\n            <td>700.00</td>\n            <td>6000 + 1100 + ((AREA-600) * 10.20)</td>\n        </tr>\n    \n        <tr>\n            <td>700.00</td>\n            <td>800.00</td>\n            <td>6000 + 1100 + 1020 + ((AREA-700) * 9.60)</td>\n        </tr>\n    \n        <tr>\n            <td>800.00</td>\n            <td>900.00</td>\n            <td>6000 + 1100 + 1020 + 960 + ((AREA-800) * 9)</td>\n        </tr>\n    \n        <tr>\n            <td>900.00</td>\n            <td>1000.00</td>\n            <td>6000 + 1100 + 1020 + 960  + 900 + ((AREA-900) * 8.40)</td>\n        </tr>\n    \n        <tr>\n            <td>1000.00</td>\n            <td>1500.00</td>\n            <td>6000 + 1100 + 1020 + 960  + 900 + 840 + ((AREA-1000) * 7.2)</td>\n        </tr>\n    \n        <tr>\n            <td>1500.00</td>\n            <td>2000.00</td>\n            <td>6000 + 1100 + 1020 + 960  + 900 + 840 +  3600 + ((AREA-1500) * 6.6)</td>\n        </tr>\n    \n        <tr>\n            <td>2000.00</td>\n            <td>3000.00</td>\n            <td>6000 + 1100 + 1020 + 960  + 900 + 840 +  3600 + 3300 + ((AREA-2000) * 6)</td>\n        </tr>\n    \n        <tr>\n            <td>3000.00</td>\n            <td></td>\n            <td>6000 + 1100 + 1020 + 960  + 900 + 840 +  3600 + 3300 + 6000 + ((AREA-3000) * 5)</td>\n        </tr>\n    \n</table>','range',NULL,NULL,NULL,'[[to:500.00,value:\"AREA * 12\",from:0],[to:600.00,value:\"6000 + ((AREA-500) * 11)\",from:500.00],[to:700.00,value:\"6000 + 1100 + ((AREA-600) * 10.20)\",from:600.00],[to:800.00,value:\"6000 + 1100 + 1020 + ((AREA-700) * 9.60)\",from:700.00],[to:900.00,value:\"6000 + 1100 + 1020 + 960 + ((AREA-800) * 9)\",from:800.00],[to:1000.00,value:\"6000 + 1100 + 1020 + 960  + 900 + ((AREA-900) * 8.40)\",from:900.00],[to:1500.00,value:\"6000 + 1100 + 1020 + 960  + 900 + 840 + ((AREA-1000) * 7.2)\",from:1000.00],[to:2000.00,value:\"6000 + 1100 + 1020 + 960  + 900 + 840 +  3600 + ((AREA-1500) * 6.6)\",from:1500.00],[to:3000.00,value:\"6000 + 1100 + 1020 + 960  + 900 + 840 +  3600 + 3300 + ((AREA-2000) * 6)\",from:2000.00],[value:\"6000 + 1100 + 1020 + 960  + 900 + 840 +  3600 + 3300 + 6000 + ((AREA-3000) * 5)\",from:3000.00]]',NULL,1),('RAP604f6df3:15b197ab5de:-7fe7','RA604f6df3:15b197ab5de:-7fe8','treasury.actions.AddBillItem.amount',NULL,NULL,'RCONST7a4cba33:16a44844397:-756f','AREA','<table border=\"1\" cellpadding=\"1\" cellspacing=\"0\">\n    <tr>\n        <td colspan=\"3\">Use Variable: AREA</td>\n    </tr>\n    \n        <tr>\n            <th>Greater than</th>\n            <th>Less than or equal to</th>\n            <th>Formula</th>\n        </tr>\n    \n    \n    \n        <tr>\n            <td></td>\n            <td>20.00</td>\n            <td>3.0 * AREA</td>\n        </tr>\n    \n        <tr>\n            <td>20.00</td>\n            <td>50.00</td>\n            <td>5.20 * AREA</td>\n        </tr>\n    \n        <tr>\n            <td>50.00</td>\n            <td>150.00</td>\n            <td>8 * AREA</td>\n        </tr>\n    \n        <tr>\n            <td>150.00</td>\n            <td></td>\n            <td>8.40 * AREA</td>\n        </tr>\n    \n</table>','range',NULL,NULL,NULL,'[[to:20.00,value:\"3.0 * AREA\",from:0],[to:50.00,value:\"5.20 * AREA\",from:20.00],[to:150.00,value:\"8 * AREA\",from:50.00],[value:\"8.40 * AREA\",from:150.00]]',NULL,1),('RAP6ad88b42:15bf25a2e71:-7fdd','RA6ad88b42:15bf25a2e71:-7fde','treasury.actions.UpdateBillItemAmount.amount',NULL,NULL,'RCONST-2fbca757:15bf25c4add:-68bf','AREA','<table border=\"1\" cellpadding=\"1\" cellspacing=\"0\">\n    <tr>\n        <td colspan=\"3\">Use Variable: AREA</td>\n    </tr>\n    \n        <tr>\n            <th>Greater than</th>\n            <th>Less than or equal to</th>\n            <th>Formula</th>\n        </tr>\n    \n    \n    \n        <tr>\n            <td></td>\n            <td>500.00</td>\n            <td>( AREA * 12 ) / 2</td>\n        </tr>\n    \n        <tr>\n            <td>500.00</td>\n            <td>600.00</td>\n            <td>( 6000 + ((AREA-500) * 11) ) / 2</td>\n        </tr>\n    \n        <tr>\n            <td>600.00</td>\n            <td>700.00</td>\n            <td>( 6000 + 1100 + ((AREA-600) * 10.20) ) / 2</td>\n        </tr>\n    \n        <tr>\n            <td>700.00</td>\n            <td>800.00</td>\n            <td>( 6000 + 1100 + 1020 + ((AREA-700) * 9.60)  ) / 2</td>\n        </tr>\n    \n        <tr>\n            <td>800.00</td>\n            <td>900.00</td>\n            <td>( 6000 + 1100 + 1020 + 960 + ((AREA-800) * 9) ) / 2</td>\n        </tr>\n    \n        <tr>\n            <td>900.00</td>\n            <td>1000.00</td>\n            <td>( 6000 + 1100 + 1020 + 960  + 900 + ((AREA-900) * 8.40) ) / 2</td>\n        </tr>\n    \n        <tr>\n            <td>1000.00</td>\n            <td>1500.00</td>\n            <td>( 6000 + 1100 + 1020 + 960  + 900 + 840 + ((AREA-1000) * 7.2) ) / 2</td>\n        </tr>\n    \n        <tr>\n            <td>1500.00</td>\n            <td>2000.00</td>\n            <td>( 6000 + 1100 + 1020 + 960  + 900 + 840 +  3600 + ((AREA-1500) * 6.6) ) / 2</td>\n        </tr>\n    \n        <tr>\n            <td>2000.00</td>\n            <td>3000.00</td>\n            <td>( 6000 + 1100 + 1020 + 960  + 900 + 840 +  3600 + 3300 + ((AREA-2000) * 6) ) / 2</td>\n        </tr>\n    \n        <tr>\n            <td>3000.00</td>\n            <td></td>\n            <td>( 6000 + 1100 + 1020 + 960  + 900 + 840 +  3600 + 3300 + 6000 + ((AREA-3000) * 5) ) / 2</td>\n        </tr>\n    \n</table>','range',NULL,NULL,NULL,'[[to:500.00,value:\"( AREA * 12 ) / 2\",from:0],[to:600.00,value:\"( 6000 + ((AREA-500) * 11) ) / 2\",from:500.00],[to:700.00,value:\"( 6000 + 1100 + ((AREA-600) * 10.20) ) / 2\",from:600.00],[to:800.00,value:\"( 6000 + 1100 + 1020 + ((AREA-700) * 9.60)  ) / 2\",from:700.00],[to:900.00,value:\"( 6000 + 1100 + 1020 + 960 + ((AREA-800) * 9) ) / 2\",from:800.00],[to:1000.00,value:\"( 6000 + 1100 + 1020 + 960  + 900 + ((AREA-900) * 8.40) ) / 2\",from:900.00],[to:1500.00,value:\"( 6000 + 1100 + 1020 + 960  + 900 + 840 + ((AREA-1000) * 7.2) ) / 2\",from:1000.00],[to:2000.00,value:\"( 6000 + 1100 + 1020 + 960  + 900 + 840 +  3600 + ((AREA-1500) * 6.6) ) / 2\",from:1500.00],[to:3000.00,value:\"( 6000 + 1100 + 1020 + 960  + 900 + 840 +  3600 + 3300 + ((AREA-2000) * 6) ) / 2\",from:2000.00],[value:\"( 6000 + 1100 + 1020 + 960  + 900 + 840 +  3600 + 3300 + 6000 + ((AREA-3000) * 5) ) / 2\",from:3000.00]]',NULL,1),('RAP6ad88b42:15bf25a2e71:-7fe5','RA6ad88b42:15bf25a2e71:-7fe6','treasury.actions.UpdateBillItemAmount.amount',NULL,NULL,'RCONST-2fbca757:15bf25c4add:-6694','AREA','<table border=\"1\" cellpadding=\"1\" cellspacing=\"0\">\n    <tr>\n        <td colspan=\"3\">Use Variable: AREA</td>\n    </tr>\n    \n        <tr>\n            <th>Greater than</th>\n            <th>Less than or equal to</th>\n            <th>Formula</th>\n        </tr>\n    \n    \n    \n        <tr>\n            <td></td>\n            <td>500.00</td>\n            <td>( AREA * 23 ) / 2</td>\n        </tr>\n    \n        <tr>\n            <td>500.00</td>\n            <td>600.00</td>\n            <td>( 11500 + ((AREA-500) * 22) ) / 2</td>\n        </tr>\n    \n        <tr>\n            <td>600.00</td>\n            <td>700.00</td>\n            <td>( 11500 + 2200 + ((AREA-600) * 20.50) ) / 2</td>\n        </tr>\n    \n        <tr>\n            <td>700.00</td>\n            <td>800.00</td>\n            <td>( 11500 + 2200 + 2050 + ((AREA-700) * 19.50) ) / 2</td>\n        </tr>\n    \n        <tr>\n            <td>800.00</td>\n            <td>900.00</td>\n            <td>( 11500 + 2200 + 2050 + 1950 + ((AREA-800) * 18) ) / 2</td>\n        </tr>\n    \n        <tr>\n            <td>900.00</td>\n            <td>1000.00</td>\n            <td>( 11500 + 2200 + 2050 + 1950 + 1800 + ((AREA-900) * 17) ) / 2</td>\n        </tr>\n    \n        <tr>\n            <td>1000.00</td>\n            <td>1500.00</td>\n            <td>( 11500 + 2200 + 2050 + 1950 + 1800 + 1700 + ((AREA-1000) * 16) ) / 2</td>\n        </tr>\n    \n        <tr>\n            <td>1500.00</td>\n            <td>2000.00</td>\n            <td>( 11500 + 2200 + 2050 + 1950 + 1800 + 1700 + 8000 + ((AREA-1500) * 15) ) / 2</td>\n        </tr>\n    \n        <tr>\n            <td>2000.00</td>\n            <td>3000.00</td>\n            <td>( 11500 + 2200 + 2050 + 1950 + 1800 + 1700 + 8000 + 7500 + ((AREA-2000) * 14) ) / 2</td>\n        </tr>\n    \n        <tr>\n            <td>3000.00</td>\n            <td></td>\n            <td>( 11500 + 2200 + 2050 + 1950 + 1800 + 1700 + 8000 + 7500 + 14000 + ((AREA-3000) * 12) ) / 2</td>\n        </tr>\n    \n</table>','range',NULL,NULL,NULL,'[[to:500.00,value:\"( AREA * 23 ) / 2\",from:0],[to:600.00,value:\"( 11500 + ((AREA-500) * 22) ) / 2\",from:500.00],[to:700.00,value:\"( 11500 + 2200 + ((AREA-600) * 20.50) ) / 2\",from:600.00],[to:800.00,value:\"( 11500 + 2200 + 2050 + ((AREA-700) * 19.50) ) / 2\",from:700.00],[to:900.00,value:\"( 11500 + 2200 + 2050 + 1950 + ((AREA-800) * 18) ) / 2\",from:800.00],[to:1000.00,value:\"( 11500 + 2200 + 2050 + 1950 + 1800 + ((AREA-900) * 17) ) / 2\",from:900.00],[to:1500.00,value:\"( 11500 + 2200 + 2050 + 1950 + 1800 + 1700 + ((AREA-1000) * 16) ) / 2\",from:1000.00],[to:2000.00,value:\"( 11500 + 2200 + 2050 + 1950 + 1800 + 1700 + 8000 + ((AREA-1500) * 15) ) / 2\",from:1500.00],[to:3000.00,value:\"( 11500 + 2200 + 2050 + 1950 + 1800 + 1700 + 8000 + 7500 + ((AREA-2000) * 14) ) / 2\",from:2000.00],[value:\"( 11500 + 2200 + 2050 + 1950 + 1800 + 1700 + 8000 + 7500 + 14000 + ((AREA-3000) * 12) ) / 2\",from:3000.00]]',NULL,1),('RAP73b3316:15bf60d669e:-7f89','RA73b3316:15bf60d669e:-7f8c','treasury.actions.UpdateBillItemAmount.amount',NULL,NULL,NULL,NULL,'Math.ceil( SQM ) * 52','expression',NULL,NULL,NULL,NULL,NULL,NULL),('RAP73b3316:15bf60d669e:-7f8a','RA73b3316:15bf60d669e:-7f8c','treasury.actions.UpdateBillItemAmount.type',NULL,NULL,NULL,NULL,NULL,NULL,NULL,NULL,NULL,NULL,'ADD',NULL),('RAP73b3316:15bf60d669e:-7f8b','RA73b3316:15bf60d669e:-7f8c','treasury.actions.UpdateBillItemAmount.billitem',NULL,NULL,'RC73b3316:15bf60d669e:-7f94','BILLITEM',NULL,NULL,NULL,NULL,NULL,NULL,NULL,NULL),('RAP73b3316:15bf60d669e:-7f95','RA73b3316:15bf60d669e:-7f98','treasury.actions.UpdateBillItemAmount.billitem',NULL,NULL,'RC73b3316:15bf60d669e:-7f9a','BILLITEM',NULL,NULL,NULL,NULL,NULL,NULL,NULL,NULL),('RAP73b3316:15bf60d669e:-7f96','RA73b3316:15bf60d669e:-7f98','treasury.actions.UpdateBillItemAmount.type',NULL,NULL,NULL,NULL,NULL,NULL,NULL,NULL,NULL,NULL,'ADD',NULL),('RAP73b3316:15bf60d669e:-7f97','RA73b3316:15bf60d669e:-7f98','treasury.actions.UpdateBillItemAmount.amount',NULL,NULL,NULL,NULL,'Math.ceil( SQM ) * 24','expression',NULL,NULL,NULL,NULL,NULL,NULL),('RAP73b3316:15bf60d669e:-7fb9','RA73b3316:15bf60d669e:-7fbc','treasury.actions.UpdateBillItemAmount.amount',NULL,NULL,NULL,NULL,'Math.ceil( SQM ) * 36','expression',NULL,NULL,NULL,NULL,NULL,NULL),('RAP73b3316:15bf60d669e:-7fba','RA73b3316:15bf60d669e:-7fbc','treasury.actions.UpdateBillItemAmount.type',NULL,NULL,NULL,NULL,NULL,NULL,NULL,NULL,NULL,NULL,'ADD',NULL),('RAP73b3316:15bf60d669e:-7fbb','RA73b3316:15bf60d669e:-7fbc','treasury.actions.UpdateBillItemAmount.billitem',NULL,NULL,'RC73b3316:15bf60d669e:-7fc4','BILLITEM',NULL,NULL,NULL,NULL,NULL,NULL,NULL,NULL),('RAP73b3316:15bf60d669e:-7fd1','RA73b3316:15bf60d669e:-7fd4','treasury.actions.UpdateBillItemAmount.billitem',NULL,NULL,'RC73b3316:15bf60d669e:-7fd6','BILLITEM',NULL,NULL,NULL,NULL,NULL,NULL,NULL,NULL),('RAP73b3316:15bf60d669e:-7fd2','RA73b3316:15bf60d669e:-7fd4','treasury.actions.UpdateBillItemAmount.type',NULL,NULL,NULL,NULL,NULL,NULL,NULL,NULL,NULL,NULL,'ADD',NULL),('RAP73b3316:15bf60d669e:-7fd3','RA73b3316:15bf60d669e:-7fd4','treasury.actions.UpdateBillItemAmount.amount',NULL,NULL,NULL,NULL,'Math.ceil( SQM ) * 9.6','expression',NULL,NULL,NULL,NULL,NULL,NULL),('RAP73b3316:15bf60d669e:-7fdd','RA73b3316:15bf60d669e:-7fe0','treasury.actions.UpdateBillItemAmount.billitem',NULL,NULL,'RC73b3316:15bf60d669e:-7fe2','BILLITEM',NULL,NULL,NULL,NULL,NULL,NULL,NULL,NULL),('RAP73b3316:15bf60d669e:-7fde','RA73b3316:15bf60d669e:-7fe0','treasury.actions.UpdateBillItemAmount.type',NULL,NULL,NULL,NULL,NULL,NULL,NULL,NULL,NULL,NULL,'ADD',NULL),('RAP73b3316:15bf60d669e:-7fdf','RA73b3316:15bf60d669e:-7fe0','treasury.actions.UpdateBillItemAmount.amount',NULL,NULL,NULL,NULL,'Math.ceil( SQM ) * 15','expression',NULL,NULL,NULL,NULL,NULL,NULL),('RAP73b3316:15bf60d669e:-7fe9','RA73b3316:15bf60d669e:-7fec','treasury.actions.UpdateBillItemAmount.billitem',NULL,NULL,'RC73b3316:15bf60d669e:-7fee','BILLITEM',NULL,NULL,NULL,NULL,NULL,NULL,NULL,NULL),('RAP73b3316:15bf60d669e:-7fea','RA73b3316:15bf60d669e:-7fec','treasury.actions.UpdateBillItemAmount.type',NULL,NULL,NULL,NULL,NULL,NULL,NULL,NULL,NULL,NULL,'ADD',NULL),('RAP73b3316:15bf60d669e:-7feb','RA73b3316:15bf60d669e:-7fec','treasury.actions.UpdateBillItemAmount.amount',NULL,NULL,NULL,NULL,'Math.ceil( SQM ) * 24','expression',NULL,NULL,NULL,NULL,NULL,NULL),('RAP78f669e8:178e3c7b70b:-7fca','RA78f669e8:178e3c7b70b:-7fce','workflow.actions.WfExecuteScript.params',NULL,NULL,NULL,NULL,'[\n     appid: WD.refid,\n     appname : WD.processname\n]','expression',NULL,NULL,NULL,NULL,NULL,NULL),('RAP78f669e8:178e3c7b70b:-7fcb','RA78f669e8:178e3c7b70b:-7fce','workflow.actions.WfExecuteScript.actionname','checkHasFindings',NULL,NULL,NULL,NULL,NULL,NULL,NULL,NULL,NULL,NULL,NULL),('RAP78f669e8:178e3c7b70b:-7fcc','RA78f669e8:178e3c7b70b:-7fce','workflow.actions.WfExecuteScript.scriptname','OboAppTaskitemFindingService',NULL,NULL,NULL,NULL,NULL,NULL,NULL,NULL,NULL,NULL,NULL),('RAP78f669e8:178e3c7b70b:-7fcd','RA78f669e8:178e3c7b70b:-7fce','workflow.actions.WfExecuteScript.info',NULL,NULL,'RC78f669e8:178e3c7b70b:-7fd2','WINFO',NULL,NULL,NULL,NULL,NULL,NULL,NULL,NULL),('RAP78f669e8:178e3c7b70b:-7fd3','RA78f669e8:178e3c7b70b:-7fd7','workflow.actions.WfExecuteScript.info',NULL,NULL,'RC78f669e8:178e3c7b70b:-7fd8','WINFO',NULL,NULL,NULL,NULL,NULL,NULL,NULL,NULL),('RAP78f669e8:178e3c7b70b:-7fd4','RA78f669e8:178e3c7b70b:-7fd7','workflow.actions.WfExecuteScript.scriptname','OboAppRequirementService',NULL,NULL,NULL,NULL,NULL,NULL,NULL,NULL,NULL,NULL,NULL),('RAP78f669e8:178e3c7b70b:-7fd5','RA78f669e8:178e3c7b70b:-7fd7','workflow.actions.WfExecuteScript.actionname','checkHasRevision',NULL,NULL,NULL,NULL,NULL,NULL,NULL,NULL,NULL,NULL,NULL),('RAP78f669e8:178e3c7b70b:-7fd6','RA78f669e8:178e3c7b70b:-7fd7','workflow.actions.WfExecuteScript.params',NULL,NULL,NULL,NULL,'[\n     appid: WD.refid,\n     appname : WD.processname\n]','expression',NULL,NULL,NULL,NULL,NULL,NULL),('RAP7a7a989e:15b22fce173:-7fb9','RA7a7a989e:15b22fce173:-7fbc','treasury.actions.UpdateBillItemAmount.billitem',NULL,NULL,'RC7a7a989e:15b22fce173:-7fc2','BILLITEM',NULL,NULL,NULL,NULL,NULL,NULL,NULL,NULL),('RAP7a7a989e:15b22fce173:-7fba','RA7a7a989e:15b22fce173:-7fbc','treasury.actions.UpdateBillItemAmount.type',NULL,NULL,NULL,NULL,NULL,NULL,NULL,NULL,NULL,NULL,'ADD',NULL),('RAP7a7a989e:15b22fce173:-7fbb','RA7a7a989e:15b22fce173:-7fbc','treasury.actions.UpdateBillItemAmount.amount',NULL,NULL,NULL,NULL,'UNIT  * (30 + 12)','expression',NULL,NULL,NULL,NULL,NULL,NULL),('RAP7a7a989e:15b22fce173:-7fc3','RA7a7a989e:15b22fce173:-7fc6','treasury.actions.UpdateBillItemAmount.billitem',NULL,NULL,'RC7a7a989e:15b22fce173:-7fcc','BILLITEM',NULL,NULL,NULL,NULL,NULL,NULL,NULL,NULL),('RAP7a7a989e:15b22fce173:-7fc4','RA7a7a989e:15b22fce173:-7fc6','treasury.actions.UpdateBillItemAmount.type',NULL,NULL,NULL,NULL,NULL,NULL,NULL,NULL,NULL,NULL,'ADD',NULL),('RAP7a7a989e:15b22fce173:-7fc5','RA7a7a989e:15b22fce173:-7fc6','treasury.actions.UpdateBillItemAmount.amount',NULL,NULL,NULL,NULL,'UNIT *  (60 + 36 )','expression',NULL,NULL,NULL,NULL,NULL,NULL),('RAP7a7a989e:15b22fce173:-7fcd','RA7a7a989e:15b22fce173:-7fd0','treasury.actions.UpdateBillItemAmount.billitem',NULL,NULL,'RC7a7a989e:15b22fce173:-7fd6','BILLITEM',NULL,NULL,NULL,NULL,NULL,NULL,NULL,NULL),('RAP7a7a989e:15b22fce173:-7fce','RA7a7a989e:15b22fce173:-7fd0','treasury.actions.UpdateBillItemAmount.type',NULL,NULL,NULL,NULL,NULL,NULL,NULL,NULL,NULL,NULL,'ADD',NULL),('RAP7a7a989e:15b22fce173:-7fcf','RA7a7a989e:15b22fce173:-7fd0','treasury.actions.UpdateBillItemAmount.amount',NULL,NULL,NULL,NULL,'NUM_METER * ( 15 + 15 )','expression',NULL,NULL,NULL,NULL,NULL,NULL),('RAP7a7a989e:15b22fce173:-7feb','RA7a7a989e:15b22fce173:-7fee','treasury.actions.UpdateBillItemAmount.billitem',NULL,NULL,'RC7a7a989e:15b22fce173:-7ff2','BILLITEM',NULL,NULL,NULL,NULL,NULL,NULL,NULL,NULL),('RAP7a7a989e:15b22fce173:-7fec','RA7a7a989e:15b22fce173:-7fee','treasury.actions.UpdateBillItemAmount.type',NULL,NULL,NULL,NULL,NULL,NULL,NULL,NULL,NULL,NULL,'ADD',NULL),('RAP7a7a989e:15b22fce173:-7fed','RA7a7a989e:15b22fce173:-7fee','treasury.actions.UpdateBillItemAmount.amount',NULL,NULL,NULL,NULL,'UNIT * 30','expression',NULL,NULL,NULL,NULL,NULL,NULL),('RAP7e71e841:1763d1170f8:-7ffc','RA7e71e841:1763d1170f8:-7ffe','treasury.actions.AddBillItem.amount',NULL,NULL,NULL,NULL,'0','expression',NULL,NULL,NULL,NULL,NULL,NULL),('RAP7e71e841:1763d1170f8:-7ffd','RA7e71e841:1763d1170f8:-7ffe','treasury.actions.AddBillItem.billcode',NULL,NULL,NULL,NULL,NULL,NULL,NULL,NULL,'SCAFFOLDING FEE',NULL,NULL,NULL),('RAPc4c09e7:1763c343c65:-7ff7','RAc4c09e7:1763c343c65:-7ff9','treasury.actions.AddBillItem.billcode',NULL,NULL,NULL,NULL,NULL,NULL,NULL,'ELECTRICAL_FEE','ELECTRICAL FEE',NULL,NULL,NULL),('RAPc4c09e7:1763c343c65:-7ff8','RAc4c09e7:1763c343c65:-7ff9','treasury.actions.AddBillItem.amount',NULL,NULL,NULL,NULL,'0','expression',NULL,NULL,NULL,NULL,NULL,NULL),('RAPc4c09e7:1763c343c65:-7ffc','RAc4c09e7:1763c343c65:-7ffe','treasury.actions.AddBillItem.billcode',NULL,NULL,NULL,NULL,NULL,NULL,NULL,'MECHANICAL_FEE','MECHANICAL FEE',NULL,NULL,NULL),('RAPc4c09e7:1763c343c65:-7ffd','RAc4c09e7:1763c343c65:-7ffe','treasury.actions.AddBillItem.amount',NULL,NULL,NULL,NULL,'0','expression',NULL,NULL,NULL,NULL,NULL,NULL),('RULACT-108b4192:15b3d234d5c:-6d9d','RACT-108b4192:15b3d234d5c:-6da0','treasury.actions.UpdateBillItemAmount.amount',NULL,NULL,NULL,NULL,'Math.ceil( CUM ) * 60','expression',NULL,NULL,NULL,NULL,NULL,NULL),('RULACT-108b4192:15b3d234d5c:-6d9e','RACT-108b4192:15b3d234d5c:-6da0','treasury.actions.UpdateBillItemAmount.type',NULL,NULL,NULL,NULL,NULL,NULL,NULL,NULL,NULL,NULL,'ADD',NULL),('RULACT-108b4192:15b3d234d5c:-6d9f','RACT-108b4192:15b3d234d5c:-6da0','treasury.actions.UpdateBillItemAmount.billitem',NULL,NULL,'RCOND-108b4192:15b3d234d5c:-6f02','BILLITEM',NULL,NULL,NULL,NULL,NULL,NULL,NULL,NULL),('RULACT-108b4192:15b3d234d5c:-70d3','RACT-108b4192:15b3d234d5c:-70d6','treasury.actions.UpdateBillItemAmount.amount',NULL,NULL,'RCONST-108b4192:15b3d234d5c:-713a','KW','<table border=\"1\" cellpadding=\"1\" cellspacing=\"0\">\n    <tr>\n        <td colspan=\"3\">Use Variable: KW</td>\n    </tr>\n    \n        <tr>\n            <th>Greater than</th>\n            <th>Less than or equal to</th>\n            <th>Formula</th>\n        </tr>\n    \n    \n    \n        <tr>\n            <td></td>\n            <td>50.00</td>\n            <td>KW * 10</td>\n        </tr>\n    \n        <tr>\n            <td>50.00</td>\n            <td>100.00</td>\n            <td>500 + ((KW-50)*12)</td>\n        </tr>\n    \n        <tr>\n            <td>100.00</td>\n            <td></td>\n            <td>1100 + ((KW-100)*3)</td>\n        </tr>\n    \n</table>','range',NULL,NULL,NULL,'[[to:50.00,value:\"KW * 10\",from:0],[to:100.00,value:\"500 + ((KW-50)*12)\",from:50.00],[value:\"1100 + ((KW-100)*3)\",from:100.00]]',NULL,1),('RULACT-108b4192:15b3d234d5c:-70d4','RACT-108b4192:15b3d234d5c:-70d6','treasury.actions.UpdateBillItemAmount.type',NULL,NULL,NULL,NULL,NULL,NULL,NULL,NULL,NULL,NULL,'ADD',NULL),('RULACT-108b4192:15b3d234d5c:-70d5','RACT-108b4192:15b3d234d5c:-70d6','treasury.actions.UpdateBillItemAmount.billitem',NULL,NULL,'RCOND-108b4192:15b3d234d5c:-71fc','BILLITEM',NULL,NULL,NULL,NULL,NULL,NULL,NULL,NULL),('RULACT-108b4192:15b3d234d5c:-7842','RACT-108b4192:15b3d234d5c:-7845','treasury.actions.UpdateBillItemAmount.amount',NULL,NULL,NULL,NULL,'UNIT * 100','expression',NULL,NULL,NULL,NULL,NULL,NULL),('RULACT-108b4192:15b3d234d5c:-7843','RACT-108b4192:15b3d234d5c:-7845','treasury.actions.UpdateBillItemAmount.type',NULL,NULL,NULL,NULL,NULL,NULL,NULL,NULL,NULL,NULL,'ADD',NULL),('RULACT-108b4192:15b3d234d5c:-7844','RACT-108b4192:15b3d234d5c:-7845','treasury.actions.UpdateBillItemAmount.billitem',NULL,NULL,'RCOND-108b4192:15b3d234d5c:-7989','BILLITEM',NULL,NULL,NULL,NULL,NULL,NULL,NULL,NULL),('RULACT-108b4192:15b3d234d5c:-7a83','RACT-108b4192:15b3d234d5c:-7a86','treasury.actions.UpdateBillItemAmount.amount',NULL,NULL,NULL,NULL,'OUTLET * 20','expression',NULL,NULL,NULL,NULL,NULL,NULL),('RULACT-108b4192:15b3d234d5c:-7a84','RACT-108b4192:15b3d234d5c:-7a86','treasury.actions.UpdateBillItemAmount.type',NULL,NULL,NULL,NULL,NULL,NULL,NULL,NULL,NULL,NULL,'ADD',NULL),('RULACT-108b4192:15b3d234d5c:-7a85','RACT-108b4192:15b3d234d5c:-7a86','treasury.actions.UpdateBillItemAmount.billitem',NULL,NULL,'RCOND-108b4192:15b3d234d5c:-7bb0','BILLITEM',NULL,NULL,NULL,NULL,NULL,NULL,NULL,NULL),('RULACT-108b4192:15b3d234d5c:-7e5b','RACT-108b4192:15b3d234d5c:-7e5e','treasury.actions.UpdateBillItemAmount.amount',NULL,NULL,'RCONST36ece640:15b3cf0a031:-7667','KW','<table border=\"1\" cellpadding=\"1\" cellspacing=\"0\">\n    <tr>\n        <td colspan=\"3\">Use Variable: KW</td>\n    </tr>\n    \n        <tr>\n            <th>Greater than</th>\n            <th>Less than or equal to</th>\n            <th>Formula</th>\n        </tr>\n    \n    \n    \n        <tr>\n            <td></td>\n            <td>50.00</td>\n            <td>25 * KW</td>\n        </tr>\n    \n        <tr>\n            <td>50.00</td>\n            <td>100.00</td>\n            <td>1250 + (( KW-50) * 20)</td>\n        </tr>\n    \n        <tr>\n            <td>100.00</td>\n            <td></td>\n            <td>2250 + ((KW-100) * 3)</td>\n        </tr>\n    \n</table>','range',NULL,NULL,NULL,'[[to:50.00,value:\"25 * KW\",from:0],[to:100.00,value:\"1250 + (( KW-50) * 20)\",from:50.00],[value:\"2250 + ((KW-100) * 3)\",from:100.00]]',NULL,1),('RULACT-108b4192:15b3d234d5c:-7e5c','RACT-108b4192:15b3d234d5c:-7e5e','treasury.actions.UpdateBillItemAmount.type',NULL,NULL,NULL,NULL,NULL,NULL,NULL,NULL,NULL,NULL,'ADD',NULL),('RULACT-108b4192:15b3d234d5c:-7e5d','RACT-108b4192:15b3d234d5c:-7e5e','treasury.actions.UpdateBillItemAmount.billitem',NULL,NULL,'RCOND36ece640:15b3cf0a031:-774c','BILLITEM',NULL,NULL,NULL,NULL,NULL,NULL,NULL,NULL),('RULACT-13ef5da5:16a2fc4602f:-7c22','RA604f6df3:15b197ab5de:-7fe8','treasury.actions.AddBillItem.billcode',NULL,NULL,NULL,NULL,NULL,NULL,NULL,'BUILDING_PERMIT_FEE','BUILDING PERMIT FEE',NULL,NULL,NULL),('RULACT-13ef5da5:16a2fc4602f:-7cbf','RACT-46ef70e6:15b192ccb94:-7cc2','treasury.actions.AddBillItem.billcode',NULL,NULL,NULL,NULL,NULL,NULL,NULL,'BUILDING_PERMIT_FEE','BUILDING PERMIT FEE',NULL,NULL,NULL),('RULACT-13ef5da5:16a2fc4602f:-7d92','RACT-24f6e11b:15b6c092725:-7e7c','treasury.actions.AddBillItem.billcode',NULL,NULL,NULL,NULL,NULL,NULL,NULL,'PLUMBING_FEE','PLUMBING FEE',NULL,NULL,NULL),('RULACT-181817d3:15bf4e3b890:-1204','RACT-181817d3:15bf4e3b890:-1207','treasury.actions.UpdateBillItemAmount.amount',NULL,NULL,NULL,NULL,'Math.ceil( SQM ) * 36','expression',NULL,NULL,NULL,NULL,NULL,NULL),('RULACT-181817d3:15bf4e3b890:-1205','RACT-181817d3:15bf4e3b890:-1207','treasury.actions.UpdateBillItemAmount.type',NULL,NULL,NULL,NULL,NULL,NULL,NULL,NULL,NULL,NULL,'ADD',NULL),('RULACT-181817d3:15bf4e3b890:-1206','RACT-181817d3:15bf4e3b890:-1207','treasury.actions.UpdateBillItemAmount.billitem',NULL,NULL,'RCOND-181817d3:15bf4e3b890:-147b','BILLITEM',NULL,NULL,NULL,NULL,NULL,NULL,NULL,NULL),('RULACT-181817d3:15bf4e3b890:-183e','RACT-181817d3:15bf4e3b890:-1841','treasury.actions.UpdateBillItemAmount.amount',NULL,NULL,'RCONST-181817d3:15bf4e3b890:-18d7','SQM','<table border=\"1\" cellpadding=\"1\" cellspacing=\"0\">\n    <tr>\n        <td colspan=\"3\">Use Variable: SQM</td>\n    </tr>\n    \n        <tr>\n            <th>Greater than</th>\n            <th>Less than or equal to</th>\n            <th>Formula</th>\n        </tr>\n    \n    \n    \n        <tr>\n            <td></td>\n            <td>4.00</td>\n            <td>120</td>\n        </tr>\n    \n        <tr>\n            <td>4.00</td>\n            <td></td>\n            <td>120 + ( Math.ceil( SQM - 4) * 24 )</td>\n        </tr>\n    \n</table>','range',NULL,NULL,NULL,'[[to:4.00,value:\"120\",from:0],[value:\"120 + ( Math.ceil( SQM - 4) * 24 )\",from:4.00]]',NULL,1),('RULACT-181817d3:15bf4e3b890:-183f','RACT-181817d3:15bf4e3b890:-1841','treasury.actions.UpdateBillItemAmount.type',NULL,NULL,NULL,NULL,NULL,NULL,NULL,NULL,NULL,NULL,'ADD',NULL),('RULACT-181817d3:15bf4e3b890:-1840','RACT-181817d3:15bf4e3b890:-1841','treasury.actions.UpdateBillItemAmount.billitem',NULL,NULL,'RCOND-181817d3:15bf4e3b890:-19c4','BILLITEM',NULL,NULL,NULL,NULL,NULL,NULL,NULL,NULL),('RULACT-181817d3:15bf4e3b890:-1b48','RACT-181817d3:15bf4e3b890:-1b4b','treasury.actions.UpdateBillItemAmount.amount',NULL,NULL,'RCONST-181817d3:15bf4e3b890:-1c52','LNM','<table border=\"1\" cellpadding=\"1\" cellspacing=\"0\">\n    <tr>\n        <td colspan=\"3\">Use Variable: LNM</td>\n    </tr>\n    \n        <tr>\n            <th>Greater than</th>\n            <th>Less than or equal to</th>\n            <th>Formula</th>\n        </tr>\n    \n    \n    \n        <tr>\n            <td></td>\n            <td>10.00</td>\n            <td>150</td>\n        </tr>\n    \n        <tr>\n            <td>10.00</td>\n            <td></td>\n            <td>150 + ( Math.ceil( LNM-10) * 12)</td>\n        </tr>\n    \n</table>','range',NULL,NULL,NULL,'[[to:10.00,value:\"150\",from:0],[value:\"150 + ( Math.ceil( LNM-10) * 12)\",from:10.00]]',NULL,1),('RULACT-181817d3:15bf4e3b890:-1b49','RACT-181817d3:15bf4e3b890:-1b4b','treasury.actions.UpdateBillItemAmount.type',NULL,NULL,NULL,NULL,NULL,NULL,NULL,NULL,NULL,NULL,'ADD',NULL),('RULACT-181817d3:15bf4e3b890:-1b4a','RACT-181817d3:15bf4e3b890:-1b4b','treasury.actions.UpdateBillItemAmount.billitem',NULL,NULL,'RCOND-181817d3:15bf4e3b890:-1bde','BILLITEM',NULL,NULL,NULL,NULL,NULL,NULL,NULL,NULL),('RULACT-181817d3:15bf4e3b890:-1f5c','RACT-181817d3:15bf4e3b890:-1f5f','treasury.actions.UpdateBillItemAmount.amount',NULL,NULL,NULL,NULL,'if ( SQM <= 20 ) {\n    return 240 * MONTHS;\n};\nelse {\n    return ( 240 +  (Math.ceil( SQM - 20 ) * 12) ) * MONTHS;\n};','expression',NULL,NULL,NULL,NULL,NULL,NULL),('RULACT-181817d3:15bf4e3b890:-1f5d','RACT-181817d3:15bf4e3b890:-1f5f','treasury.actions.UpdateBillItemAmount.type',NULL,NULL,NULL,NULL,NULL,NULL,NULL,NULL,NULL,NULL,'ADD',NULL),('RULACT-181817d3:15bf4e3b890:-1f5e','RACT-181817d3:15bf4e3b890:-1f5f','treasury.actions.UpdateBillItemAmount.billitem',NULL,NULL,'RCOND-181817d3:15bf4e3b890:-2178','BILLITEM',NULL,NULL,NULL,NULL,NULL,NULL,NULL,NULL),('RULACT-181817d3:15bf4e3b890:-25c6','RACT-181817d3:15bf4e3b890:-25c9','treasury.actions.UpdateBillItemAmount.amount',NULL,NULL,'RCONST-181817d3:15bf4e3b890:-264b','SQM','<table border=\"1\" cellpadding=\"1\" cellspacing=\"0\">\n    <tr>\n        <td colspan=\"3\">Use Variable: SQM</td>\n    </tr>\n    \n        <tr>\n            <th>Greater than</th>\n            <th>Less than or equal to</th>\n            <th>Formula</th>\n        </tr>\n    \n    \n    \n        <tr>\n            <td></td>\n            <td>20.00</td>\n            <td>24</td>\n        </tr>\n    \n        <tr>\n            <td>20.00</td>\n            <td></td>\n            <td>24 +  ( Math.ceil( SQM-20 ) *  3 )</td>\n        </tr>\n    \n</table>','range',NULL,NULL,NULL,'[[to:20.00,value:\"24\",from:0],[value:\"24 +  ( Math.ceil( SQM-20 ) *  3 )\",from:20.00]]',NULL,1),('RULACT-181817d3:15bf4e3b890:-25c7','RACT-181817d3:15bf4e3b890:-25c9','treasury.actions.UpdateBillItemAmount.type',NULL,NULL,NULL,NULL,NULL,NULL,NULL,NULL,NULL,NULL,'ADD',NULL),('RULACT-181817d3:15bf4e3b890:-25c8','RACT-181817d3:15bf4e3b890:-25c9','treasury.actions.UpdateBillItemAmount.billitem',NULL,NULL,'RCOND-181817d3:15bf4e3b890:-272c','BILLITEM',NULL,NULL,NULL,NULL,NULL,NULL,NULL,NULL),('RULACT-181817d3:15bf4e3b890:-2b60','RACT-181817d3:15bf4e3b890:-2b63','treasury.actions.UpdateBillItemAmount.amount',NULL,NULL,NULL,NULL,'Math.ceil( LNM ) * 3','expression',NULL,NULL,NULL,NULL,NULL,NULL),('RULACT-181817d3:15bf4e3b890:-2b61','RACT-181817d3:15bf4e3b890:-2b63','treasury.actions.UpdateBillItemAmount.type',NULL,NULL,NULL,NULL,NULL,NULL,NULL,NULL,NULL,NULL,'ADD',NULL),('RULACT-181817d3:15bf4e3b890:-2b62','RACT-181817d3:15bf4e3b890:-2b63','treasury.actions.UpdateBillItemAmount.billitem',NULL,NULL,'RCOND-181817d3:15bf4e3b890:-2cb9','BILLITEM',NULL,NULL,NULL,NULL,NULL,NULL,NULL,NULL),('RULACT-181817d3:15bf4e3b890:-31d2','RACT-181817d3:15bf4e3b890:-31d5','treasury.actions.UpdateBillItemAmount.amount',NULL,NULL,NULL,NULL,'CUM * 3','expression',NULL,NULL,NULL,NULL,NULL,NULL),('RULACT-181817d3:15bf4e3b890:-31d3','RACT-181817d3:15bf4e3b890:-31d5','treasury.actions.UpdateBillItemAmount.type',NULL,NULL,NULL,NULL,NULL,NULL,NULL,NULL,NULL,NULL,'ADD',NULL),('RULACT-181817d3:15bf4e3b890:-31d4','RACT-181817d3:15bf4e3b890:-31d5','treasury.actions.UpdateBillItemAmount.billitem',NULL,NULL,'RCOND-181817d3:15bf4e3b890:-3260','BILLITEM',NULL,NULL,NULL,NULL,NULL,NULL,NULL,NULL),('RULACT-181817d3:15bf4e3b890:-3821','RACT-181817d3:15bf4e3b890:-3824','treasury.actions.UpdateBillItemAmount.amount',NULL,NULL,'RCONST-181817d3:15bf4e3b890:-38a0','METER','<table border=\"1\" cellpadding=\"1\" cellspacing=\"0\">\n    <tr>\n        <td colspan=\"3\">Use Variable: METER</td>\n    </tr>\n    \n        <tr>\n            <th>Greater than</th>\n            <th>Less than or equal to</th>\n            <th>Formula</th>\n        </tr>\n    \n    \n    \n        <tr>\n            <td></td>\n            <td>10.00</td>\n            <td>24</td>\n        </tr>\n    \n        <tr>\n            <td>10.00</td>\n            <td></td>\n            <td>24 + ( Math.ceil( METER-10) * 2.40 )</td>\n        </tr>\n    \n</table>','range',NULL,NULL,NULL,'[[to:10.00,value:\"24\",from:0],[value:\"24 + ( Math.ceil( METER-10) * 2.40 )\",from:10.00]]',NULL,1),('RULACT-181817d3:15bf4e3b890:-3822','RACT-181817d3:15bf4e3b890:-3824','treasury.actions.UpdateBillItemAmount.type',NULL,NULL,NULL,NULL,NULL,NULL,NULL,NULL,NULL,NULL,'ADD',NULL),('RULACT-181817d3:15bf4e3b890:-3823','RACT-181817d3:15bf4e3b890:-3824','treasury.actions.UpdateBillItemAmount.billitem',NULL,NULL,'RCOND-181817d3:15bf4e3b890:-3a97','BILLITEM',NULL,NULL,NULL,NULL,NULL,NULL,NULL,NULL),('RULACT-24f6e11b:15b6c092725:-7e7a','RACT-24f6e11b:15b6c092725:-7e7c','treasury.actions.AddBillItem.amount',NULL,NULL,NULL,NULL,'0','expression',NULL,NULL,NULL,NULL,NULL,NULL),('RULACT-263a2c10:17969526f5a:-6c8a','RACT-263a2c10:17969526f5a:-6d06','workflow.actions.WfExecuteScript.params',NULL,NULL,NULL,NULL,'[  appid: WT.refid ]','expression',NULL,NULL,NULL,NULL,NULL,NULL),('RULACT-263a2c10:17969526f5a:-6cb7','RACT-263a2c10:17969526f5a:-6d06','workflow.actions.WfExecuteScript.actionname','activateTask',NULL,NULL,NULL,NULL,NULL,NULL,NULL,NULL,NULL,NULL,NULL),('RULACT-263a2c10:17969526f5a:-6ce2','RACT-263a2c10:17969526f5a:-6d06','workflow.actions.WfExecuteScript.scriptname','OccupancyRpuService',NULL,NULL,NULL,NULL,NULL,NULL,NULL,NULL,NULL,NULL,NULL),('RULACT-2fbca757:15bf25c4add:-75b4','RA6ad88b42:15bf25a2e71:-7fde','treasury.actions.UpdateBillItemAmount.type',NULL,NULL,NULL,NULL,NULL,NULL,NULL,NULL,NULL,NULL,'ADD',NULL),('RULACT-2fbca757:15bf25c4add:-75b5','RA6ad88b42:15bf25a2e71:-7fde','treasury.actions.UpdateBillItemAmount.billitem',NULL,NULL,'RCOND-2fbca757:15bf25c4add:-7625','BILLITEM',NULL,NULL,NULL,NULL,NULL,NULL,NULL,NULL),('RULACT-2fbca757:15bf25c4add:-769c','RA6ad88b42:15bf25a2e71:-7fe6','treasury.actions.UpdateBillItemAmount.type',NULL,NULL,NULL,NULL,NULL,NULL,NULL,NULL,NULL,NULL,'ADD',NULL),('RULACT-2fbca757:15bf25c4add:-769d','RA6ad88b42:15bf25a2e71:-7fe6','treasury.actions.UpdateBillItemAmount.billitem',NULL,NULL,'RCOND-2fbca757:15bf25c4add:-770f','BILLITEM',NULL,NULL,NULL,NULL,NULL,NULL,NULL,NULL),('RULACT-2ff927e8:17926057293:-7518','RACT-2ff927e8:17926057293:-7570','treasury.actions.SetBillItemProperty.value',NULL,NULL,NULL,NULL,'50','expression',NULL,NULL,NULL,NULL,NULL,NULL),('RULACT-2ff927e8:17926057293:-7539','RACT-2ff927e8:17926057293:-7570','treasury.actions.SetBillItemProperty.fieldname','truecopycertfee',NULL,NULL,NULL,NULL,NULL,NULL,NULL,NULL,NULL,NULL,NULL),('RULACT-2ff927e8:17926057293:-7558','RACT-2ff927e8:17926057293:-7570','treasury.actions.SetBillItemProperty.billitem',NULL,NULL,'RCOND-2ff927e8:17926057293:-780f','RPU',NULL,NULL,NULL,NULL,NULL,NULL,NULL,NULL),('RULACT-2ff927e8:17926057293:-75e2','RACT-2ff927e8:17926057293:-763a','treasury.actions.SetBillItemProperty.value',NULL,NULL,NULL,NULL,'100','expression',NULL,NULL,NULL,NULL,NULL,NULL),('RULACT-2ff927e8:17926057293:-7603','RACT-2ff927e8:17926057293:-763a','treasury.actions.SetBillItemProperty.fieldname','taxclearancefee',NULL,NULL,NULL,NULL,NULL,NULL,NULL,NULL,NULL,NULL,NULL),('RULACT-2ff927e8:17926057293:-7622','RACT-2ff927e8:17926057293:-763a','treasury.actions.SetBillItemProperty.billitem',NULL,NULL,'RCOND-2ff927e8:17926057293:-780f','RPU',NULL,NULL,NULL,NULL,NULL,NULL,NULL,NULL),('RULACT-364c55f2:1763c44119c:-1029','RACT-364c55f2:1763c44119c:-104f','treasury.actions.AddBillItem.amount',NULL,NULL,NULL,NULL,'0','expression',NULL,NULL,NULL,NULL,NULL,NULL),('RULACT-364c55f2:1763c44119c:-4b64','RACT-364c55f2:1763c44119c:-4bc6','treasury.actions.AddBillItem.billcode',NULL,NULL,NULL,NULL,NULL,NULL,NULL,NULL,'SIGNAGE FEE',NULL,NULL,NULL),('RULACT-364c55f2:1763c44119c:-4b92','RACT-364c55f2:1763c44119c:-4bc6','treasury.actions.AddBillItem.amount',NULL,NULL,NULL,NULL,'0','expression',NULL,NULL,NULL,NULL,NULL,NULL),('RULACT-364c55f2:1763c44119c:-ffb','RACT-364c55f2:1763c44119c:-104f','treasury.actions.AddBillItem.billcode',NULL,NULL,NULL,NULL,NULL,NULL,NULL,'FENCING_FEE','FENCING FEE',NULL,NULL,NULL),('RULACT-3de4e7f7:16a4494c865:-7e09','RACT59515aa4:16a3a32fa5e:-45de','treasury.actions.UpdateBillItemAmount.amount',NULL,NULL,NULL,NULL,'(AREA * (HEIGHT - 8)) * 0.25','expression',NULL,NULL,NULL,NULL,NULL,NULL),('RULACT-40697891:1763cd25bb2:-31b1','RACT-40697891:1763cd25bb2:-3205','treasury.actions.AddBillItem.billcode',NULL,NULL,NULL,NULL,NULL,NULL,NULL,'EXCAVATION_FEE','EXCAVATION FEE',NULL,NULL,NULL),('RULACT-40697891:1763cd25bb2:-31df','RACT-40697891:1763cd25bb2:-3205','treasury.actions.AddBillItem.amount',NULL,NULL,NULL,NULL,'0','expression',NULL,NULL,NULL,NULL,NULL,NULL),('RULACT-40697891:1763cd25bb2:-7a17','RACT-40697891:1763cd25bb2:-7a41','treasury.actions.AddBillItem.billcode',NULL,NULL,NULL,NULL,NULL,NULL,NULL,'LINE_AND_GRADE','LINE AND GRADE',NULL,NULL,NULL),('RULACT-412b6ac3:17060a030aa:-7ab3','RACT-412b6ac3:17060a030aa:-7afc','treasury.actions.AddBillItem.amount',NULL,NULL,NULL,NULL,'if( UNIT <= 5 ) return 500.0;\nelse if( UNIT <= 10 ) return 1000.0;\nreturn 1500.0;','expression',NULL,NULL,NULL,NULL,NULL,NULL),('RULACT-412b6ac3:17060a030aa:-7adc','RACT-412b6ac3:17060a030aa:-7afc','treasury.actions.AddBillItem.billcode',NULL,NULL,NULL,NULL,NULL,NULL,NULL,'HOTWORKS','HOT WORKS',NULL,NULL,NULL),('RULACT-41499999:15b23048395:-7d7c','RACT-41499999:15b23048395:-7d7f','treasury.actions.UpdateBillItemAmount.amount',NULL,NULL,NULL,NULL,'POLES * 30','expression',NULL,NULL,NULL,NULL,NULL,NULL),('RULACT-41499999:15b23048395:-7d7d','RACT-41499999:15b23048395:-7d7f','treasury.actions.UpdateBillItemAmount.type',NULL,NULL,NULL,NULL,NULL,NULL,NULL,NULL,NULL,NULL,'ADD',NULL),('RULACT-41499999:15b23048395:-7d7e','RACT-41499999:15b23048395:-7d7f','treasury.actions.UpdateBillItemAmount.billitem',NULL,NULL,'RCOND-41499999:15b23048395:-7df2','BILLITEM',NULL,NULL,NULL,NULL,NULL,NULL,NULL,NULL),('RULACT-41516f3a:178f3866074:-746c','RACT-41516f3a:178f3866074:-74c8','treasury.actions.AddBillItem.amount',NULL,NULL,NULL,NULL,'0','expression',NULL,NULL,NULL,NULL,NULL,NULL),('RULACT-41516f3a:178f3866074:-749e','RACT-41516f3a:178f3866074:-74c8','treasury.actions.AddBillItem.billcode',NULL,NULL,NULL,NULL,NULL,NULL,NULL,'ACCESSORY_STRUCTURE_FEE','ACCESSORY STRUCTURE FEE',NULL,NULL,NULL),('RULACT-41516f3a:178f3866074:-753b','RACT-41516f3a:178f3866074:-7595','treasury.actions.AddBillItem.amount',NULL,NULL,NULL,NULL,'0','expression',NULL,NULL,NULL,NULL,NULL,NULL),('RULACT-41516f3a:178f3866074:-756b','RACT-41516f3a:178f3866074:-7595','treasury.actions.AddBillItem.billcode',NULL,NULL,NULL,NULL,NULL,NULL,NULL,'ACCESSORY_FEE','ACCESSORY FEE',NULL,NULL,NULL),('RULACT-4267ff2c:16a444aba70:-597b','RACT59515aa4:16a3a32fa5e:-45de','treasury.actions.UpdateBillItemAmount.type',NULL,NULL,NULL,NULL,NULL,NULL,NULL,NULL,NULL,NULL,'ADD',NULL),('RULACT-4267ff2c:16a444aba70:-6ace','RACT-4267ff2c:16a444aba70:-6b26','treasury.actions.UpdateBillItemAmount.amount',NULL,NULL,NULL,NULL,'SQM * 5','expression',NULL,NULL,NULL,NULL,NULL,NULL),('RULACT-4267ff2c:16a444aba70:-6aef','RACT-4267ff2c:16a444aba70:-6b26','treasury.actions.UpdateBillItemAmount.type',NULL,NULL,NULL,NULL,NULL,NULL,NULL,NULL,NULL,NULL,'ADD',NULL),('RULACT-4267ff2c:16a444aba70:-6b0e','RACT-4267ff2c:16a444aba70:-6b26','treasury.actions.UpdateBillItemAmount.billitem',NULL,NULL,'RCOND-4267ff2c:16a444aba70:-6bde','BILLITEM',NULL,NULL,NULL,NULL,NULL,NULL,NULL,NULL),('RULACT-4267ff2c:16a444aba70:-7012','RACT-4267ff2c:16a444aba70:-706a','treasury.actions.UpdateBillItemAmount.amount',NULL,NULL,NULL,NULL,'UNIT * 60','expression',NULL,NULL,NULL,NULL,NULL,NULL),('RULACT-4267ff2c:16a444aba70:-7033','RACT-4267ff2c:16a444aba70:-706a','treasury.actions.UpdateBillItemAmount.type',NULL,NULL,NULL,NULL,NULL,NULL,NULL,NULL,NULL,NULL,'ADD',NULL),('RULACT-4267ff2c:16a444aba70:-7052','RACT-4267ff2c:16a444aba70:-706a','treasury.actions.UpdateBillItemAmount.billitem',NULL,NULL,'RC-3394437b:16a4396e5cb:-7af5','BILLITEM',NULL,NULL,NULL,NULL,NULL,NULL,NULL,NULL),('RULACT-4267ff2c:16a444aba70:-72a9','RACT-4267ff2c:16a444aba70:-7301','treasury.actions.UpdateBillItemAmount.amount',NULL,NULL,'RCONST-4267ff2c:16a444aba70:-5f34','CUM','<table border=\"1\" cellpadding=\"1\" cellspacing=\"0\">\n    <tr>\n        <td colspan=\"3\">Use Variable: CUM</td>\n    </tr>\n    \n        <tr>\n            <th>Greater than</th>\n            <th>Less than or equal to</th>\n            <th>Formula</th>\n        </tr>\n    \n    \n    \n        <tr>\n            <td></td>\n            <td>20.00</td>\n            <td>CUM * 540</td>\n        </tr>\n    \n        <tr>\n            <td>20.00</td>\n            <td></td>\n            <td>10800 + ((CUM-20) * 24)</td>\n        </tr>\n    \n</table>','range',NULL,NULL,NULL,'[[to:20.00,value:\"CUM * 540\",from:0],[value:\"10800 + ((CUM-20) * 24)\",from:20.00]]',NULL,1),('RULACT-4267ff2c:16a444aba70:-72ca','RACT-4267ff2c:16a444aba70:-7301','treasury.actions.UpdateBillItemAmount.type',NULL,NULL,NULL,NULL,NULL,NULL,NULL,NULL,NULL,NULL,'ADD',NULL),('RULACT-4267ff2c:16a444aba70:-72e9','RACT-4267ff2c:16a444aba70:-7301','treasury.actions.UpdateBillItemAmount.billitem',NULL,NULL,'RC-3394437b:16a4396e5cb:-7b38','BILLITEM',NULL,NULL,NULL,NULL,NULL,NULL,NULL,NULL),('RULACT-46ef70e6:15b192ccb94:-75e6','RACT-46ef70e6:15b192ccb94:-75e8','treasury.actions.AddBillItem.amount',NULL,NULL,'RCONST7a4cba33:16a44844397:-770a','AREA','<table border=\"1\" cellpadding=\"1\" cellspacing=\"0\">\n    <tr>\n        <td colspan=\"3\">Use Variable: AREA</td>\n    </tr>\n    \n        <tr>\n            <th>Greater than</th>\n            <th>Less than or equal to</th>\n            <th>Formula</th>\n        </tr>\n    \n    \n    \n        <tr>\n            <td></td>\n            <td>500.00</td>\n            <td>AREA * 23</td>\n        </tr>\n    \n        <tr>\n            <td>500.00</td>\n            <td>600.00</td>\n            <td>11500 + ((AREA-500) * 22)</td>\n        </tr>\n    \n        <tr>\n            <td>600.00</td>\n            <td>700.00</td>\n            <td>11500 + 2200 + ((AREA-600) * 20.50)</td>\n        </tr>\n    \n        <tr>\n            <td>700.00</td>\n            <td>800.00</td>\n            <td>11500 + 2200 + 2050 + ((AREA-700) * 19.50)</td>\n        </tr>\n    \n        <tr>\n            <td>800.00</td>\n            <td>900.00</td>\n            <td>11500 + 2200 + 2050 + 1950 + ((AREA-800) * 18)</td>\n        </tr>\n    \n        <tr>\n            <td>900.00</td>\n            <td>1000.00</td>\n            <td>11500 + 2200 + 2050 + 1950 + 1800 + ((AREA-900) * 17)</td>\n        </tr>\n    \n        <tr>\n            <td>1000.00</td>\n            <td>1500.00</td>\n            <td>11500 + 2200 + 2050 + 1950 + 1800 + 1700 + ((AREA-1000) * 16)</td>\n        </tr>\n    \n        <tr>\n            <td>1500.00</td>\n            <td>2000.00</td>\n            <td>11500 + 2200 + 2050 + 1950 + 1800 + 1700 + 8000 + ((AREA-1500) * 15)</td>\n        </tr>\n    \n        <tr>\n            <td>2000.00</td>\n            <td>3000.00</td>\n            <td>11500 + 2200 + 2050 + 1950 + 1800 + 1700 + 8000 + 7500 + ((AREA-2000) * 14)</td>\n        </tr>\n    \n        <tr>\n            <td>3000.00</td>\n            <td></td>\n            <td>11500 + 2200 + 2050 + 1950 + 1800 + 1700 + 8000 + 7500 + 14000 + ((AREA-3000) * 12)</td>\n        </tr>\n    \n</table>','range',NULL,NULL,NULL,'[[to:500.00,value:\"AREA * 23\",from:0],[to:600.00,value:\"11500 + ((AREA-500) * 22)\",from:500.00],[to:700.00,value:\"11500 + 2200 + ((AREA-600) * 20.50)\",from:600.00],[to:800.00,value:\"11500 + 2200 + 2050 + ((AREA-700) * 19.50)\",from:700.00],[to:900.00,value:\"11500 + 2200 + 2050 + 1950 + ((AREA-800) * 18)\",from:800.00],[to:1000.00,value:\"11500 + 2200 + 2050 + 1950 + 1800 + ((AREA-900) * 17)\",from:900.00],[to:1500.00,value:\"11500 + 2200 + 2050 + 1950 + 1800 + 1700 + ((AREA-1000) * 16)\",from:1000.00],[to:2000.00,value:\"11500 + 2200 + 2050 + 1950 + 1800 + 1700 + 8000 + ((AREA-1500) * 15)\",from:1500.00],[to:3000.00,value:\"11500 + 2200 + 2050 + 1950 + 1800 + 1700 + 8000 + 7500 + ((AREA-2000) * 14)\",from:2000.00],[value:\"11500 + 2200 + 2050 + 1950 + 1800 + 1700 + 8000 + 7500 + 14000 + ((AREA-3000) * 12)\",from:3000.00]]',NULL,1),('RULACT-46ef70e6:15b192ccb94:-7cc0','RACT-46ef70e6:15b192ccb94:-7cc2','treasury.actions.AddBillItem.amount',NULL,NULL,'RCONST7a4cba33:16a44844397:-7362','AREA','<table border=\"1\" cellpadding=\"1\" cellspacing=\"0\">\n    <tr>\n        <td colspan=\"3\">Use Variable: AREA</td>\n    </tr>\n    \n        <tr>\n            <th>Greater than</th>\n            <th>Less than or equal to</th>\n            <th>Formula</th>\n        </tr>\n    \n    \n    \n        <tr>\n            <td></td>\n            <td>20.00</td>\n            <td>2.0 * AREA</td>\n        </tr>\n    \n        <tr>\n            <td>20.00</td>\n            <td>50.00</td>\n            <td>3.40 * AREA</td>\n        </tr>\n    \n        <tr>\n            <td>50.00</td>\n            <td>100.00</td>\n            <td>4.80 * AREA</td>\n        </tr>\n    \n        <tr>\n            <td>100.00</td>\n            <td>150.00</td>\n            <td>6.0 * AREA</td>\n        </tr>\n    \n        <tr>\n            <td>150.00</td>\n            <td></td>\n            <td>7.20 * AREA</td>\n        </tr>\n    \n</table>','range',NULL,NULL,NULL,'[[to:20.00,value:\"2.0 * AREA\",from:0],[to:50.00,value:\"3.40 * AREA\",from:20.00],[to:100.00,value:\"4.80 * AREA\",from:50.00],[to:150.00,value:\"6.0 * AREA\",from:100.00],[value:\"7.20 * AREA\",from:150.00]]',NULL,1),('RULACT-497dd1bf:15b6a2553bf:-76b0','RACT-497dd1bf:15b6a2553bf:-76b3','treasury.actions.UpdateBillItemAmount.amount',NULL,NULL,'RCONST-497dd1bf:15b6a2553bf:-771c','CUM','<table border=\"1\" cellpadding=\"1\" cellspacing=\"0\">\n    <tr>\n        <td colspan=\"3\">Use Variable: CUM</td>\n    </tr>\n    \n        <tr>\n            <th>Greater than</th>\n            <th>Less than or equal to</th>\n            <th>Formula</th>\n        </tr>\n    \n    \n    \n        <tr>\n            <td></td>\n            <td>20.00</td>\n            <td>20 * CUM</td>\n        </tr>\n    \n        <tr>\n            <td>20.00</td>\n            <td></td>\n            <td>400 + ((CUM-20) * 8)</td>\n        </tr>\n    \n</table>','range',NULL,NULL,NULL,'[[to:20.00,value:\"20 * CUM\",from:0],[value:\"400 + ((CUM-20) * 8)\",from:20.00]]',NULL,1),('RULACT-497dd1bf:15b6a2553bf:-76b1','RACT-497dd1bf:15b6a2553bf:-76b3','treasury.actions.UpdateBillItemAmount.type',NULL,NULL,NULL,NULL,NULL,NULL,NULL,NULL,NULL,NULL,'ADD',NULL),('RULACT-497dd1bf:15b6a2553bf:-76b2','RACT-497dd1bf:15b6a2553bf:-76b3','treasury.actions.UpdateBillItemAmount.billitem',NULL,NULL,'RCOND-497dd1bf:15b6a2553bf:-77f2','BILLITEM',NULL,NULL,NULL,NULL,NULL,NULL,NULL,NULL),('RULACT-50300c99:15b7626649d:-5877','RACT-50300c99:15b7626649d:-587a','treasury.actions.UpdateBillItemAmount.amount',NULL,NULL,NULL,NULL,'SQM * 5','expression',NULL,NULL,NULL,NULL,NULL,NULL),('RULACT-50300c99:15b7626649d:-5878','RACT-50300c99:15b7626649d:-587a','treasury.actions.UpdateBillItemAmount.type',NULL,NULL,NULL,NULL,NULL,NULL,NULL,NULL,NULL,NULL,'ADD',NULL),('RULACT-50300c99:15b7626649d:-5879','RACT-50300c99:15b7626649d:-587a','treasury.actions.UpdateBillItemAmount.billitem',NULL,NULL,'RCOND-50300c99:15b7626649d:-59b5','BILLITEM',NULL,NULL,NULL,NULL,NULL,NULL,NULL,NULL),('RULACT-50300c99:15b7626649d:-5d1a','RACT-50300c99:15b7626649d:-5d1d','treasury.actions.UpdateBillItemAmount.amount',NULL,NULL,NULL,NULL,'SQM * 12','expression',NULL,NULL,NULL,NULL,NULL,NULL),('RULACT-50300c99:15b7626649d:-5d1b','RACT-50300c99:15b7626649d:-5d1d','treasury.actions.UpdateBillItemAmount.type',NULL,NULL,NULL,NULL,NULL,NULL,NULL,NULL,NULL,NULL,'ADD',NULL),('RULACT-50300c99:15b7626649d:-5d1c','RACT-50300c99:15b7626649d:-5d1d','treasury.actions.UpdateBillItemAmount.billitem',NULL,NULL,'RC28a83f44:15b74c946cb:-7f65','BILLITEM',NULL,NULL,NULL,NULL,NULL,NULL,NULL,NULL),('RULACT-50300c99:15b7626649d:-5f57','RACT-50300c99:15b7626649d:-5f5a','treasury.actions.UpdateBillItemAmount.amount',NULL,NULL,NULL,NULL,'SQM * 18','expression',NULL,NULL,NULL,NULL,NULL,NULL),('RULACT-50300c99:15b7626649d:-5f58','RACT-50300c99:15b7626649d:-5f5a','treasury.actions.UpdateBillItemAmount.type',NULL,NULL,NULL,NULL,NULL,NULL,NULL,NULL,NULL,NULL,'ADD',NULL),('RULACT-50300c99:15b7626649d:-5f59','RACT-50300c99:15b7626649d:-5f5a','treasury.actions.UpdateBillItemAmount.billitem',NULL,NULL,'RC28a83f44:15b74c946cb:-7f5c','BILLITEM',NULL,NULL,NULL,NULL,NULL,NULL,NULL,NULL),('RULACT-50300c99:15b7626649d:-608f','RACT-50300c99:15b7626649d:-6092','treasury.actions.UpdateBillItemAmount.amount',NULL,NULL,NULL,NULL,'SQM * 5','expression',NULL,NULL,NULL,NULL,NULL,NULL),('RULACT-50300c99:15b7626649d:-6090','RACT-50300c99:15b7626649d:-6092','treasury.actions.UpdateBillItemAmount.type',NULL,NULL,NULL,NULL,NULL,NULL,NULL,NULL,NULL,NULL,'ADD',NULL),('RULACT-50300c99:15b7626649d:-6091','RACT-50300c99:15b7626649d:-6092','treasury.actions.UpdateBillItemAmount.billitem',NULL,NULL,'RC28a83f44:15b74c946cb:-7f6e','BILLITEM',NULL,NULL,NULL,NULL,NULL,NULL,NULL,NULL),('RULACT-50300c99:15b7626649d:-6424','RACT-50300c99:15b7626649d:-6427','treasury.actions.UpdateBillItemAmount.amount',NULL,NULL,NULL,NULL,'SQM * 5','expression',NULL,NULL,NULL,NULL,NULL,NULL),('RULACT-50300c99:15b7626649d:-6425','RACT-50300c99:15b7626649d:-6427','treasury.actions.UpdateBillItemAmount.type',NULL,NULL,NULL,NULL,NULL,NULL,NULL,NULL,NULL,NULL,'ADD',NULL),('RULACT-50300c99:15b7626649d:-6426','RACT-50300c99:15b7626649d:-6427','treasury.actions.UpdateBillItemAmount.billitem',NULL,NULL,'RC28a83f44:15b74c946cb:-7f77','BILLITEM',NULL,NULL,NULL,NULL,NULL,NULL,NULL,NULL),('RULACT-50300c99:15b7626649d:-7277','RACT-50300c99:15b7626649d:-727a','treasury.actions.UpdateBillItemAmount.amount',NULL,NULL,'RCONST-50300c99:15b7626649d:-730b','CUM','<table border=\"1\" cellpadding=\"1\" cellspacing=\"0\">\n    <tr>\n        <td colspan=\"3\">Use Variable: CUM</td>\n    </tr>\n    \n        <tr>\n            <th>Greater than</th>\n            <th>Less than or equal to</th>\n            <th>Formula</th>\n        </tr>\n    \n    \n    \n        <tr>\n            <td></td>\n            <td>2.00</td>\n            <td>12</td>\n        </tr>\n    \n        <tr>\n            <td>2.00</td>\n            <td></td>\n            <td>12 + ( Math.ceil( CUM - 2 ) * 12 )</td>\n        </tr>\n    \n</table>','range',NULL,NULL,NULL,'[[to:2.00,value:\"12\",from:0],[value:\"12 + ( Math.ceil( CUM - 2 ) * 12 )\",from:2.00]]',NULL,1),('RULACT-50300c99:15b7626649d:-7278','RACT-50300c99:15b7626649d:-727a','treasury.actions.UpdateBillItemAmount.type',NULL,NULL,NULL,NULL,NULL,NULL,NULL,NULL,NULL,NULL,'ADD',NULL),('RULACT-50300c99:15b7626649d:-7279','RACT-50300c99:15b7626649d:-727a','treasury.actions.UpdateBillItemAmount.billitem',NULL,NULL,'RCOND-50300c99:15b7626649d:-73ec','BILLITEM',NULL,NULL,NULL,NULL,NULL,NULL,NULL,NULL),('RULACT-50300c99:15b7626649d:-7593','RACT-50300c99:15b7626649d:-7596','treasury.actions.UpdateBillItemAmount.amount',NULL,NULL,NULL,NULL,'Math.ceil( CUM ) * 12 ','expression',NULL,NULL,NULL,NULL,NULL,NULL),('RULACT-50300c99:15b7626649d:-7594','RACT-50300c99:15b7626649d:-7596','treasury.actions.UpdateBillItemAmount.type',NULL,NULL,NULL,NULL,NULL,NULL,NULL,NULL,NULL,NULL,'ADD',NULL),('RULACT-50300c99:15b7626649d:-7595','RACT-50300c99:15b7626649d:-7596','treasury.actions.UpdateBillItemAmount.billitem',NULL,NULL,'RCOND-50300c99:15b7626649d:-7759','BILLITEM',NULL,NULL,NULL,NULL,NULL,NULL,NULL,NULL),('RULACT-50300c99:15b7626649d:-7ac8','RACT-50300c99:15b7626649d:-7acb','treasury.actions.UpdateBillItemAmount.amount',NULL,NULL,NULL,NULL,'60 + ((UNIT-1) * 6)','expression',NULL,NULL,NULL,NULL,NULL,NULL),('RULACT-50300c99:15b7626649d:-7ac9','RACT-50300c99:15b7626649d:-7acb','treasury.actions.UpdateBillItemAmount.type',NULL,NULL,NULL,NULL,NULL,NULL,NULL,NULL,NULL,NULL,'ADD',NULL),('RULACT-50300c99:15b7626649d:-7aca','RACT-50300c99:15b7626649d:-7acb','treasury.actions.UpdateBillItemAmount.billitem',NULL,NULL,'RCOND-50300c99:15b7626649d:-7d8d','BILLITEM',NULL,NULL,NULL,NULL,NULL,NULL,NULL,NULL),('RULACT-580c0202:1796dc1fd5f:-7cb9','RACT-580c0202:1796dc1fd5f:-7d35','workflow.actions.WfExecuteScript.params',NULL,NULL,NULL,NULL,'[ appid: WT.refid, sendmail:true  ]','expression',NULL,NULL,NULL,NULL,NULL,NULL),('RULACT-580c0202:1796dc1fd5f:-7ce6','RACT-580c0202:1796dc1fd5f:-7d35','workflow.actions.WfExecuteScript.actionname','transmitSchedule',NULL,NULL,NULL,NULL,NULL,NULL,NULL,NULL,NULL,NULL,NULL),('RULACT-580c0202:1796dc1fd5f:-7d11','RACT-580c0202:1796dc1fd5f:-7d35','workflow.actions.WfExecuteScript.scriptname','OccupancyInspectionScheduleService',NULL,NULL,NULL,NULL,NULL,NULL,NULL,NULL,NULL,NULL,NULL),('RULACT-5b99cee3:1763b4d0bec:-7824','RACT-5b99cee3:1763b4d0bec:-78b3','treasury.actions.AddBillItem.amount',NULL,NULL,NULL,NULL,'8000','expression',NULL,NULL,NULL,NULL,NULL,NULL),('RULACT-5b99cee3:1763b4d0bec:-7888','RACT-5b99cee3:1763b4d0bec:-78b3','treasury.actions.AddBillItem.billcode',NULL,NULL,NULL,NULL,NULL,NULL,NULL,'PENALTY_BUILDING_PERMIT','PENALTY ON BUILDING PERMIT',NULL,NULL,NULL),('RULACT-604d5742:1764c0e1b7d:-7bb2','RACT-40697891:1763cd25bb2:-7a41','treasury.actions.AddBillItem.amount',NULL,NULL,NULL,NULL,'0','expression',NULL,NULL,NULL,NULL,NULL,NULL),('RULACT-64949ac3:17987dbd3a5:-7330','RACT-64949ac3:17987dbd3a5:-738a','treasury.actions.AddBillItem.amount',NULL,NULL,NULL,NULL,'PROJCOST * 0.01','expression',NULL,NULL,NULL,NULL,NULL,NULL),('RULACT-64949ac3:17987dbd3a5:-7360','RACT-64949ac3:17987dbd3a5:-738a','treasury.actions.AddBillItem.billcode',NULL,NULL,NULL,NULL,NULL,NULL,NULL,'LOCATIONAL_CLEARANCE_FEE','LOCATIONAL CLEARANCE FEE',NULL,NULL,NULL),('RULACT-64949ac3:17987dbd3a5:-7748','RACT-64949ac3:17987dbd3a5:-77ad','treasury.actions.AddBillItem.amount',NULL,NULL,NULL,NULL,'PROJCOST * 0.02','expression',NULL,NULL,NULL,NULL,NULL,NULL),('RULACT-64949ac3:17987dbd3a5:-777d','RACT-64949ac3:17987dbd3a5:-77ad','treasury.actions.AddBillItem.billcode',NULL,NULL,NULL,NULL,NULL,NULL,NULL,'LOCATIONAL_CLEARANCE_FEE','LOCATIONAL CLEARANCE FEE',NULL,NULL,NULL),('RULACT-685b3759:16a2fd8270e:-7063','RACT-46ef70e6:15b192ccb94:-75e8','treasury.actions.AddBillItem.billcode',NULL,NULL,NULL,NULL,NULL,NULL,NULL,'BUILDING_PERMIT_FEE','BUILDING PERMIT FEE',NULL,NULL,NULL),('RULACT-685b3759:16a2fd8270e:-731e','RA604f6df3:15b197ab5de:-7fda','treasury.actions.AddBillItem.billcode',NULL,NULL,NULL,NULL,NULL,NULL,NULL,'BUILDING_PERMIT_FEE','BUILDING PERMIT FEE',NULL,NULL,NULL),('RULACT-685b3759:16a2fd8270e:-7562','RA-4dbf9d19:15bf4e01a24:-7fba','treasury.actions.AddBillItem.billcode',NULL,NULL,NULL,NULL,NULL,NULL,NULL,'BUILDING_PERMIT_FEE','BUILDING PERMIT FEE',NULL,NULL,NULL),('RULACT-685b3759:16a2fd8270e:-77fc','RA-4dbf9d19:15bf4e01a24:-7fb2','treasury.actions.AddBillItem.billcode',NULL,NULL,NULL,NULL,NULL,NULL,NULL,'BUILDING_PERMIT_FEE','BUILDING PERMIT FEE',NULL,NULL,NULL),('RULACT-70eb32d:16c2d244c23:-7897','RACT-70eb32d:16c2d244c23:-78f6','treasury.actions.AddBillItem.amount',NULL,NULL,NULL,NULL,'50 * TOTAL','expression',NULL,NULL,NULL,NULL,NULL,NULL),('RULACT-70eb32d:16c2d244c23:-78cc','RACT-70eb32d:16c2d244c23:-78f6','treasury.actions.AddBillItem.billcode',NULL,NULL,NULL,NULL,NULL,NULL,NULL,'TAX_CLEARANCE','TAX CLEARANCE',NULL,NULL,NULL),('RULACT-7385ffbe:16a438b05b7:-5d5c','RACT-7385ffbe:16a438b05b7:-5db4','treasury.actions.UpdateBillItemAmount.amount',NULL,NULL,'RCONST-7385ffbe:16a438b05b7:-5e33','HEIGHT','<table border=\"1\" cellpadding=\"1\" cellspacing=\"0\">\n    <tr>\n        <td colspan=\"3\">Use Variable: HEIGHT</td>\n    </tr>\n    \n        <tr>\n            <th>Greater than</th>\n            <th>Less than or equal to</th>\n            <th>Formula</th>\n        </tr>\n    \n    \n    \n        <tr>\n            <td></td>\n            <td>10.00</td>\n            <td>HEIGHT * 2400</td>\n        </tr>\n    \n        <tr>\n            <td>10.00</td>\n            <td></td>\n            <td>24000 + ((HEIGHT-10)*150)</td>\n        </tr>\n    \n</table>','range',NULL,NULL,NULL,'[[to:10.00,value:\"HEIGHT * 2400\",from:0],[value:\"24000 + ((HEIGHT-10)*150)\",from:10.00]]',NULL,1),('RULACT-7385ffbe:16a438b05b7:-5d7d','RACT-7385ffbe:16a438b05b7:-5db4','treasury.actions.UpdateBillItemAmount.type',NULL,NULL,NULL,NULL,NULL,NULL,NULL,NULL,NULL,NULL,'ADD',NULL),('RULACT-7385ffbe:16a438b05b7:-5d9c','RACT-7385ffbe:16a438b05b7:-5db4','treasury.actions.UpdateBillItemAmount.billitem',NULL,NULL,'RCOND-7385ffbe:16a438b05b7:-5f5a','BILLITEM',NULL,NULL,NULL,NULL,NULL,NULL,NULL,NULL),('RULACT-7385ffbe:16a438b05b7:-6582','RA-3394437b:16a4396e5cb:-7e99','treasury.actions.UpdateBillItemAmount.amount',NULL,NULL,'RCC-3394437b:16a4396e5cb:-7e9b','HEIGHT','<table border=\"1\" cellpadding=\"1\" cellspacing=\"0\">\n    <tr>\n        <td colspan=\"3\">Use Variable: HEIGHT</td>\n    </tr>\n    \n        <tr>\n            <th>Greater than</th>\n            <th>Less than or equal to</th>\n            <th>Formula</th>\n        </tr>\n    \n    \n    \n        <tr>\n            <td></td>\n            <td>10.00</td>\n            <td>HEIGHT * 120</td>\n        </tr>\n    \n        <tr>\n            <td>10.00</td>\n            <td></td>\n            <td>1200 + ((HEIGHT-10) * 12)</td>\n        </tr>\n    \n</table>','range',NULL,NULL,NULL,'[[to:10.00,value:\"HEIGHT * 120\",from:0],[value:\"1200 + ((HEIGHT-10) * 12)\",from:10.00]]',NULL,1),('RULACT-7385ffbe:16a438b05b7:-65a3','RA-3394437b:16a4396e5cb:-7e99','treasury.actions.UpdateBillItemAmount.type',NULL,NULL,NULL,NULL,NULL,NULL,NULL,NULL,NULL,NULL,'ADD',NULL),('RULACT-7385ffbe:16a438b05b7:-6723','RA-3394437b:16a4396e5cb:-7ecb','treasury.actions.UpdateBillItemAmount.amount',NULL,NULL,'RCC-3394437b:16a4396e5cb:-7ed0','HEIGHT','<table border=\"1\" cellpadding=\"1\" cellspacing=\"0\">\n    <tr>\n        <td colspan=\"3\">Use Variable: HEIGHT</td>\n    </tr>\n    \n        <tr>\n            <th>Greater than</th>\n            <th>Less than or equal to</th>\n            <th>Formula</th>\n        </tr>\n    \n    \n    \n        <tr>\n            <td></td>\n            <td>10.00</td>\n            <td>HEIGHT * 1800</td>\n        </tr>\n    \n        <tr>\n            <td>10.00</td>\n            <td></td>\n            <td>18000 + ((HEIGHT-10) * 120)</td>\n        </tr>\n    \n</table>','range',NULL,NULL,NULL,'[[to:10.00,value:\"HEIGHT * 1800\",from:0],[value:\"18000 + ((HEIGHT-10) * 120)\",from:10.00]]',NULL,1),('RULACT-7385ffbe:16a438b05b7:-6744','RA-3394437b:16a4396e5cb:-7ecb','treasury.actions.UpdateBillItemAmount.type',NULL,NULL,NULL,NULL,NULL,NULL,NULL,NULL,NULL,NULL,'ADD',NULL),('RULACT-7385ffbe:16a438b05b7:-68b1','RA-3394437b:16a4396e5cb:-7eb9','treasury.actions.UpdateBillItemAmount.amount',NULL,NULL,'RCC-3394437b:16a4396e5cb:-7ebe','HEIGHT','<table border=\"1\" cellpadding=\"1\" cellspacing=\"0\">\n    <tr>\n        <td colspan=\"3\">Use Variable: HEIGHT</td>\n    </tr>\n    \n        <tr>\n            <th>Greater than</th>\n            <th>Less than or equal to</th>\n            <th>Formula</th>\n        </tr>\n    \n    \n    \n        <tr>\n            <td></td>\n            <td>10.00</td>\n            <td>HEIGHT * 240</td>\n        </tr>\n    \n        <tr>\n            <td>10.00</td>\n            <td></td>\n            <td>2400 + (( HEIGHT-10)*12)</td>\n        </tr>\n    \n</table>','range',NULL,NULL,NULL,'[[to:10.00,value:\"HEIGHT * 240\",from:0],[value:\"2400 + (( HEIGHT-10)*12)\",from:10.00]]',NULL,1),('RULACT-7385ffbe:16a438b05b7:-68d3','RA-3394437b:16a4396e5cb:-7eb9','treasury.actions.UpdateBillItemAmount.type',NULL,NULL,NULL,NULL,NULL,NULL,NULL,NULL,NULL,NULL,'ADD',NULL),('RULACT-7385ffbe:16a438b05b7:-6acd','RA-3394437b:16a4396e5cb:-7ef3','treasury.actions.UpdateBillItemAmount.amount',NULL,NULL,'RCC-3394437b:16a4396e5cb:-7ef5','HEIGHT','<table border=\"1\" cellpadding=\"1\" cellspacing=\"0\">\n    <tr>\n        <td colspan=\"3\">Use Variable: HEIGHT</td>\n    </tr>\n    \n        <tr>\n            <th>Greater than</th>\n            <th>Less than or equal to</th>\n            <th>Formula</th>\n        </tr>\n    \n    \n    \n        <tr>\n            <td></td>\n            <td>10.00</td>\n            <td>2400 * HEIGHT</td>\n        </tr>\n    \n        <tr>\n            <td>10.00</td>\n            <td></td>\n            <td>24000 + ((HEIGHT-10)*120)</td>\n        </tr>\n    \n</table>','range',NULL,NULL,NULL,'[[to:10.00,value:\"2400 * HEIGHT\",from:0],[value:\"24000 + ((HEIGHT-10)*120)\",from:10.00]]',NULL,1),('RULACT-7385ffbe:16a438b05b7:-6aee','RA-3394437b:16a4396e5cb:-7ef3','treasury.actions.UpdateBillItemAmount.type',NULL,NULL,NULL,NULL,NULL,NULL,NULL,NULL,NULL,NULL,'ADD',NULL),('RULACT-7385ffbe:16a438b05b7:-6c80','RA-3394437b:16a4396e5cb:-7ea9','treasury.actions.UpdateBillItemAmount.amount',NULL,NULL,NULL,NULL,'HEIGHT * 150;','expression',NULL,NULL,NULL,NULL,NULL,NULL),('RULACT-7385ffbe:16a438b05b7:-6ca1','RA-3394437b:16a4396e5cb:-7ea9','treasury.actions.UpdateBillItemAmount.type',NULL,NULL,NULL,NULL,NULL,NULL,NULL,NULL,NULL,NULL,'ADD',NULL),('RULACT-7385ffbe:16a438b05b7:-6dc2','RA-3394437b:16a4396e5cb:-7ed5','treasury.actions.UpdateBillItemAmount.amount',NULL,NULL,NULL,NULL,'HEIGHT * 500;','expression',NULL,NULL,NULL,NULL,NULL,NULL),('RULACT-7385ffbe:16a438b05b7:-6ded','RA-3394437b:16a4396e5cb:-7ed5','treasury.actions.UpdateBillItemAmount.type',NULL,NULL,NULL,NULL,NULL,NULL,NULL,NULL,NULL,NULL,'ADD',NULL),('RULACT-7385ffbe:16a438b05b7:-7213','RACT-7385ffbe:16a438b05b7:-726b','treasury.actions.UpdateBillItemAmount.amount',NULL,NULL,NULL,NULL,'return  ((SQM * 3) < 48) ? 48 : (SQM * 3) ;','expression',NULL,NULL,NULL,NULL,NULL,NULL),('RULACT-7385ffbe:16a438b05b7:-7234','RACT-7385ffbe:16a438b05b7:-726b','treasury.actions.UpdateBillItemAmount.type',NULL,NULL,NULL,NULL,NULL,NULL,NULL,NULL,NULL,NULL,'ADD',NULL),('RULACT-7385ffbe:16a438b05b7:-7253','RACT-7385ffbe:16a438b05b7:-726b','treasury.actions.UpdateBillItemAmount.billitem',NULL,NULL,'RCOND-7385ffbe:16a438b05b7:-741b','BILLITEM',NULL,NULL,NULL,NULL,NULL,NULL,NULL,NULL),('RULACT-7385ffbe:16a438b05b7:-788a','RACT-7385ffbe:16a438b05b7:-78ec','treasury.actions.AddBillItem.amount',NULL,NULL,'RCONST7e3da671:17066bd1cac:-7cb3','COST','<table border=\"1\" cellpadding=\"1\" cellspacing=\"0\">\n    <tr>\n        <td colspan=\"3\">Use Variable: COST</td>\n    </tr>\n    \n        <tr>\n            <th>Greater than</th>\n            <th>Less than or equal to</th>\n            <th>Formula</th>\n        </tr>\n    \n    \n    \n        <tr>\n            <td></td>\n            <td>100000.00</td>\n            <td>500</td>\n        </tr>\n    \n        <tr>\n            <td>100000.00</td>\n            <td>200000.00</td>\n            <td>700</td>\n        </tr>\n    \n        <tr>\n            <td>200000.00</td>\n            <td></td>\n            <td>800 + ((( COST - 200000) * 0.01)/10) </td>\n        </tr>\n    \n</table>','range',NULL,NULL,NULL,'[[to:100000.00,value:\"500\",from:0],[to:200000.00,value:\"700\",from:100000.00],[value:\"800 + ((( COST - 200000) * 0.01)/10) \",from:200000.00]]',NULL,1),('RULACT-7385ffbe:16a438b05b7:-78c2','RACT-7385ffbe:16a438b05b7:-78ec','treasury.actions.AddBillItem.billcode',NULL,NULL,NULL,NULL,NULL,NULL,NULL,'LOCATIONAL_CLEARANCE_FEE','LOCATIONAL CLEARANCE FEE',NULL,NULL,NULL),('RULACT-7c07cdf9:16a4d035b31:-756e','RACT-7c07cdf9:16a4d035b31:-75c6','treasury.actions.UpdateBillItemAmount.amount',NULL,NULL,NULL,NULL,'200','expression',NULL,NULL,NULL,NULL,NULL,NULL),('RULACT-7c07cdf9:16a4d035b31:-758f','RACT-7c07cdf9:16a4d035b31:-75c6','treasury.actions.UpdateBillItemAmount.type',NULL,NULL,NULL,NULL,NULL,NULL,NULL,NULL,NULL,NULL,'ADD',NULL),('RULACT-7c07cdf9:16a4d035b31:-75ae','RACT-7c07cdf9:16a4d035b31:-75c6','treasury.actions.UpdateBillItemAmount.billitem',NULL,NULL,'RCOND-7c07cdf9:16a4d035b31:-781e','BILLITEM',NULL,NULL,NULL,NULL,NULL,NULL,NULL,NULL),('RULACT-c8891ba:178e3c52288:-6341','RACT-c8891ba:178e3c52288:-63a9','workflow.actions.WfExecuteScript.params',NULL,NULL,NULL,NULL,'[\n   appid: WT.refid,\n   state: WT.fromstate\n]','expression',NULL,NULL,NULL,NULL,NULL,NULL),('RULACT-c8891ba:178e3c52288:-6367','RACT-c8891ba:178e3c52288:-63a9','workflow.actions.WfExecuteScript.actionname','validateHasUncompletedTasks',NULL,NULL,NULL,NULL,NULL,NULL,NULL,NULL,NULL,NULL,NULL),('RULACT-c8891ba:178e3c52288:-638b','RACT-c8891ba:178e3c52288:-63a9','workflow.actions.WfExecuteScript.scriptname','OboAppTaskitemService',NULL,NULL,NULL,NULL,NULL,NULL,NULL,NULL,NULL,NULL,NULL),('RULACT22cc2f0e:178cf44c760:-7c7b','RACT22cc2f0e:178cf44c760:-7ce3','workflow.actions.WfExecuteScript.params',NULL,NULL,NULL,NULL,'[\n   appid: WT.refid,\n   sendmail: true\n]','expression',NULL,NULL,NULL,NULL,NULL,NULL),('RULACT22cc2f0e:178cf44c760:-7ca1','RACT22cc2f0e:178cf44c760:-7ce3','workflow.actions.WfExecuteScript.actionname','assignAppno',NULL,NULL,NULL,NULL,NULL,NULL,NULL,NULL,NULL,NULL,NULL),('RULACT22cc2f0e:178cf44c760:-7cc5','RACT22cc2f0e:178cf44c760:-7ce3','workflow.actions.WfExecuteScript.scriptname','OboAppService',NULL,NULL,NULL,NULL,NULL,NULL,NULL,NULL,NULL,NULL,NULL),('RULACT33892c9a:178e9fb06c5:-7093','RACT33892c9a:178e9fb06c5:-70e8','treasury.actions.AddBillItem.billcode',NULL,NULL,NULL,NULL,NULL,NULL,NULL,'TAX_DEC','TAX DECLARATION',NULL,NULL,NULL),('RULACT33892c9a:178e9fb06c5:-70c1','RACT33892c9a:178e9fb06c5:-70e8','treasury.actions.AddBillItem.amount',NULL,NULL,NULL,NULL,'50 * TOTAL','expression',NULL,NULL,NULL,NULL,NULL,NULL),('RULACT3b31d1e8:16a5826cfa5:-70bd','RACT3b31d1e8:16a5826cfa5:-711a','treasury.actions.AddBillItem.amount',NULL,NULL,NULL,NULL,'@IIF( AMT * 0.01 < 12 , 12, AMT * 0.01 ) ','expression',NULL,NULL,NULL,NULL,NULL,NULL),('RULACT3b31d1e8:16a5826cfa5:-70f0','RACT3b31d1e8:16a5826cfa5:-711a','treasury.actions.AddBillItem.billcode',NULL,NULL,NULL,NULL,NULL,NULL,NULL,'UPLR','UPLR',NULL,NULL,NULL),('RULACT3b31d1e8:16a5826cfa5:-79e9','RACT3b31d1e8:16a5826cfa5:-7a13','obo.actions.ComputeConstructionCost.amount',NULL,NULL,NULL,NULL,'AREA * 8000','expression',NULL,NULL,NULL,NULL,NULL,NULL),('RULACT3b31d1e8:16a5826cfa5:-7a01','RACT3b31d1e8:16a5826cfa5:-7a13','obo.actions.ComputeConstructionCost.application',NULL,NULL,'RCOND3b31d1e8:16a5826cfa5:-7c8d','APP',NULL,NULL,NULL,NULL,NULL,NULL,NULL,NULL),('RULACT3b3fed41:16bdd640b5c:-7254','RACT3b3fed41:16bdd640b5c:-727e','obo.actions.ComputeConstructionCost.amount',NULL,NULL,NULL,NULL,'AREA * 6000','expression',NULL,NULL,NULL,NULL,NULL,NULL),('RULACT3b3fed41:16bdd640b5c:-726c','RACT3b3fed41:16bdd640b5c:-727e','obo.actions.ComputeConstructionCost.application',NULL,NULL,'RCOND3b3fed41:16bdd640b5c:-74b1','APP',NULL,NULL,NULL,NULL,NULL,NULL,NULL,NULL),('RULACT3f65f585:15b74b1144b:-5d60','RACT3f65f585:15b74b1144b:-5d63','treasury.actions.UpdateBillItemAmount.amount',NULL,NULL,NULL,NULL,'AREA * 48','expression',NULL,NULL,NULL,NULL,NULL,NULL),('RULACT3f65f585:15b74b1144b:-5d61','RACT3f65f585:15b74b1144b:-5d63','treasury.actions.UpdateBillItemAmount.type',NULL,NULL,NULL,NULL,NULL,NULL,NULL,NULL,NULL,NULL,'ADD',NULL),('RULACT3f65f585:15b74b1144b:-5d62','RACT3f65f585:15b74b1144b:-5d63','treasury.actions.UpdateBillItemAmount.billitem',NULL,NULL,'RCOND3f65f585:15b74b1144b:-5f56','BILLITEM',NULL,NULL,NULL,NULL,NULL,NULL,NULL,NULL),('RULACT3f65f585:15b74b1144b:-5fea','RACT3f65f585:15b74b1144b:-5fed','treasury.actions.UpdateBillItemAmount.amount',NULL,NULL,'RCONST3f65f585:15b74b1144b:-6054','HEIGHT','<table border=\"1\" cellpadding=\"1\" cellspacing=\"0\">\n    <tr>\n        <td colspan=\"3\">Use Variable: HEIGHT</td>\n    </tr>\n    \n        <tr>\n            <th>Greater than</th>\n            <th>Less than or equal to</th>\n            <th>Formula</th>\n        </tr>\n    \n    \n    \n        <tr>\n            <td></td>\n            <td>10.00</td>\n            <td>48</td>\n        </tr>\n    \n        <tr>\n            <td>10.00</td>\n            <td></td>\n            <td>48 + ((HEIGHT-10) * 2)</td>\n        </tr>\n    \n</table>','range',NULL,NULL,NULL,'[[to:10.00,value:\"48\",from:0],[value:\"48 + ((HEIGHT-10) * 2)\",from:10.00]]',NULL,1),('RULACT3f65f585:15b74b1144b:-5feb','RACT3f65f585:15b74b1144b:-5fed','treasury.actions.UpdateBillItemAmount.type',NULL,NULL,NULL,NULL,NULL,NULL,NULL,NULL,NULL,NULL,'ADD',NULL),('RULACT3f65f585:15b74b1144b:-5fec','RACT3f65f585:15b74b1144b:-5fed','treasury.actions.UpdateBillItemAmount.billitem',NULL,NULL,'RCOND3f65f585:15b74b1144b:-6129','BILLITEM',NULL,NULL,NULL,NULL,NULL,NULL,NULL,NULL),('RULACT3f65f585:15b74b1144b:-620e','RACT3f65f585:15b74b1144b:-6211','treasury.actions.UpdateBillItemAmount.amount',NULL,NULL,'RCONST3f65f585:15b74b1144b:-6278','HEIGHT','<table border=\"1\" cellpadding=\"1\" cellspacing=\"0\">\n    <tr>\n        <td colspan=\"3\">Use Variable: HEIGHT</td>\n    </tr>\n    \n        <tr>\n            <th>Greater than</th>\n            <th>Less than or equal to</th>\n            <th>Formula</th>\n        </tr>\n    \n    \n    \n        <tr>\n            <td></td>\n            <td>10.00</td>\n            <td>240</td>\n        </tr>\n    \n        <tr>\n            <td>10.00</td>\n            <td></td>\n            <td>240+((HEIGHT-10) * 12)</td>\n        </tr>\n    \n</table>','range',NULL,NULL,NULL,'[[to:10.00,value:\"240\",from:0],[value:\"240+((HEIGHT-10) * 12)\",from:10.00]]',NULL,1),('RULACT3f65f585:15b74b1144b:-620f','RACT3f65f585:15b74b1144b:-6211','treasury.actions.UpdateBillItemAmount.type',NULL,NULL,NULL,NULL,NULL,NULL,NULL,NULL,NULL,NULL,'ADD',NULL),('RULACT3f65f585:15b74b1144b:-6210','RACT3f65f585:15b74b1144b:-6211','treasury.actions.UpdateBillItemAmount.billitem',NULL,NULL,'RCOND3f65f585:15b74b1144b:-6349','BILLITEM',NULL,NULL,NULL,NULL,NULL,NULL,NULL,NULL),('RULACT3f65f585:15b74b1144b:-63d8','RACT3f65f585:15b74b1144b:-63db','treasury.actions.UpdateBillItemAmount.amount',NULL,NULL,'RCONST3f65f585:15b74b1144b:-6473','HEIGHT','<table border=\"1\" cellpadding=\"1\" cellspacing=\"0\">\n    <tr>\n        <td colspan=\"3\">Use Variable: HEIGHT</td>\n    </tr>\n    \n        <tr>\n            <th>Greater than</th>\n            <th>Less than or equal to</th>\n            <th>Formula</th>\n        </tr>\n    \n    \n    \n        <tr>\n            <td></td>\n            <td>10.00</td>\n            <td>2400</td>\n        </tr>\n    \n        <tr>\n            <td>10.00</td>\n            <td></td>\n            <td>2400 + ((HEIGHT - 10)*150)</td>\n        </tr>\n    \n</table>','range',NULL,NULL,NULL,'[[to:10.00,value:\"2400\",from:0],[value:\"2400 + ((HEIGHT - 10)*150)\",from:10.00]]',NULL,1),('RULACT3f65f585:15b74b1144b:-63d9','RACT3f65f585:15b74b1144b:-63db','treasury.actions.UpdateBillItemAmount.type',NULL,NULL,NULL,NULL,NULL,NULL,NULL,NULL,NULL,NULL,'ADD',NULL),('RULACT3f65f585:15b74b1144b:-63da','RACT3f65f585:15b74b1144b:-63db','treasury.actions.UpdateBillItemAmount.billitem',NULL,NULL,'RCOND3f65f585:15b74b1144b:-6567','BILLITEM',NULL,NULL,NULL,NULL,NULL,NULL,NULL,NULL),('RULACT3f65f585:15b74b1144b:-70e4','RACT3f65f585:15b74b1144b:-70e7','treasury.actions.UpdateBillItemAmount.amount',NULL,NULL,NULL,NULL,'500','expression',NULL,NULL,NULL,NULL,NULL,NULL),('RULACT3f65f585:15b74b1144b:-70e5','RACT3f65f585:15b74b1144b:-70e7','treasury.actions.UpdateBillItemAmount.type',NULL,NULL,NULL,NULL,NULL,NULL,NULL,NULL,NULL,NULL,'ADD',NULL),('RULACT3f65f585:15b74b1144b:-70e6','RACT3f65f585:15b74b1144b:-70e7','treasury.actions.UpdateBillItemAmount.billitem',NULL,NULL,'RCOND3f65f585:15b74b1144b:-7253','BILLITEM',NULL,NULL,NULL,NULL,NULL,NULL,NULL,NULL),('RULACT3f65f585:15b74b1144b:-7497','RACT3f65f585:15b74b1144b:-749a','treasury.actions.UpdateBillItemAmount.amount',NULL,NULL,NULL,NULL,'@IIF(   SQM * 3 < 48,  48 ,   SQM * 3 );\n','expression',NULL,NULL,NULL,NULL,NULL,NULL),('RULACT3f65f585:15b74b1144b:-7498','RACT3f65f585:15b74b1144b:-749a','treasury.actions.UpdateBillItemAmount.type',NULL,NULL,NULL,NULL,NULL,NULL,NULL,NULL,NULL,NULL,'ADD',NULL),('RULACT3f65f585:15b74b1144b:-7499','RACT3f65f585:15b74b1144b:-749a','treasury.actions.UpdateBillItemAmount.billitem',NULL,NULL,'RCOND3f65f585:15b74b1144b:-75fa','BILLITEM',NULL,NULL,NULL,NULL,NULL,NULL,NULL,NULL),('RULACT482f4d8b:17635283290:-6c76','RACT482f4d8b:17635283290:-6f30','treasury.actions.UpdateBillItemAmount.type',NULL,NULL,NULL,NULL,NULL,NULL,NULL,NULL,NULL,NULL,'ADD',NULL),('RULACT482f4d8b:17635283290:-6ef7','RACT482f4d8b:17635283290:-6f30','treasury.actions.UpdateBillItemAmount.amount',NULL,NULL,NULL,NULL,'COST * 0.02','expression',NULL,NULL,NULL,NULL,NULL,NULL),('RULACT482f4d8b:17635283290:-6f18','RACT482f4d8b:17635283290:-6f30','treasury.actions.UpdateBillItemAmount.billitem',NULL,NULL,'RCOND482f4d8b:17635283290:-78ea','BILLITEM',NULL,NULL,NULL,NULL,NULL,NULL,NULL,NULL),('RULACT482f4d8b:17635283290:-7ad7','RACT482f4d8b:17635283290:-7b33','treasury.actions.AddBillItem.amount',NULL,NULL,NULL,NULL,'0','expression',NULL,NULL,NULL,NULL,NULL,NULL),('RULACT482f4d8b:17635283290:-7b09','RACT482f4d8b:17635283290:-7b33','treasury.actions.AddBillItem.billcode',NULL,NULL,NULL,NULL,NULL,NULL,NULL,NULL,'BFP SALES TAX',NULL,NULL,NULL),('RULACT48d65dac:169e67264db:-7db5','RACT48d65dac:169e67264db:-7ddf','obo.actions.ComputeConstructionCost.amount',NULL,NULL,NULL,NULL,'AREA  * 10000','expression',NULL,NULL,NULL,NULL,NULL,NULL),('RULACT48d65dac:169e67264db:-7dcd','RACT48d65dac:169e67264db:-7ddf','obo.actions.ComputeConstructionCost.application',NULL,NULL,'RCOND48d65dac:169e67264db:-7ec5','APP',NULL,NULL,NULL,NULL,NULL,NULL,NULL,NULL),('RULACT4e513a84:15b291a0165:-7de9','RACT4e513a84:15b291a0165:-7dec','treasury.actions.UpdateBillItemAmount.amount',NULL,NULL,'RCONST6cc4d33e:15b3c1e2e72:-4b93','KW','<table border=\"1\" cellpadding=\"1\" cellspacing=\"0\">\n    <tr>\n        <td colspan=\"3\">Use Variable: KW</td>\n    </tr>\n    \n        <tr>\n            <th>Greater than</th>\n            <th>Less than or equal to</th>\n            <th>Formula</th>\n        </tr>\n    \n    \n    \n        <tr>\n            <td></td>\n            <td>7.50</td>\n            <td> KW  * 500</td>\n        </tr>\n    \n        <tr>\n            <td>7.50</td>\n            <td>22.00</td>\n            <td>3750 + ( (KW-7.5) * 700)</td>\n        </tr>\n    \n        <tr>\n            <td>22.00</td>\n            <td>37.00</td>\n            <td>13900 + ( (KW-22) * 900 )</td>\n        </tr>\n    \n        <tr>\n            <td>37.00</td>\n            <td>52.00</td>\n            <td>27400 + ( (KW-37) *  1200)</td>\n        </tr>\n    \n        <tr>\n            <td>52.00</td>\n            <td>67.00</td>\n            <td>45400 + ( (KW-52) * 1400 )</td>\n        </tr>\n    \n        <tr>\n            <td>67.00</td>\n            <td>74.00</td>\n            <td>66400 +( (KW-67) * 1600 )</td>\n        </tr>\n    \n        <tr>\n            <td>74.00</td>\n            <td></td>\n            <td>77600 + ( Math.ceil( KW- 74 ) * 5 )</td>\n        </tr>\n    \n</table>','range',NULL,NULL,NULL,'[[to:7.50,value:\" KW  * 500\",from:0],[to:22.00,value:\"3750 + ( (KW-7.5) * 700)\",from:7.50],[to:37.00,value:\"13900 + ( (KW-22) * 900 )\",from:22.00],[to:52.00,value:\"27400 + ( (KW-37) *  1200)\",from:37.00],[to:67.00,value:\"45400 + ( (KW-52) * 1400 )\",from:52.00],[to:74.00,value:\"66400 +( (KW-67) * 1600 )\",from:67.00],[value:\"77600 + ( Math.ceil( KW- 74 ) * 5 )\",from:74.00]]',NULL,1),('RULACT4e513a84:15b291a0165:-7dea','RACT4e513a84:15b291a0165:-7dec','treasury.actions.UpdateBillItemAmount.type',NULL,NULL,NULL,NULL,NULL,NULL,NULL,NULL,NULL,NULL,'ADD',NULL),('RULACT4e513a84:15b291a0165:-7deb','RACT4e513a84:15b291a0165:-7dec','treasury.actions.UpdateBillItemAmount.billitem',NULL,NULL,'RCOND4e513a84:15b291a0165:-7eba','BILLITEM',NULL,NULL,NULL,NULL,NULL,NULL,NULL,NULL),('RULACT51c2b1c4:15b69a42d57:-748e','RACT51c2b1c4:15b69a42d57:-7491','treasury.actions.UpdateBillItemAmount.amount',NULL,NULL,NULL,NULL,'CUM * 0.25','expression',NULL,NULL,NULL,NULL,NULL,NULL),('RULACT51c2b1c4:15b69a42d57:-748f','RACT51c2b1c4:15b69a42d57:-7491','treasury.actions.UpdateBillItemAmount.type',NULL,NULL,NULL,NULL,NULL,NULL,NULL,NULL,NULL,NULL,'ADD',NULL),('RULACT51c2b1c4:15b69a42d57:-7490','RACT51c2b1c4:15b69a42d57:-7491','treasury.actions.UpdateBillItemAmount.billitem',NULL,NULL,'RCOND51c2b1c4:15b69a42d57:-779f','BILLITEM',NULL,NULL,NULL,NULL,NULL,NULL,NULL,NULL),('RULACT52004977:17954f7e4db:-7d6d','RACT52004977:17954f7e4db:-7db6','treasury.actions.AddBillItem.amount',NULL,NULL,NULL,NULL,'200','expression',NULL,NULL,NULL,NULL,NULL,NULL),('RULACT52004977:17954f7e4db:-7d95','RACT52004977:17954f7e4db:-7db6','treasury.actions.AddBillItem.billcode',NULL,NULL,NULL,NULL,NULL,NULL,NULL,'FIRE_FILING_FEE','FIRE FILING FEE',NULL,NULL,NULL),('RULACT53dfe0fc:178d9b96507:-7590','RACT53dfe0fc:178d9b96507:-7626','workflow.actions.WfExecuteScript.info',NULL,NULL,'RCOND53dfe0fc:178d9b96507:-7656','WINFO',NULL,NULL,NULL,NULL,NULL,NULL,NULL,NULL),('RULACT53dfe0fc:178d9b96507:-75be','RACT53dfe0fc:178d9b96507:-7626','workflow.actions.WfExecuteScript.params',NULL,NULL,NULL,NULL,'[\n    refid: WD.refid\n\n]','expression',NULL,NULL,NULL,NULL,NULL,NULL),('RULACT53dfe0fc:178d9b96507:-75e4','RACT53dfe0fc:178d9b96507:-7626','workflow.actions.WfExecuteScript.actionname','checkHasFindings',NULL,NULL,NULL,NULL,NULL,NULL,NULL,NULL,NULL,NULL,NULL),('RULACT53dfe0fc:178d9b96507:-7608','RACT53dfe0fc:178d9b96507:-7626','workflow.actions.WfExecuteScript.scriptname','OboAppTaskitemFindingService',NULL,NULL,NULL,NULL,NULL,NULL,NULL,NULL,NULL,NULL,NULL),('RULACT544e84a6:15b372b5faf:-788b','RACT544e84a6:15b372b5faf:-788e','treasury.actions.UpdateBillItemAmount.amount',NULL,NULL,NULL,NULL,'UNITS * 60','expression',NULL,NULL,NULL,NULL,NULL,NULL),('RULACT544e84a6:15b372b5faf:-788c','RACT544e84a6:15b372b5faf:-788e','treasury.actions.UpdateBillItemAmount.type',NULL,NULL,NULL,NULL,NULL,NULL,NULL,NULL,NULL,NULL,'ADD',NULL),('RULACT544e84a6:15b372b5faf:-788d','RACT544e84a6:15b372b5faf:-788e','treasury.actions.UpdateBillItemAmount.billitem',NULL,NULL,'RC33115abb:15b366b9fbd:-7fd2','BILLITEM',NULL,NULL,NULL,NULL,NULL,NULL,NULL,NULL),('RULACT544e84a6:15b372b5faf:-7da3','RACT544e84a6:15b372b5faf:-7da6','treasury.actions.UpdateBillItemAmount.amount',NULL,NULL,NULL,NULL,'Math.ceil( TONS )  * 40','expression',NULL,NULL,NULL,NULL,NULL,NULL),('RULACT544e84a6:15b372b5faf:-7da4','RACT544e84a6:15b372b5faf:-7da6','treasury.actions.UpdateBillItemAmount.type',NULL,NULL,NULL,NULL,NULL,NULL,NULL,NULL,NULL,NULL,'ADD',NULL),('RULACT544e84a6:15b372b5faf:-7da5','RACT544e84a6:15b372b5faf:-7da6','treasury.actions.UpdateBillItemAmount.billitem',NULL,NULL,'RCOND544e84a6:15b372b5faf:-7e18','BILLITEM',NULL,NULL,NULL,NULL,NULL,NULL,NULL,NULL),('RULACT59515aa4:16a3a32fa5e:-45c6','RACT59515aa4:16a3a32fa5e:-45de','treasury.actions.UpdateBillItemAmount.billitem',NULL,NULL,'RCOND59515aa4:16a3a32fa5e:-4696','BILLITEM',NULL,NULL,NULL,NULL,NULL,NULL,NULL,NULL),('RULACT59515aa4:16a3a32fa5e:-596e','RACT59515aa4:16a3a32fa5e:-59a7','treasury.actions.UpdateBillItemAmount.amount',NULL,NULL,'RCONST59515aa4:16a3a32fa5e:-6c9a','AREA','<table border=\"1\" cellpadding=\"1\" cellspacing=\"0\">\n    <tr>\n        <td colspan=\"3\">Use Variable: AREA</td>\n    </tr>\n    \n        <tr>\n            <th>Greater than</th>\n            <th>Less than or equal to</th>\n            <th>Formula</th>\n        </tr>\n    \n    \n    \n        <tr>\n            <td></td>\n            <td>20.00</td>\n            <td>3.4 * AREA</td>\n        </tr>\n    \n        <tr>\n            <td>20.00</td>\n            <td>50.00</td>\n            <td>5.20 * AREA</td>\n        </tr>\n    \n        <tr>\n            <td>50.00</td>\n            <td>150.00</td>\n            <td>8 * AREA</td>\n        </tr>\n    \n        <tr>\n            <td>150.00</td>\n            <td></td>\n            <td>8.40 * AREA</td>\n        </tr>\n    \n</table>','range',NULL,NULL,NULL,'[[to:20.00,value:\"3.4 * AREA\",from:0],[to:50.00,value:\"5.20 * AREA\",from:20.00],[to:150.00,value:\"8 * AREA\",from:50.00],[value:\"8.40 * AREA\",from:150.00]]',NULL,1),('RULACT59515aa4:16a3a32fa5e:-598f','RACT59515aa4:16a3a32fa5e:-59a7','treasury.actions.UpdateBillItemAmount.billitem',NULL,NULL,'RCOND59515aa4:16a3a32fa5e:-5f34','BILLITEM',NULL,NULL,NULL,NULL,NULL,NULL,NULL,NULL),('RULACT59515aa4:16a3a32fa5e:-5a1c','RACT59515aa4:16a3a32fa5e:-5a55','treasury.actions.UpdateBillItemAmount.amount',NULL,NULL,'RCONST59515aa4:16a3a32fa5e:-6e00','AREA','<table border=\"1\" cellpadding=\"1\" cellspacing=\"0\">\n    <tr>\n        <td colspan=\"3\">Use Variable: AREA</td>\n    </tr>\n    \n        <tr>\n            <th>Greater than</th>\n            <th>Less than or equal to</th>\n            <th>Formula</th>\n        </tr>\n    \n    \n    \n        <tr>\n            <td></td>\n            <td>20.00</td>\n            <td>2.4 * AREA</td>\n        </tr>\n    \n        <tr>\n            <td>20.00</td>\n            <td>50.00</td>\n            <td>3.40 * AREA</td>\n        </tr>\n    \n        <tr>\n            <td>50.00</td>\n            <td>100.00</td>\n            <td>4.80 * AREA</td>\n        </tr>\n    \n        <tr>\n            <td>100.00</td>\n            <td>150.00</td>\n            <td>6.0 * AREA</td>\n        </tr>\n    \n        <tr>\n            <td>150.00</td>\n            <td></td>\n            <td>7.20 * AREA</td>\n        </tr>\n    \n</table>','range',NULL,NULL,NULL,'[[to:20.00,value:\"2.4 * AREA\",from:0],[to:50.00,value:\"3.40 * AREA\",from:20.00],[to:100.00,value:\"4.80 * AREA\",from:50.00],[to:150.00,value:\"6.0 * AREA\",from:100.00],[value:\"7.20 * AREA\",from:150.00]]',NULL,1),('RULACT59515aa4:16a3a32fa5e:-5a3d','RACT59515aa4:16a3a32fa5e:-5a55','treasury.actions.UpdateBillItemAmount.billitem',NULL,NULL,'RCOND59515aa4:16a3a32fa5e:-6012','BILLITEM',NULL,NULL,NULL,NULL,NULL,NULL,NULL,NULL),('RULACT59515aa4:16a3a32fa5e:-5bb2','RACT59515aa4:16a3a32fa5e:-5beb','treasury.actions.UpdateBillItemAmount.amount',NULL,NULL,'RCONST59515aa4:16a3a32fa5e:-6f63','AREA','<table border=\"1\" cellpadding=\"1\" cellspacing=\"0\">\n    <tr>\n        <td colspan=\"3\">Use Variable: AREA</td>\n    </tr>\n    \n        <tr>\n            <th>Greater than</th>\n            <th>Less than or equal to</th>\n            <th>Formula</th>\n        </tr>\n    \n    \n    \n        <tr>\n            <td></td>\n            <td>500.00</td>\n            <td>(AREA * 12) * 0.5</td>\n        </tr>\n    \n        <tr>\n            <td>500.00</td>\n            <td>600.00</td>\n            <td>(6000 + ((AREA-500) * 11)) * 0.5</td>\n        </tr>\n    \n        <tr>\n            <td>600.00</td>\n            <td>700.00</td>\n            <td>(6000 + 1100 + ((AREA-600) * 10.20)) * 0.5</td>\n        </tr>\n    \n        <tr>\n            <td>700.00</td>\n            <td>800.00</td>\n            <td>(6000 + 1100 + 1020 + ((AREA-700) * 9.60)) * 0.5</td>\n        </tr>\n    \n        <tr>\n            <td>800.00</td>\n            <td>900.00</td>\n            <td>(6000 + 1100 + 1020 + 960 + ((AREA-800) * 9)) * 0.5</td>\n        </tr>\n    \n        <tr>\n            <td>900.00</td>\n            <td>1000.00</td>\n            <td>(6000 + 1100 + 1020 + 960  + 900 + ((AREA-900) * 8.40)) * 0.5</td>\n        </tr>\n    \n        <tr>\n            <td>1000.00</td>\n            <td>1500.00</td>\n            <td>(6000 + 1100 + 1020 + 960  + 900 + 840 + ((AREA-1000) * 7.2)) * 0.5</td>\n        </tr>\n    \n        <tr>\n            <td>1500.00</td>\n            <td>2000.00</td>\n            <td>(6000 + 1100 + 1020 + 960  + 900 + 840 +  3600 + ((AREA-1500) * 6.6)) * 0.5</td>\n        </tr>\n    \n        <tr>\n            <td>2000.00</td>\n            <td>3000.00</td>\n            <td>(6000 + 1100 + 1020 + 960  + 900 + 840 +  3600 + 3300 + ((AREA-2000) * 6)) * 0.5</td>\n        </tr>\n    \n        <tr>\n            <td>3000.00</td>\n            <td></td>\n            <td>(6000 + 1100 + 1020 + 960  + 900 + 840 +  3600 + 3300 + 6000 + ((AREA-3000) * 5)) * 0.5</td>\n        </tr>\n    \n</table>','range',NULL,NULL,NULL,'[[to:500.00,value:\"(AREA * 12) * 0.5\",from:0],[to:600.00,value:\"(6000 + ((AREA-500) * 11)) * 0.5\",from:500.00],[to:700.00,value:\"(6000 + 1100 + ((AREA-600) * 10.20)) * 0.5\",from:600.00],[to:800.00,value:\"(6000 + 1100 + 1020 + ((AREA-700) * 9.60)) * 0.5\",from:700.00],[to:900.00,value:\"(6000 + 1100 + 1020 + 960 + ((AREA-800) * 9)) * 0.5\",from:800.00],[to:1000.00,value:\"(6000 + 1100 + 1020 + 960  + 900 + ((AREA-900) * 8.40)) * 0.5\",from:900.00],[to:1500.00,value:\"(6000 + 1100 + 1020 + 960  + 900 + 840 + ((AREA-1000) * 7.2)) * 0.5\",from:1000.00],[to:2000.00,value:\"(6000 + 1100 + 1020 + 960  + 900 + 840 +  3600 + ((AREA-1500) * 6.6)) * 0.5\",from:1500.00],[to:3000.00,value:\"(6000 + 1100 + 1020 + 960  + 900 + 840 +  3600 + 3300 + ((AREA-2000) * 6)) * 0.5\",from:2000.00],[value:\"(6000 + 1100 + 1020 + 960  + 900 + 840 +  3600 + 3300 + 6000 + ((AREA-3000) * 5)) * 0.5\",from:3000.00]]',NULL,1),('RULACT59515aa4:16a3a32fa5e:-5bd3','RACT59515aa4:16a3a32fa5e:-5beb','treasury.actions.UpdateBillItemAmount.billitem',NULL,NULL,'RCOND59515aa4:16a3a32fa5e:-60f0','BILLITEM',NULL,NULL,NULL,NULL,NULL,NULL,NULL,NULL),('RULACT59515aa4:16a3a32fa5e:-5c60','RACT59515aa4:16a3a32fa5e:-5c99','treasury.actions.UpdateBillItemAmount.amount',NULL,NULL,'RCONST59515aa4:16a3a32fa5e:-7154','AREA','<table border=\"1\" cellpadding=\"1\" cellspacing=\"0\">\n    <tr>\n        <td colspan=\"3\">Use Variable: AREA</td>\n    </tr>\n    \n        <tr>\n            <th>Greater than</th>\n            <th>Less than or equal to</th>\n            <th>Formula</th>\n        </tr>\n    \n    \n    \n        <tr>\n            <td></td>\n            <td>500.00</td>\n            <td>(AREA * 23) * 0.5</td>\n        </tr>\n    \n        <tr>\n            <td>500.00</td>\n            <td>600.00</td>\n            <td>(11500 + ((AREA-500) * 22)) * 0.5</td>\n        </tr>\n    \n        <tr>\n            <td>600.00</td>\n            <td>700.00</td>\n            <td>(11500 + 2200 + ((AREA-600) * 20.50)) * 0.5</td>\n        </tr>\n    \n        <tr>\n            <td>700.00</td>\n            <td>800.00</td>\n            <td>(11500 + 2200 + 2050 + ((AREA-700) * 19.50)) * 0.5</td>\n        </tr>\n    \n        <tr>\n            <td>800.00</td>\n            <td>900.00</td>\n            <td>(11500 + 2200 + 2050 + 1950 + ((AREA-800) * 18)) * 0.5</td>\n        </tr>\n    \n        <tr>\n            <td>900.00</td>\n            <td>1000.00</td>\n            <td>(11500 + 2200 + 2050 + 1950 + 1800 + ((AREA-900) * 17)) * 0.5</td>\n        </tr>\n    \n        <tr>\n            <td>1000.00</td>\n            <td>1500.00</td>\n            <td>(11500 + 2200 + 2050 + 1950 + 1800 + 1700 + ((AREA-1000) * 16)) * 0.5</td>\n        </tr>\n    \n        <tr>\n            <td>1500.00</td>\n            <td>2000.00</td>\n            <td>(11500 + 2200 + 2050 + 1950 + 1800 + 1700 + 8000 + 7500 + ((AREA-2000) * 14)) * 0.5</td>\n        </tr>\n    \n        <tr>\n            <td>2000.00</td>\n            <td>3000.00</td>\n            <td>11500 + 2200 + 2050 + 1950 + 1800 + 1700 + 8000 + 7500 + ((AREA-2000) * 14)</td>\n        </tr>\n    \n        <tr>\n            <td>3000.00</td>\n            <td></td>\n            <td>(11500 + 2200 + 2050 + 1950 + 1800 + 1700 + 8000 + 7500 + 14000 + ((AREA-3000) * 12)) * 0.5</td>\n        </tr>\n    \n</table>','range',NULL,NULL,NULL,'[[to:500.00,value:\"(AREA * 23) * 0.5\",from:0],[to:600.00,value:\"(11500 + ((AREA-500) * 22)) * 0.5\",from:500.00],[to:700.00,value:\"(11500 + 2200 + ((AREA-600) * 20.50)) * 0.5\",from:600.00],[to:800.00,value:\"(11500 + 2200 + 2050 + ((AREA-700) * 19.50)) * 0.5\",from:700.00],[to:900.00,value:\"(11500 + 2200 + 2050 + 1950 + ((AREA-800) * 18)) * 0.5\",from:800.00],[to:1000.00,value:\"(11500 + 2200 + 2050 + 1950 + 1800 + ((AREA-900) * 17)) * 0.5\",from:900.00],[to:1500.00,value:\"(11500 + 2200 + 2050 + 1950 + 1800 + 1700 + ((AREA-1000) * 16)) * 0.5\",from:1000.00],[to:2000.00,value:\"(11500 + 2200 + 2050 + 1950 + 1800 + 1700 + 8000 + 7500 + ((AREA-2000) * 14)) * 0.5\",from:1500.00],[to:3000.00,value:\"11500 + 2200 + 2050 + 1950 + 1800 + 1700 + 8000 + 7500 + ((AREA-2000) * 14)\",from:2000.00],[value:\"(11500 + 2200 + 2050 + 1950 + 1800 + 1700 + 8000 + 7500 + 14000 + ((AREA-3000) * 12)) * 0.5\",from:3000.00]]',NULL,1),('RULACT59515aa4:16a3a32fa5e:-5c81','RACT59515aa4:16a3a32fa5e:-5c99','treasury.actions.UpdateBillItemAmount.billitem',NULL,NULL,'RCOND59515aa4:16a3a32fa5e:-61ce','BILLITEM',NULL,NULL,NULL,NULL,NULL,NULL,NULL,NULL),('RULACT59515aa4:16a3a32fa5e:-5d0e','RACT59515aa4:16a3a32fa5e:-5d47','treasury.actions.UpdateBillItemAmount.amount',NULL,NULL,'RCONST59515aa4:16a3a32fa5e:-72f2','AREA','<table border=\"1\" cellpadding=\"1\" cellspacing=\"0\">\n    <tr>\n        <td colspan=\"3\">Use Variable: AREA</td>\n    </tr>\n    \n        <tr>\n            <th>Greater than</th>\n            <th>Less than or equal to</th>\n            <th>Formula</th>\n        </tr>\n    \n    \n    \n        <tr>\n            <td></td>\n            <td>20.00</td>\n            <td>3.0 * AREA * 0.5</td>\n        </tr>\n    \n        <tr>\n            <td>20.00</td>\n            <td>50.00</td>\n            <td>5.20 * AREA * 0.5</td>\n        </tr>\n    \n        <tr>\n            <td>50.00</td>\n            <td>150.00</td>\n            <td>8 * AREA * 0.50</td>\n        </tr>\n    \n        <tr>\n            <td>150.00</td>\n            <td></td>\n            <td>8.40 * AREA * 0.5</td>\n        </tr>\n    \n</table>','range',NULL,NULL,NULL,'[[to:20.00,value:\"3.0 * AREA * 0.5\",from:0],[to:50.00,value:\"5.20 * AREA * 0.5\",from:20.00],[to:150.00,value:\"8 * AREA * 0.50\",from:50.00],[value:\"8.40 * AREA * 0.5\",from:150.00]]',NULL,1),('RULACT59515aa4:16a3a32fa5e:-5d2f','RACT59515aa4:16a3a32fa5e:-5d47','treasury.actions.UpdateBillItemAmount.billitem',NULL,NULL,'RCOND59515aa4:16a3a32fa5e:-62ac','BILLITEM',NULL,NULL,NULL,NULL,NULL,NULL,NULL,NULL),('RULACT59515aa4:16a3a32fa5e:-5e10','RACT59515aa4:16a3a32fa5e:-5e5b','treasury.actions.UpdateBillItemAmount.amount',NULL,NULL,'RCONST59515aa4:16a3a32fa5e:-74ed','AREA','<table border=\"1\" cellpadding=\"1\" cellspacing=\"0\">\n    <tr>\n        <td colspan=\"3\">Use Variable: AREA</td>\n    </tr>\n    \n        <tr>\n            <th>Greater than</th>\n            <th>Less than or equal to</th>\n            <th>Formula</th>\n        </tr>\n    \n    \n    \n        <tr>\n            <td></td>\n            <td>20.00</td>\n            <td>2.0 * AREA * 0.50</td>\n        </tr>\n    \n        <tr>\n            <td>20.00</td>\n            <td>50.00</td>\n            <td>3.40 * AREA * 0.50</td>\n        </tr>\n    \n        <tr>\n            <td>50.00</td>\n            <td>100.00</td>\n            <td>4.80 * AREA * 0.50</td>\n        </tr>\n    \n        <tr>\n            <td>100.00</td>\n            <td>150.00</td>\n            <td>6.0 * AREA * 0.50</td>\n        </tr>\n    \n        <tr>\n            <td>150.00</td>\n            <td></td>\n            <td>7.20 * AREA * 0.50</td>\n        </tr>\n    \n</table>','range',NULL,NULL,NULL,'[[to:20.00,value:\"2.0 * AREA * 0.50\",from:0],[to:50.00,value:\"3.40 * AREA * 0.50\",from:20.00],[to:100.00,value:\"4.80 * AREA * 0.50\",from:50.00],[to:150.00,value:\"6.0 * AREA * 0.50\",from:100.00],[value:\"7.20 * AREA * 0.50\",from:150.00]]',NULL,1),('RULACT59515aa4:16a3a32fa5e:-5e43','RACT59515aa4:16a3a32fa5e:-5e5b','treasury.actions.UpdateBillItemAmount.billitem',NULL,NULL,'RCOND59515aa4:16a3a32fa5e:-63aa','BILLITEM',NULL,NULL,NULL,NULL,NULL,NULL,NULL,NULL),('RULACT5c26d02a:178f398c3aa:-6cc4','RACT5c26d02a:178f398c3aa:-6d72','workflow.actions.WfExecuteScript.params',NULL,NULL,NULL,NULL,'[\n   refid: WT.refid,\n    reportid: \'obo_assessment\'\n]','expression',NULL,NULL,NULL,NULL,NULL,NULL),('RULACT5c26d02a:178f398c3aa:-6cf8','RACT5c26d02a:178f398c3aa:-6d72','workflow.actions.WfExecuteScript.actionname','send',NULL,NULL,NULL,NULL,NULL,NULL,NULL,NULL,NULL,NULL,NULL),('RULACT5c26d02a:178f398c3aa:-6d4e','RACT5c26d02a:178f398c3aa:-6d72','workflow.actions.WfExecuteScript.scriptname','JasperEmailQueueService',NULL,NULL,NULL,NULL,NULL,NULL,NULL,NULL,NULL,NULL,NULL),('RULACT67dafb9:15b5100218a:-7c98','RACT67dafb9:15b5100218a:-7c9a','treasury.actions.AddBillItem.amount',NULL,NULL,'RCONST7c39e053:1763abc2c56:-7ba8','COST','<table border=\"1\" cellpadding=\"1\" cellspacing=\"0\">\n    <tr>\n        <td colspan=\"3\">Use Variable: COST</td>\n    </tr>\n    \n        <tr>\n            <th>Greater than</th>\n            <th>Less than or equal to</th>\n            <th>Formula</th>\n        </tr>\n    \n    \n    \n        <tr>\n            <td></td>\n            <td>150000.00</td>\n            <td>100</td>\n        </tr>\n    \n        <tr>\n            <td>150000.00</td>\n            <td>400000.00</td>\n            <td>200</td>\n        </tr>\n    \n        <tr>\n            <td>400000.00</td>\n            <td>850000.00</td>\n            <td>400</td>\n        </tr>\n    \n        <tr>\n            <td>850000.00</td>\n            <td>1200000.00</td>\n            <td>800</td>\n        </tr>\n    \n        <tr>\n            <td>1200000.00</td>\n            <td></td>\n            <td>800 +  (Math.ceil((COST-1200000)/1000000) * 800)</td>\n        </tr>\n    \n</table>','range',NULL,NULL,NULL,'[[to:150000.00,value:\"100\",from:0],[to:400000.00,value:\"200\",from:150000.00],[to:850000.00,value:\"400\",from:400000.00],[to:1200000.00,value:\"800\",from:850000.00],[value:\"800 +  (Math.ceil((COST-1200000)/1000000) * 800)\",from:1200000.00]]',NULL,1),('RULACT67f85531:15b22c52b19:-7893','RACT67f85531:15b22c52b19:-7894','ACTPARAM-1bc7542a:15b22baf4c3:-7eb9',NULL,NULL,'RCOND67f85531:15b22c52b19:-78f7','BILLITEM',NULL,NULL,NULL,NULL,NULL,NULL,NULL,NULL),('RULACT6e008a5f:15b6c73a9f2:-7c34','RACT6e008a5f:15b6c73a9f2:-7c37','treasury.actions.UpdateBillItemAmount.amount',NULL,NULL,NULL,NULL,'CUM * 3','expression',NULL,NULL,NULL,NULL,NULL,NULL),('RULACT6e008a5f:15b6c73a9f2:-7c35','RACT6e008a5f:15b6c73a9f2:-7c37','treasury.actions.UpdateBillItemAmount.type',NULL,NULL,NULL,NULL,NULL,NULL,NULL,NULL,NULL,NULL,'ADD',NULL),('RULACT6e008a5f:15b6c73a9f2:-7c36','RACT6e008a5f:15b6c73a9f2:-7c37','treasury.actions.UpdateBillItemAmount.billitem',NULL,NULL,'RCOND6e008a5f:15b6c73a9f2:-7e16','BILLITEM',NULL,NULL,NULL,NULL,NULL,NULL,NULL,NULL),('RULACT7326c266:1763b5535c7:-725d','RACT7326c266:1763b5535c7:-72c2','treasury.actions.UpdateBillItemAmount.amount',NULL,NULL,NULL,NULL,'PENALTY * 0.15','expression',NULL,NULL,NULL,NULL,NULL,NULL),('RULACT7326c266:1763b5535c7:-7280','RACT7326c266:1763b5535c7:-72c2','treasury.actions.UpdateBillItemAmount.type',NULL,NULL,NULL,NULL,NULL,NULL,NULL,NULL,NULL,NULL,'ADD',NULL),('RULACT7326c266:1763b5535c7:-72aa','RACT7326c266:1763b5535c7:-72c2','treasury.actions.UpdateBillItemAmount.billitem',NULL,NULL,'RCOND7326c266:1763b5535c7:-7674','FIREFEE',NULL,NULL,NULL,NULL,NULL,NULL,NULL,NULL),('RULACT75928924:15b1d4d1c53:-7104','RACT75928924:15b1d4d1c53:-718f','treasury.actions.UpdateBillItemAmount.type',NULL,NULL,NULL,NULL,NULL,NULL,NULL,NULL,NULL,NULL,'ADD',NULL),('RULACT75928924:15b1d4d1c53:-718d','RACT75928924:15b1d4d1c53:-718f','treasury.actions.UpdateBillItemAmount.amount',NULL,NULL,'RCONST6cc4d33e:15b3c1e2e72:-71b9','KVA','<table border=\"1\" cellpadding=\"1\" cellspacing=\"0\">\n    <tr>\n        <td colspan=\"3\">Use Variable: KVA</td>\n    </tr>\n    \n        <tr>\n            <th>Greater than</th>\n            <th>Less than or equal to</th>\n            <th>Formula</th>\n        </tr>\n    \n    \n    \n        <tr>\n            <td></td>\n            <td>5.00</td>\n            <td>200</td>\n        </tr>\n    \n        <tr>\n            <td>5.00</td>\n            <td>50.00</td>\n            <td>200 +  ( (KVA-5) * 20 )</td>\n        </tr>\n    \n        <tr>\n            <td>50.00</td>\n            <td>300.00</td>\n            <td>1100 + ( (KVA-50) * 10)</td>\n        </tr>\n    \n        <tr>\n            <td>300.00</td>\n            <td>1500.00</td>\n            <td>3600 + ( (KVA-300) * 5)</td>\n        </tr>\n    \n        <tr>\n            <td>1500.00</td>\n            <td>6000.00</td>\n            <td>9600 + ( (KVA-1500) * 2.5)</td>\n        </tr>\n    \n        <tr>\n            <td>6000.00</td>\n            <td></td>\n            <td>20850 + ( (KVA-6000) * 1.25)</td>\n        </tr>\n    \n</table>','range',NULL,NULL,NULL,'[[to:5.00,value:\"200\",from:0.00],[to:50.00,value:\"200 +  ( (KVA-5) * 20 )\",from:5.00],[to:300.00,value:\"1100 + ( (KVA-50) * 10)\",from:50.00],[to:1500.00,value:\"3600 + ( (KVA-300) * 5)\",from:300.00],[to:6000.00,value:\"9600 + ( (KVA-1500) * 2.5)\",from:1500.00],[value:\"20850 + ( (KVA-6000) * 1.25)\",from:6000.00]]',NULL,1),('RULACT75928924:15b1d4d1c53:-718e','RACT75928924:15b1d4d1c53:-718f','treasury.actions.UpdateBillItemAmount.billitem',NULL,NULL,'RCOND75928924:15b1d4d1c53:-7328','BILLITEM',NULL,NULL,NULL,NULL,NULL,NULL,NULL,NULL),('RULACT79522df:178f7318fbf:-773e','RACT79522df:178f7318fbf:-77ba','workflow.actions.WfExecuteScript.params',NULL,NULL,NULL,NULL,'[\n   appid: WT.refid\n]','expression',NULL,NULL,NULL,NULL,NULL,NULL),('RULACT79522df:178f7318fbf:-776b','RACT79522df:178f7318fbf:-77ba','workflow.actions.WfExecuteScript.actionname','issueDocControlno',NULL,NULL,NULL,NULL,NULL,NULL,NULL,NULL,NULL,NULL,NULL),('RULACT79522df:178f7318fbf:-7796','RACT79522df:178f7318fbf:-77ba','workflow.actions.WfExecuteScript.scriptname','OboAppDocService',NULL,NULL,NULL,NULL,NULL,NULL,NULL,NULL,NULL,NULL,NULL),('RULACT7c39e053:1763abc2c56:-6b5d','RA-d80e3d1:15b50f8025e:-7fe0','treasury.actions.AddBillItem.billcode',NULL,NULL,NULL,NULL,NULL,NULL,NULL,NULL,'OCCUPANCY PERMIT FEE',NULL,NULL,NULL),('RULACT7c39e053:1763abc2c56:-6c31','RA-d80e3d1:15b50f8025e:-7fd9','treasury.actions.AddBillItem.billcode',NULL,NULL,NULL,NULL,NULL,NULL,NULL,NULL,'OCCUPANCY PERMIT FEE',NULL,NULL,NULL),('RULACT7c39e053:1763abc2c56:-71f1','RA-d80e3d1:15b50f8025e:-7fe7','treasury.actions.AddBillItem.billcode',NULL,NULL,NULL,NULL,NULL,NULL,NULL,NULL,'OCCUPANCY PERMIT FEE',NULL,NULL,NULL),('RULACT7c39e053:1763abc2c56:-76c7','RA-d80e3d1:15b50f8025e:-7fee','treasury.actions.AddBillItem.billcode',NULL,NULL,NULL,NULL,NULL,NULL,NULL,NULL,'OCCUPANCY PERMIT FEE',NULL,NULL,NULL),('RULACT7c39e053:1763abc2c56:-775f','RACT67dafb9:15b5100218a:-7c9a','treasury.actions.AddBillItem.billcode',NULL,NULL,NULL,NULL,NULL,NULL,NULL,NULL,'OCCUPANCY PERMIT FEE',NULL,NULL,NULL),('RULACT7c878a78:178fdeed45e:-78c8','RACT7c878a78:178fdeed45e:-7944','workflow.actions.WfExecuteScript.params',NULL,NULL,NULL,NULL,'[  \n    refid: WT.refid,\n    reportid: \'building_permit_email_attachment\' \n] ','expression',NULL,NULL,NULL,NULL,NULL,NULL),('RULACT7c878a78:178fdeed45e:-78f5','RACT7c878a78:178fdeed45e:-7944','workflow.actions.WfExecuteScript.actionname','send',NULL,NULL,NULL,NULL,NULL,NULL,NULL,NULL,NULL,NULL,NULL),('RULACT7c878a78:178fdeed45e:-7920','RACT7c878a78:178fdeed45e:-7944','workflow.actions.WfExecuteScript.scriptname','JasperEmailQueueService',NULL,NULL,NULL,NULL,NULL,NULL,NULL,NULL,NULL,NULL,NULL),('RULACT7c878a78:178fdeed45e:-7c28','RACT7c878a78:178fdeed45e:-7ca4','workflow.actions.WfExecuteScript.params',NULL,NULL,NULL,NULL,'[ appid: WT.refid ]','expression',NULL,NULL,NULL,NULL,NULL,NULL),('RULACT7c878a78:178fdeed45e:-7c55','RACT7c878a78:178fdeed45e:-7ca4','workflow.actions.WfExecuteScript.actionname','validateIssuances',NULL,NULL,NULL,NULL,NULL,NULL,NULL,NULL,NULL,NULL,NULL),('RULACT7c878a78:178fdeed45e:-7c80','RACT7c878a78:178fdeed45e:-7ca4','workflow.actions.WfExecuteScript.scriptname','OboAppDocService',NULL,NULL,NULL,NULL,NULL,NULL,NULL,NULL,NULL,NULL,NULL),('RULACTa4090ca:178e495ba55:-7450','RACTa4090ca:178e495ba55:-74b8','workflow.actions.WfExecuteScript.params',NULL,NULL,NULL,NULL,'[\n    refid: WT.refid \n]','expression',NULL,NULL,NULL,NULL,NULL,NULL),('RULACTa4090ca:178e495ba55:-7476','RACTa4090ca:178e495ba55:-74b8','workflow.actions.WfExecuteScript.actionname','validateRequireFees',NULL,NULL,NULL,NULL,NULL,NULL,NULL,NULL,NULL,NULL,NULL),('RULACTa4090ca:178e495ba55:-749a','RACTa4090ca:178e495ba55:-74b8','workflow.actions.WfExecuteScript.scriptname','OboAppDocService',NULL,NULL,NULL,NULL,NULL,NULL,NULL,NULL,NULL,NULL,NULL),('RULACTa4090ca:178e495ba55:-7842','RACTa4090ca:178e495ba55:-78aa','workflow.actions.WfExecuteScript.params',NULL,NULL,NULL,NULL,'[\n    refid: WT.refid,\n    state: WT.state\n]','expression',NULL,NULL,NULL,NULL,NULL,NULL),('RULACTa4090ca:178e495ba55:-7868','RACTa4090ca:178e495ba55:-78aa','workflow.actions.WfExecuteScript.actionname','joinMainProcess',NULL,NULL,NULL,NULL,NULL,NULL,NULL,NULL,NULL,NULL,NULL),('RULACTa4090ca:178e495ba55:-788c','RACTa4090ca:178e495ba55:-78aa','workflow.actions.WfExecuteScript.scriptname','OboAppTaskitemService',NULL,NULL,NULL,NULL,NULL,NULL,NULL,NULL,NULL,NULL,NULL),('RULACTb3b305a:176400527ad:-67d2','RACTb3b305a:176400527ad:-680b','treasury.actions.UpdateBillItemAmount.amount',NULL,NULL,NULL,NULL,'100','expression',NULL,NULL,NULL,NULL,NULL,NULL),('RULACTb3b305a:176400527ad:-67f3','RACTb3b305a:176400527ad:-680b','treasury.actions.UpdateBillItemAmount.billitem',NULL,NULL,'RCONDb3b305a:176400527ad:-68f0','BILLITEM',NULL,NULL,NULL,NULL,NULL,NULL,NULL,NULL),('RULACTb3b305a:176400527ad:-6a37','RACTb3b305a:176400527ad:-6a8b','treasury.actions.AddBillItem.billcode',NULL,NULL,NULL,NULL,NULL,NULL,NULL,NULL,'FINAL ELECTRICAL INSPECTION FEE (OCCUPANCY)',NULL,NULL,NULL),('RULACTb3b305a:176400527ad:-6a65','RACTb3b305a:176400527ad:-6a8b','treasury.actions.AddBillItem.amount',NULL,NULL,NULL,NULL,'0','expression',NULL,NULL,NULL,NULL,NULL,NULL);
/*!40000 ALTER TABLE `sys_rule_action_param` ENABLE KEYS */;
UNLOCK TABLES;

--
-- Table structure for table `sys_rule_actiondef`
--

DROP TABLE IF EXISTS `sys_rule_actiondef`;
/*!40101 SET @saved_cs_client     = @@character_set_client */;
/*!40101 SET character_set_client = utf8 */;
CREATE TABLE `sys_rule_actiondef` (
  `objid` varchar(50) NOT NULL,
  `name` varchar(50) NOT NULL,
  `title` varchar(250) DEFAULT NULL,
  `sortorder` int(11) DEFAULT NULL,
  `actionname` varchar(50) DEFAULT NULL,
  `domain` varchar(50) DEFAULT NULL,
  `actionclass` varchar(255) DEFAULT NULL,
  PRIMARY KEY (`objid`) USING BTREE
) ENGINE=InnoDB DEFAULT CHARSET=utf8;
/*!40101 SET character_set_client = @saved_cs_client */;

--
-- Dumping data for table `sys_rule_actiondef`
--

LOCK TABLES `sys_rule_actiondef` WRITE;
/*!40000 ALTER TABLE `sys_rule_actiondef` DISABLE KEYS */;
INSERT INTO `sys_rule_actiondef` VALUES ('-9c88384:15b1cf68850:-7ff4','ask-info','Ask Variable Info',1,'ask-info','ENTERPRISE','enterprise.actions.AskInfo'),('enterprise.actions.ThrowException','throw-exception','Throw Exception',1,'throw-exception','ENTERPRISE','enterprise.actions.ThrowException'),('obo.actions.AddBuildingRpuFacts','add-building-rpu','Add Building RPU Facts',1,'add-building-rpu','OBO','obo.actions.AddBuildingRpuFacts'),('obo.actions.ComputeConstructionCost','compute-construction-cost','Compute Construction Cost',1,'compute-construction-cost','OBO','obo.actions.ComputeConstructionCost'),('RULADEF-1bc7542a:15b22baf4c3:-7ec1','remove-billitem','Remove Bill Item',1,'remove-billitem','TREASURY','treasury.actions.RemoveBillItem'),('RULADEF-75b995c:15b18c6b9a6:-7ad0','compute-construction-cost','Compute Construction Cost',1,'compute-construction-cost','OBO','obo.actions.ComputeConstructionCost'),('RULADEF219ddee1:15b1cef71bd:-7d78','add-system-variable','Add System Variable',1,'add-system-variable','ENTERPRISE','enterprise.actions.AddSystemVariable'),('RULADEF6e008a5f:15b6c73a9f2:-6b1d','update-obovariableinfo-amount','Update Obo Variable Info Amount',1,'update-obovariableinfo-amount','OBO','obo.actions.UpdateOboVariableInfoAmount'),('treasury.actions.AddBillItem','add-billitem','Add Bill Item',2,'add-billitem','TREASURY','treasury.actions.AddBillItem'),('treasury.actions.SetBillItemProperty','set-rpu-entry-property','Set RPU Entry Property',1,'set-rpu-entry-property','OBO','treasury.actions.SetBillItemProperty'),('treasury.actions.UpdateBillItemAmount','update-billitem-amount','Update BillItem Amount',1,'update-billitem-amount','TREASURY','treasury.actions.UpdateBillItemAmount'),('workflow.actions.WfExecuteScript','execute-script','Execute Script',1,'execute-script','WORKFLOW','workflow.actions.WfExecuteScript');
/*!40000 ALTER TABLE `sys_rule_actiondef` ENABLE KEYS */;
UNLOCK TABLES;

--
-- Table structure for table `sys_rule_actiondef_param`
--

DROP TABLE IF EXISTS `sys_rule_actiondef_param`;
/*!40101 SET @saved_cs_client     = @@character_set_client */;
/*!40101 SET character_set_client = utf8 */;
CREATE TABLE `sys_rule_actiondef_param` (
  `objid` varchar(100) NOT NULL DEFAULT '',
  `parentid` varchar(50) DEFAULT NULL,
  `name` varchar(50) NOT NULL,
  `sortorder` int(11) DEFAULT NULL,
  `title` varchar(50) DEFAULT NULL,
  `datatype` varchar(50) DEFAULT NULL,
  `handler` varchar(50) DEFAULT NULL,
  `lookuphandler` varchar(50) DEFAULT NULL,
  `lookupkey` varchar(50) DEFAULT NULL,
  `lookupvalue` varchar(50) DEFAULT NULL,
  `vardatatype` varchar(50) DEFAULT NULL,
  `lovname` varchar(50) DEFAULT NULL,
  PRIMARY KEY (`objid`) USING BTREE,
  KEY `parentid` (`parentid`) USING BTREE,
  CONSTRAINT `sys_rule_actiondef_param_ibfk_1` FOREIGN KEY (`parentid`) REFERENCES `sys_rule_actiondef` (`objid`)
) ENGINE=InnoDB DEFAULT CHARSET=utf8;
/*!40101 SET character_set_client = @saved_cs_client */;

--
-- Dumping data for table `sys_rule_actiondef_param`
--

LOCK TABLES `sys_rule_actiondef_param` WRITE;
/*!40000 ALTER TABLE `sys_rule_actiondef_param` DISABLE KEYS */;
INSERT INTO `sys_rule_actiondef_param` VALUES ('-9c88384:15b1cf68850:-7ff2','-9c88384:15b1cf68850:-7ff4','value',2,'Default Value',NULL,'expression',NULL,NULL,NULL,NULL,NULL),('-9c88384:15b1cf68850:-7ff3','-9c88384:15b1cf68850:-7ff4','name',1,'Info Name',NULL,'lookup','obovariable:lookup','name','name','object',NULL),('ACTPARAM-1bc7542a:15b22baf4c3:-7eb9','RULADEF-1bc7542a:15b22baf4c3:-7ec1','billitem',1,'Bill Item',NULL,'var',NULL,NULL,NULL,'treasury.facts.AbstractBillItem',NULL),('ACTPARAM-75b995c:15b18c6b9a6:-7ab9','RULADEF-75b995c:15b18c6b9a6:-7ad0','amount',2,'Amount',NULL,'expression',NULL,NULL,NULL,NULL,NULL),('ACTPARAM-75b995c:15b18c6b9a6:-7ac8','RULADEF-75b995c:15b18c6b9a6:-7ad0','application',1,'OBO Application',NULL,'var',NULL,NULL,NULL,'obo.facts.OboApplication',NULL),('ACTPARAM219ddee1:15b1cef71bd:-7d54','RULADEF219ddee1:15b1cef71bd:-7d78','value',3,'Value',NULL,'expression',NULL,NULL,NULL,NULL,NULL),('ACTPARAM219ddee1:15b1cef71bd:-7d63','RULADEF219ddee1:15b1cef71bd:-7d78','datatype',2,'Data Type',NULL,'lov',NULL,NULL,NULL,NULL,'SYSTEM_INFO_DATATYPE'),('ACTPARAM219ddee1:15b1cef71bd:-7d70','RULADEF219ddee1:15b1cef71bd:-7d78','name',1,'Name','string','string',NULL,NULL,NULL,'string',NULL),('ACTPARAM6e008a5f:15b6c73a9f2:-6b06','RULADEF6e008a5f:15b6c73a9f2:-6b1d','amount',2,'Amount',NULL,'expression',NULL,NULL,NULL,NULL,NULL),('ACTPARAM6e008a5f:15b6c73a9f2:-6b15','RULADEF6e008a5f:15b6c73a9f2:-6b1d','info',1,'Info',NULL,'var',NULL,NULL,NULL,'obo.facts.OboVariableInfo',NULL),('enterprise.actions.ThrowException.msg','enterprise.actions.ThrowException','msg',1,'Message',NULL,'expression',NULL,NULL,NULL,NULL,NULL),('obo.actions.AddBuildingRpuFacts.params','obo.actions.AddBuildingRpuFacts','params',1,'Parameters',NULL,'expression',NULL,NULL,NULL,NULL,NULL),('obo.actions.ComputeConstructionCost.amount','obo.actions.ComputeConstructionCost','amount',2,'Amount',NULL,'expression',NULL,NULL,NULL,NULL,NULL),('obo.actions.ComputeConstructionCost.application','obo.actions.ComputeConstructionCost','application',1,'OBO Building Application',NULL,'var',NULL,NULL,NULL,'obo.facts.BuildingApplication',NULL),('treasury.actions.AddBillItem.account','treasury.actions.AddBillItem','account',1,'Account',NULL,'lookup','revenueitem:lookup','objid','title',NULL,NULL),('treasury.actions.AddBillItem.amount','treasury.actions.AddBillItem','amount',2,'Amount',NULL,'expression',NULL,NULL,NULL,NULL,NULL),('treasury.actions.AddBillItem.billcode','treasury.actions.AddBillItem','billcode',4,'Bill Code',NULL,'lookup','obo_itemaccount:lookup','objid','title','string',NULL),('treasury.actions.AddBillItem.txntype','treasury.actions.AddBillItem','txntype',3,'Txn Type',NULL,'lookup','billitemtype:lookup','objid','title','string',NULL),('treasury.actions.SetBillItemProperty.billitem','treasury.actions.SetBillItemProperty','billitem',1,'Object',NULL,'var',NULL,NULL,NULL,'obo.facts.RPUEntry',NULL),('treasury.actions.SetBillItemProperty.fieldname','treasury.actions.SetBillItemProperty','fieldname',2,'Field Name','string','string',NULL,NULL,NULL,'string',NULL),('treasury.actions.SetBillItemProperty.value','treasury.actions.SetBillItemProperty','value',3,'Value',NULL,'expression',NULL,NULL,NULL,NULL,NULL),('treasury.actions.UpdateBillItemAmount.amount','treasury.actions.UpdateBillItemAmount','amount',3,'Amount',NULL,'expression',NULL,NULL,NULL,NULL,NULL),('treasury.actions.UpdateBillItemAmount.billitem','treasury.actions.UpdateBillItemAmount','billitem',1,'Bill Item',NULL,'var',NULL,NULL,NULL,'treasury.facts.AbstractBillItem',NULL),('treasury.actions.UpdateBillItemAmount.type','treasury.actions.UpdateBillItemAmount','type',2,'Type',NULL,'lov',NULL,NULL,NULL,NULL,'UPDATE_BILLITEM_TYPE'),('workflow.actions.WfExecuteScript.actionname','workflow.actions.WfExecuteScript','actionname',2,'Action Name','string','string',NULL,NULL,NULL,'string',NULL),('workflow.actions.WfExecuteScript.debug','workflow.actions.WfExecuteScript','debug',5,'Debug','boolean','boolean',NULL,NULL,NULL,'boolean',NULL),('workflow.actions.WfExecuteScript.info','workflow.actions.WfExecuteScript','info',4,'Wf Info Object',NULL,'var',NULL,NULL,NULL,'workflow.facts.WfInfo',NULL),('workflow.actions.WfExecuteScript.params','workflow.actions.WfExecuteScript','params',3,'Parameters',NULL,'expression',NULL,NULL,NULL,NULL,NULL),('workflow.actions.WfExecuteScript.scriptname','workflow.actions.WfExecuteScript','scriptname',1,'Script Name','string','string',NULL,NULL,NULL,'string',NULL);
/*!40000 ALTER TABLE `sys_rule_actiondef_param` ENABLE KEYS */;
UNLOCK TABLES;

--
-- Table structure for table `sys_rule_condition`
--

DROP TABLE IF EXISTS `sys_rule_condition`;
/*!40101 SET @saved_cs_client     = @@character_set_client */;
/*!40101 SET character_set_client = utf8 */;
CREATE TABLE `sys_rule_condition` (
  `objid` varchar(50) NOT NULL,
  `parentid` varchar(50) DEFAULT NULL,
  `fact_name` varchar(50) DEFAULT NULL,
  `fact_objid` varchar(50) DEFAULT NULL,
  `varname` varchar(50) DEFAULT NULL,
  `pos` int(11) DEFAULT NULL,
  `ruletext` longtext,
  `displaytext` longtext,
  `dynamic_datatype` varchar(50) DEFAULT NULL,
  `dynamic_key` varchar(50) DEFAULT NULL,
  `dynamic_value` varchar(50) DEFAULT NULL,
  `notexist` int(11) NOT NULL,
  PRIMARY KEY (`objid`) USING BTREE,
  KEY `fact_objid` (`fact_objid`) USING BTREE,
  KEY `parentid` (`parentid`) USING BTREE,
  CONSTRAINT `sys_rule_condition_fact` FOREIGN KEY (`fact_objid`) REFERENCES `sys_rule_fact` (`objid`),
  CONSTRAINT `sys_rule_condition_ibfk_1` FOREIGN KEY (`fact_objid`) REFERENCES `sys_rule_fact` (`objid`),
  CONSTRAINT `sys_rule_condition_ibfk_2` FOREIGN KEY (`parentid`) REFERENCES `sys_rule` (`objid`)
) ENGINE=InnoDB DEFAULT CHARSET=utf8;
/*!40101 SET character_set_client = @saved_cs_client */;

--
-- Dumping data for table `sys_rule_condition`
--

LOCK TABLES `sys_rule_condition` WRITE;
/*!40000 ALTER TABLE `sys_rule_condition` DISABLE KEYS */;
INSERT INTO `sys_rule_condition` VALUES ('RC-10cfc191:15b48bf8d6b:-7ff0','RUL2e43f3c6:15b48c07f72:-78ea','obo.facts.OboIntegerInfo','obo.facts.OboIntegerInfo',NULL,0,NULL,NULL,NULL,NULL,NULL,0),('RC-10cfc191:15b48bf8d6b:-7ff2','RUL2e43f3c6:15b48c07f72:-78ea','treasury.facts.BillItem','treasury.facts.BillItem','BILLITEM',1,NULL,NULL,NULL,NULL,NULL,0),('RC-1b89c680:16a38f14701:-7e90','RUL27db1036:16a38f07d48:-6e8b','treasury.facts.BillItem','treasury.facts.BillItem','BILLITEM',1,NULL,NULL,NULL,NULL,NULL,0),('RC-1b89c680:16a38f14701:-7e93','RUL27db1036:16a38f07d48:-6e8b','obo.facts.OboIntegerInfo','obo.facts.OboIntegerInfo',NULL,1,NULL,NULL,NULL,NULL,NULL,0),('RC-1b89c680:16a38f14701:-7f39','RUL27db1036:16a38f07d48:-75b1','obo.facts.OboIntegerInfo','obo.facts.OboIntegerInfo',NULL,1,NULL,NULL,NULL,NULL,NULL,0),('RC-1b89c680:16a38f14701:-7f3b','RUL27db1036:16a38f07d48:-75b1','treasury.facts.BillItem','treasury.facts.BillItem','BILLITEM',1,NULL,NULL,NULL,NULL,NULL,0),('RC-1b89c680:16a38f14701:-7f42','RUL27db1036:16a38f07d48:-75c2','obo.facts.OboIntegerInfo','obo.facts.OboIntegerInfo',NULL,1,NULL,NULL,NULL,NULL,NULL,0),('RC-1b89c680:16a38f14701:-7f44','RUL27db1036:16a38f07d48:-75c2','treasury.facts.BillItem','treasury.facts.BillItem','BILLITEM',1,NULL,NULL,NULL,NULL,NULL,0),('RC-1b89c680:16a38f14701:-7f54','RUL27db1036:16a38f07d48:-75e4','obo.facts.OboIntegerInfo','obo.facts.OboIntegerInfo',NULL,1,NULL,NULL,NULL,NULL,NULL,0),('RC-1b89c680:16a38f14701:-7f56','RUL27db1036:16a38f07d48:-75e4','treasury.facts.BillItem','treasury.facts.BillItem','BILLITEM',1,NULL,NULL,NULL,NULL,NULL,0),('RC-1b89c680:16a38f14701:-7f5d','RUL27db1036:16a38f07d48:-75f5','obo.facts.OboIntegerInfo','obo.facts.OboIntegerInfo',NULL,1,NULL,NULL,NULL,NULL,NULL,0),('RC-1b89c680:16a38f14701:-7f5f','RUL27db1036:16a38f07d48:-75f5','treasury.facts.BillItem','treasury.facts.BillItem','BILLITEM',1,NULL,NULL,NULL,NULL,NULL,0),('RC-1b89c680:16a38f14701:-7f66','RUL27db1036:16a38f07d48:-7606','obo.facts.OboIntegerInfo','obo.facts.OboIntegerInfo',NULL,1,NULL,NULL,NULL,NULL,NULL,0),('RC-1b89c680:16a38f14701:-7f68','RUL27db1036:16a38f07d48:-7606','treasury.facts.BillItem','treasury.facts.BillItem','BILLITEM',1,NULL,NULL,NULL,NULL,NULL,0),('RC-1b89c680:16a38f14701:-7f6f','RUL27db1036:16a38f07d48:-7617','obo.facts.OboIntegerInfo','obo.facts.OboIntegerInfo',NULL,1,NULL,NULL,NULL,NULL,NULL,0),('RC-1b89c680:16a38f14701:-7f71','RUL27db1036:16a38f07d48:-7617','treasury.facts.BillItem','treasury.facts.BillItem','BILLITEM',1,NULL,NULL,NULL,NULL,NULL,0),('RC-1b89c680:16a38f14701:-7fb7','RUL27db1036:16a38f07d48:-7952','treasury.facts.BillItem','treasury.facts.BillItem','BILLITEM',1,NULL,NULL,NULL,NULL,NULL,0),('RC-1b89c680:16a38f14701:-7fba','RUL27db1036:16a38f07d48:-7952','obo.facts.OboIntegerInfo','obo.facts.OboIntegerInfo',NULL,1,NULL,NULL,NULL,NULL,NULL,0),('RC-3389760c:1763b5a1616:-7ffe','RUL7326c266:1763b5535c7:-7aa3','obo.facts.BuildingInfo','obo.facts.BuildingInfo',NULL,1,NULL,NULL,NULL,NULL,NULL,0),('RC-3389760c:1763b5a1616:-8000','RUL7326c266:1763b5535c7:-7aa3','obo.facts.OboDocument','obo.facts.OboDocument','BD',2,NULL,NULL,NULL,NULL,NULL,0),('RC-3394437b:16a4396e5cb:-7a73','RUL-4267ff2c:16a444aba70:-6950','treasury.facts.BillItem','treasury.facts.BillItem','BILLITEM',1,NULL,NULL,NULL,NULL,NULL,0),('RC-3394437b:16a4396e5cb:-7a76','RUL-4267ff2c:16a444aba70:-6950','obo.facts.OboDecimalInfo','obo.facts.OboDecimalInfo',NULL,0,NULL,NULL,NULL,NULL,NULL,0),('RC-3394437b:16a4396e5cb:-7a94','RUL-4267ff2c:16a444aba70:-6a5e','obo.facts.OboDecimalInfo','obo.facts.OboDecimalInfo',NULL,0,NULL,NULL,NULL,NULL,NULL,0),('RC-3394437b:16a4396e5cb:-7a96','RUL-4267ff2c:16a444aba70:-6a5e','treasury.facts.BillItem','treasury.facts.BillItem','BILLITEM',1,NULL,NULL,NULL,NULL,NULL,0),('RC-3394437b:16a4396e5cb:-7ad5','RUL-4267ff2c:16a444aba70:-6f9a','treasury.facts.BillItem','treasury.facts.BillItem','BILLITEM',2,NULL,NULL,NULL,NULL,NULL,0),('RC-3394437b:16a4396e5cb:-7af5','RUL-4267ff2c:16a444aba70:-7247','treasury.facts.BillItem','treasury.facts.BillItem','BILLITEM',2,NULL,NULL,NULL,NULL,NULL,0),('RC-3394437b:16a4396e5cb:-7b29','RUL-4267ff2c:16a444aba70:-744a','obo.facts.OboDecimalInfo','obo.facts.OboDecimalInfo',NULL,2,NULL,NULL,NULL,NULL,NULL,0),('RC-3394437b:16a4396e5cb:-7b2b','RUL-4267ff2c:16a444aba70:-744a','treasury.facts.BillItem','treasury.facts.BillItem','BILLITEM',2,NULL,NULL,NULL,NULL,NULL,0),('RC-3394437b:16a4396e5cb:-7b36','RUL-4267ff2c:16a444aba70:-7493','obo.facts.OboDecimalInfo','obo.facts.OboDecimalInfo',NULL,2,NULL,NULL,NULL,NULL,NULL,0),('RC-3394437b:16a4396e5cb:-7b38','RUL-4267ff2c:16a444aba70:-7493','treasury.facts.BillItem','treasury.facts.BillItem','BILLITEM',2,NULL,NULL,NULL,NULL,NULL,0),('RC-3394437b:16a4396e5cb:-7bd6','RUL-4267ff2c:16a444aba70:-7b89','treasury.facts.BillItem','treasury.facts.BillItem','BILLITEM',2,NULL,NULL,NULL,NULL,NULL,0),('RC-3394437b:16a4396e5cb:-7bd9','RUL-4267ff2c:16a444aba70:-7b89','obo.facts.OboDecimalInfo','obo.facts.OboDecimalInfo',NULL,2,NULL,NULL,NULL,NULL,NULL,0),('RC-3394437b:16a4396e5cb:-7c10','RUL-4267ff2c:16a444aba70:-7d9d','obo.facts.OboDecimalInfo','obo.facts.OboDecimalInfo',NULL,2,NULL,NULL,NULL,NULL,NULL,0),('RC-3394437b:16a4396e5cb:-7c14','RUL-4267ff2c:16a444aba70:-7d9d','treasury.facts.BillItem','treasury.facts.BillItem','BILLITEM',2,NULL,NULL,NULL,NULL,NULL,0),('RC-3394437b:16a4396e5cb:-7c89','RUL-7385ffbe:16a438b05b7:-5b9d','treasury.facts.BillItem','treasury.facts.BillItem','BILLITEM',2,NULL,NULL,NULL,NULL,NULL,0),('RC-3394437b:16a4396e5cb:-7c8b','RUL-7385ffbe:16a438b05b7:-5b9d','obo.facts.OccupancyType','obo.facts.OccupancyType',NULL,1,NULL,NULL,NULL,NULL,NULL,0),('RC-3394437b:16a4396e5cb:-7c8e','RUL-7385ffbe:16a438b05b7:-5b9d','obo.facts.OboDecimalInfo','obo.facts.OboDecimalInfo',NULL,2,NULL,NULL,NULL,NULL,NULL,0),('RC-3394437b:16a4396e5cb:-7cac','RUL-7385ffbe:16a438b05b7:-5cab','obo.facts.OboDecimalInfo','obo.facts.OboDecimalInfo',NULL,2,NULL,NULL,NULL,NULL,NULL,0),('RC-3394437b:16a4396e5cb:-7cae','RUL-7385ffbe:16a438b05b7:-5cab','obo.facts.OccupancyType','obo.facts.OccupancyType',NULL,1,NULL,NULL,NULL,NULL,NULL,0),('RC-3394437b:16a4396e5cb:-7cb0','RUL-7385ffbe:16a438b05b7:-5cab','treasury.facts.BillItem','treasury.facts.BillItem','BILLITEM',2,NULL,NULL,NULL,NULL,NULL,0),('RC-3394437b:16a4396e5cb:-7e9c','RUL-7385ffbe:16a438b05b7:-6f3a','obo.facts.OboDecimalInfo','obo.facts.OboDecimalInfo',NULL,2,NULL,NULL,NULL,NULL,NULL,0),('RC-3394437b:16a4396e5cb:-7e9e','RUL-7385ffbe:16a438b05b7:-6f3a','obo.facts.OccupancyType','obo.facts.OccupancyType',NULL,1,NULL,NULL,NULL,NULL,NULL,0),('RC-3394437b:16a4396e5cb:-7ea0','RUL-7385ffbe:16a438b05b7:-6f3a','treasury.facts.BillItem','treasury.facts.BillItem','BILLITEM',2,NULL,NULL,NULL,NULL,NULL,0),('RC-3394437b:16a4396e5cb:-7eac','RUL-7385ffbe:16a438b05b7:-6f77','obo.facts.OboDecimalInfo','obo.facts.OboDecimalInfo',NULL,2,NULL,NULL,NULL,NULL,NULL,0),('RC-3394437b:16a4396e5cb:-7eae','RUL-7385ffbe:16a438b05b7:-6f77','obo.facts.OccupancyType','obo.facts.OccupancyType',NULL,1,NULL,NULL,NULL,NULL,NULL,0),('RC-3394437b:16a4396e5cb:-7eb0','RUL-7385ffbe:16a438b05b7:-6f77','treasury.facts.BillItem','treasury.facts.BillItem','BILLITEM',2,NULL,NULL,NULL,NULL,NULL,0),('RC-3394437b:16a4396e5cb:-7ebb','RUL-7385ffbe:16a438b05b7:-6fb0','treasury.facts.BillItem','treasury.facts.BillItem','BILLITEM',2,NULL,NULL,NULL,NULL,NULL,0),('RC-3394437b:16a4396e5cb:-7ebd','RUL-7385ffbe:16a438b05b7:-6fb0','obo.facts.OccupancyType','obo.facts.OccupancyType',NULL,1,NULL,NULL,NULL,NULL,NULL,0),('RC-3394437b:16a4396e5cb:-7ec0','RUL-7385ffbe:16a438b05b7:-6fb0','obo.facts.OboDecimalInfo','obo.facts.OboDecimalInfo',NULL,2,NULL,NULL,NULL,NULL,NULL,0),('RC-3394437b:16a4396e5cb:-7ecd','RUL-7385ffbe:16a438b05b7:-6feb','treasury.facts.BillItem','treasury.facts.BillItem','BILLITEM',2,NULL,NULL,NULL,NULL,NULL,0),('RC-3394437b:16a4396e5cb:-7ecf','RUL-7385ffbe:16a438b05b7:-6feb','obo.facts.OccupancyType','obo.facts.OccupancyType',NULL,1,NULL,NULL,NULL,NULL,NULL,0),('RC-3394437b:16a4396e5cb:-7ed2','RUL-7385ffbe:16a438b05b7:-6feb','obo.facts.OboDecimalInfo','obo.facts.OboDecimalInfo',NULL,2,NULL,NULL,NULL,NULL,NULL,0),('RC-3394437b:16a4396e5cb:-7ed7','RUL-7385ffbe:16a438b05b7:-6ffc','treasury.facts.BillItem','treasury.facts.BillItem','BILLITEM',2,NULL,NULL,NULL,NULL,NULL,0),('RC-3394437b:16a4396e5cb:-7ed9','RUL-7385ffbe:16a438b05b7:-6ffc','obo.facts.OccupancyType','obo.facts.OccupancyType',NULL,1,NULL,NULL,NULL,NULL,NULL,0),('RC-3394437b:16a4396e5cb:-7edc','RUL-7385ffbe:16a438b05b7:-6ffc','obo.facts.OboDecimalInfo','obo.facts.OboDecimalInfo',NULL,2,NULL,NULL,NULL,NULL,NULL,0),('RC-3394437b:16a4396e5cb:-7ef6','RUL-7385ffbe:16a438b05b7:-7085','obo.facts.OboDecimalInfo','obo.facts.OboDecimalInfo',NULL,2,NULL,NULL,NULL,NULL,NULL,0),('RC-3394437b:16a4396e5cb:-7ef8','RUL-7385ffbe:16a438b05b7:-7085','obo.facts.OccupancyType','obo.facts.OccupancyType',NULL,1,NULL,NULL,NULL,NULL,NULL,0),('RC-3394437b:16a4396e5cb:-7efa','RUL-7385ffbe:16a438b05b7:-7085','treasury.facts.BillItem','treasury.facts.BillItem','BILLITEM',2,NULL,NULL,NULL,NULL,NULL,0),('RC-37d558f5:16a4fd0d79e:-7f6b','RUL-29595738:16a4fbe79ee:-79fe','obo.facts.BuildingInfo','obo.facts.BuildingInfo',NULL,0,NULL,NULL,NULL,NULL,NULL,0),('RC-37d558f5:16a4fd0d79e:-7f6d','RUL-29595738:16a4fbe79ee:-79fe','obo.facts.OccupancyType','obo.facts.OccupancyType',NULL,1,NULL,NULL,NULL,NULL,NULL,0),('RC-37d558f5:16a4fd0d79e:-7fa5','RUL-29595738:16a4fbe79ee:-7bd1','obo.facts.OccupancyType','obo.facts.OccupancyType',NULL,1,NULL,NULL,NULL,NULL,NULL,0),('RC-37d558f5:16a4fd0d79e:-7fa7','RUL-29595738:16a4fbe79ee:-7bd1','obo.facts.BuildingInfo','obo.facts.BuildingInfo',NULL,0,NULL,NULL,NULL,NULL,NULL,0),('RC-37d558f5:16a4fd0d79e:-7fba','RUL-29595738:16a4fbe79ee:-7d01','obo.facts.BuildingInfo','obo.facts.BuildingInfo',NULL,0,NULL,NULL,NULL,NULL,NULL,0),('RC-37d558f5:16a4fd0d79e:-7fbc','RUL-29595738:16a4fbe79ee:-7d01','obo.facts.OccupancyType','obo.facts.OccupancyType',NULL,1,NULL,NULL,NULL,NULL,NULL,0),('RC-37d558f5:16a4fd0d79e:-7fd9','RUL-29595738:16a4fbe79ee:-7de3','obo.facts.OccupancyType','obo.facts.OccupancyType',NULL,1,NULL,NULL,NULL,NULL,NULL,0),('RC-37d558f5:16a4fd0d79e:-7fdb','RUL-29595738:16a4fbe79ee:-7de3','obo.facts.BuildingInfo','obo.facts.BuildingInfo',NULL,0,NULL,NULL,NULL,NULL,NULL,0),('RC-37d558f5:16a4fd0d79e:-7ff6','RUL-29595738:16a4fbe79ee:-7ef1','obo.facts.BuildingInfo','obo.facts.BuildingInfo',NULL,0,NULL,NULL,NULL,NULL,NULL,0),('RC-37d558f5:16a4fd0d79e:-7ff8','RUL-29595738:16a4fbe79ee:-7ef1','obo.facts.OccupancyType','obo.facts.OccupancyType',NULL,1,NULL,NULL,NULL,NULL,NULL,0),('RC-39c9f5f6:16a4e3b1db2:-7fa0','RUL-301ccfbb:16a4e3ad539:-7c37','treasury.facts.BillItem','treasury.facts.BillItem','BILLITEM',1,NULL,NULL,NULL,NULL,NULL,0),('RC-39c9f5f6:16a4e3b1db2:-7fa3','RUL-301ccfbb:16a4e3ad539:-7c37','obo.facts.OboDecimalInfo','obo.facts.OboDecimalInfo',NULL,0,NULL,NULL,NULL,NULL,NULL,0),('RC-3d8191a1:17936ba3f16:-7ff0','RUL-49489680:17936c381df:-7717','workflow.facts.WfTaskResult','workflow.facts.WfTaskResult','WT',0,NULL,NULL,NULL,NULL,NULL,0),('RC-4dbf9d19:15bf4e01a24:-7fc5','RUL-181817d3:15bf4e3b890:-7862','treasury.facts.BillItem','treasury.facts.BillItem','BILLITEM',2,NULL,NULL,NULL,NULL,NULL,0),('RC-4dbf9d19:15bf4e01a24:-7fc8','RUL-181817d3:15bf4e3b890:-7862','obo.facts.OboDecimalInfo','obo.facts.OboDecimalInfo',NULL,3,NULL,NULL,NULL,NULL,NULL,0),('RC-4dbf9d19:15bf4e01a24:-7fd2','RUL-181817d3:15bf4e3b890:-7873','treasury.facts.BillItem','treasury.facts.BillItem','BILLITEM',2,NULL,NULL,NULL,NULL,NULL,0),('RC-4dbf9d19:15bf4e01a24:-7fd5','RUL-181817d3:15bf4e3b890:-7873','obo.facts.OboDecimalInfo','obo.facts.OboDecimalInfo',NULL,3,NULL,NULL,NULL,NULL,NULL,0),('RC-4dbf9d19:15bf4e01a24:-7fdf','RUL-181817d3:15bf4e3b890:-7abf','treasury.facts.BillItem','treasury.facts.BillItem','BILLITEM',2,NULL,NULL,NULL,NULL,NULL,0),('RC-4dbf9d19:15bf4e01a24:-7fe2','RUL-181817d3:15bf4e3b890:-7abf','obo.facts.OboDecimalInfo','obo.facts.OboDecimalInfo',NULL,3,NULL,NULL,NULL,NULL,NULL,0),('RC-4dbf9d19:15bf4e01a24:-7fec','RUL-181817d3:15bf4e3b890:-7ad0','treasury.facts.BillItem','treasury.facts.BillItem','BILLITEM',2,NULL,NULL,NULL,NULL,NULL,0),('RC-4dbf9d19:15bf4e01a24:-7fef','RUL-181817d3:15bf4e3b890:-7ad0','obo.facts.OboDecimalInfo','obo.facts.OboDecimalInfo',NULL,3,NULL,NULL,NULL,NULL,NULL,0),('RC-52beabf2:15b3c40641b:-7fc3','RUL-108b4192:15b3d234d5c:-698a','obo.facts.OboDecimalInfo','obo.facts.OboDecimalInfo',NULL,1,NULL,NULL,NULL,NULL,NULL,0),('RC-52beabf2:15b3c40641b:-7fc5','RUL-108b4192:15b3d234d5c:-698a','treasury.facts.BillItem','treasury.facts.BillItem','BILLITEM',0,NULL,NULL,NULL,NULL,NULL,0),('RC-52beabf2:15b3c40641b:-7fcb','RUL-108b4192:15b3d234d5c:-6ad6','treasury.facts.BillItem','treasury.facts.BillItem','BILLITEM',0,NULL,NULL,NULL,NULL,NULL,0),('RC-52beabf2:15b3c40641b:-7fce','RUL-108b4192:15b3d234d5c:-6ad6','obo.facts.OboDecimalInfo','obo.facts.OboDecimalInfo',NULL,1,NULL,NULL,NULL,NULL,NULL,0),('RC-52beabf2:15b3c40641b:-7fd4','RUL-108b4192:15b3d234d5c:-6c55','treasury.facts.BillItem','treasury.facts.BillItem','BILLITEM',0,NULL,NULL,NULL,NULL,NULL,0),('RC-52beabf2:15b3c40641b:-7fd7','RUL-108b4192:15b3d234d5c:-6c55','obo.facts.OboDecimalInfo','obo.facts.OboDecimalInfo',NULL,1,NULL,NULL,NULL,NULL,NULL,0),('RC-52beabf2:15b3c40641b:-7fde','RUL-108b4192:15b3d234d5c:-73c4','obo.facts.OboDecimalInfo','obo.facts.OboDecimalInfo',NULL,1,NULL,NULL,NULL,NULL,NULL,0),('RC-52beabf2:15b3c40641b:-7fe0','RUL-108b4192:15b3d234d5c:-73c4','treasury.facts.BillItem','treasury.facts.BillItem','BILLITEM',0,NULL,NULL,NULL,NULL,NULL,0),('RC-52beabf2:15b3c40641b:-7ff4','RUL6cc4d33e:15b3c1e2e72:-4e7a','treasury.facts.BillItem','treasury.facts.BillItem','BILLITEM',1,NULL,NULL,NULL,NULL,NULL,0),('RC-53717d20:15b4db8478f:-7fba','RUL4cf13b0:15b4dbc7b17:-769d','treasury.facts.BillItem','treasury.facts.BillItem','BILLITEM',1,NULL,NULL,NULL,NULL,NULL,0),('RC-53717d20:15b4db8478f:-7fcd','RUL4cf13b0:15b4dbc7b17:-78b3','obo.facts.OboIntegerInfo','obo.facts.OboIntegerInfo',NULL,0,NULL,NULL,NULL,NULL,NULL,0),('RC-53717d20:15b4db8478f:-7fcf','RUL4cf13b0:15b4dbc7b17:-78b3','treasury.facts.BillItem','treasury.facts.BillItem','BILLITEM',1,NULL,NULL,NULL,NULL,NULL,0),('RC-53717d20:15b4db8478f:-7fd6','RUL4cf13b0:15b4dbc7b17:-78c4','obo.facts.OboIntegerInfo','obo.facts.OboIntegerInfo',NULL,0,NULL,NULL,NULL,NULL,NULL,0),('RC-53717d20:15b4db8478f:-7fd8','RUL4cf13b0:15b4dbc7b17:-78c4','treasury.facts.BillItem','treasury.facts.BillItem','BILLITEM',1,NULL,NULL,NULL,NULL,NULL,0),('RC-53717d20:15b4db8478f:-7fdf','RUL4cf13b0:15b4dbc7b17:-7d2e','obo.facts.OboIntegerInfo','obo.facts.OboIntegerInfo',NULL,0,NULL,NULL,NULL,NULL,NULL,0),('RC-53717d20:15b4db8478f:-7fe1','RUL4cf13b0:15b4dbc7b17:-7d2e','treasury.facts.BillItem','treasury.facts.BillItem','BILLITEM',1,NULL,NULL,NULL,NULL,NULL,0),('RC-53717d20:15b4db8478f:-7fe7','RUL4cf13b0:15b4dbc7b17:-7e4b','treasury.facts.BillItem','treasury.facts.BillItem','BILLITEM',1,NULL,NULL,NULL,NULL,NULL,0),('RC-53717d20:15b4db8478f:-7fea','RUL4cf13b0:15b4dbc7b17:-7e4b','obo.facts.OboIntegerInfo','obo.facts.OboIntegerInfo',NULL,0,NULL,NULL,NULL,NULL,NULL,0),('RC-53717d20:15b4db8478f:-7ff0','RUL4cf13b0:15b4dbc7b17:-7e5c','treasury.facts.BillItem','treasury.facts.BillItem','BILLITEM',1,NULL,NULL,NULL,NULL,NULL,0),('RC-53717d20:15b4db8478f:-7ff3','RUL4cf13b0:15b4dbc7b17:-7e5c','obo.facts.OboIntegerInfo','obo.facts.OboIntegerInfo',NULL,0,NULL,NULL,NULL,NULL,NULL,0),('RC-59612f04:15b6c1c41a7:-7fc2','RUL6e008a5f:15b6c73a9f2:-71ec','treasury.facts.BillItem','treasury.facts.BillItem','BILLITEM',0,NULL,NULL,NULL,NULL,NULL,0),('RC-59612f04:15b6c1c41a7:-7fc5','RUL6e008a5f:15b6c73a9f2:-71ec','obo.facts.OboDecimalInfo','obo.facts.OboDecimalInfo','INFO',1,NULL,NULL,NULL,NULL,NULL,0),('RC-59612f04:15b6c1c41a7:-7fd0','RUL6e008a5f:15b6c73a9f2:-721e','obo.facts.OboDecimalInfo','obo.facts.OboDecimalInfo',NULL,1,NULL,NULL,NULL,NULL,NULL,0),('RC-59612f04:15b6c1c41a7:-7fd2','RUL6e008a5f:15b6c73a9f2:-721e','treasury.facts.BillItem','treasury.facts.BillItem','BILLITEM',0,NULL,NULL,NULL,NULL,NULL,0),('RC-59612f04:15b6c1c41a7:-7fd8','RUL6e008a5f:15b6c73a9f2:-7250','treasury.facts.BillItem','treasury.facts.BillItem','BILLITEM',0,NULL,NULL,NULL,NULL,NULL,0),('RC-59612f04:15b6c1c41a7:-7fdb','RUL6e008a5f:15b6c73a9f2:-7250','obo.facts.OboDecimalInfo','obo.facts.OboDecimalInfo',NULL,1,NULL,NULL,NULL,NULL,NULL,0),('RC-59612f04:15b6c1c41a7:-7fe6','RUL6e008a5f:15b6c73a9f2:-7ba0','obo.facts.OboDecimalInfo','obo.facts.OboDecimalInfo',NULL,1,NULL,NULL,NULL,NULL,NULL,0),('RC-59612f04:15b6c1c41a7:-7fe8','RUL6e008a5f:15b6c73a9f2:-7ba0','treasury.facts.BillItem','treasury.facts.BillItem','BILLITEM',0,NULL,NULL,NULL,NULL,NULL,0),('RC-59612f04:15b6c1c41a7:-7fee','RUL6e008a5f:15b6c73a9f2:-7bdf','treasury.facts.BillItem','treasury.facts.BillItem','BILLITEM',0,NULL,NULL,NULL,NULL,NULL,0),('RC-59612f04:15b6c1c41a7:-7ff1','RUL6e008a5f:15b6c73a9f2:-7bdf','obo.facts.OboDecimalInfo','obo.facts.OboDecimalInfo',NULL,1,NULL,NULL,NULL,NULL,NULL,0),('RC-640d0dca:178e51a8ae8:-7ff4','RUL202450a2:178e51c747b:-7c39','workflow.facts.WfTaskResult','workflow.facts.WfTaskResult','WT',1,NULL,NULL,NULL,NULL,NULL,0),('RC-640d0dca:178e51a8ae8:-7ffc','RUL202450a2:178e51c747b:-7c5a','workflow.facts.WfTaskResult','workflow.facts.WfTaskResult','WT',1,NULL,NULL,NULL,NULL,NULL,0),('RC-66680c7b:15b3c241e07:-7ff2','RUL6cc4d33e:15b3c1e2e72:-708f','treasury.facts.BillItem','treasury.facts.BillItem','BILLITEM',1,NULL,NULL,NULL,NULL,NULL,0),('RC-709c4bfe:17916efdcce:-8000','RUL5df0950f:17916da5516:-6c0d','workflow.facts.WfTransition','workflow.facts.WfTransition','WT',0,NULL,NULL,NULL,NULL,NULL,0),('RC-75b062b8:1796f05369d:-7fad','RUL7ff72a12:1796f2a520c:-7c2c','workflow.facts.WfTaskResult','workflow.facts.WfTaskResult','WT',0,NULL,NULL,NULL,NULL,NULL,0),('RC-7791fca7:1763ff8a714:-7fcd','RULb3b305a:176400527ad:-6c3f','obo.facts.OboDocument','obo.facts.OboDocument','DOC',0,NULL,NULL,NULL,NULL,NULL,0),('RC-d96c4a7:15bf6365df9:-7fe3','RUL-181817d3:15bf4e3b890:-8e0','obo.facts.OboDecimalInfo','obo.facts.OboDecimalInfo',NULL,2,NULL,NULL,NULL,NULL,NULL,0),('RC-d96c4a7:15bf6365df9:-7fe8','RUL-181817d3:15bf4e3b890:-8e0','treasury.facts.BillItem','treasury.facts.BillItem','BILLITEM',0,NULL,NULL,NULL,NULL,NULL,0),('RC16c3fcb:16a3a19e4b9:-7a7b','RUL59515aa4:16a3a32fa5e:-3fb8','obo.facts.OboDecimalInfo','obo.facts.OboDecimalInfo',NULL,2,NULL,NULL,NULL,NULL,NULL,0),('RC16c3fcb:16a3a19e4b9:-7a7d','RUL59515aa4:16a3a32fa5e:-3fb8','obo.facts.OccupancyType','obo.facts.OccupancyType',NULL,1,NULL,NULL,NULL,NULL,NULL,0),('RC16c3fcb:16a3a19e4b9:-7a7f','RUL59515aa4:16a3a32fa5e:-3fb8','treasury.facts.BillItem','treasury.facts.BillItem','BILLITEM',2,NULL,NULL,NULL,NULL,NULL,0),('RC16c3fcb:16a3a19e4b9:-7a87','RUL59515aa4:16a3a32fa5e:-3fec','obo.facts.OboDecimalInfo','obo.facts.OboDecimalInfo',NULL,2,NULL,NULL,NULL,NULL,NULL,0),('RC16c3fcb:16a3a19e4b9:-7a89','RUL59515aa4:16a3a32fa5e:-3fec','obo.facts.OccupancyType','obo.facts.OccupancyType',NULL,1,NULL,NULL,NULL,NULL,NULL,0),('RC16c3fcb:16a3a19e4b9:-7a8b','RUL59515aa4:16a3a32fa5e:-3fec','treasury.facts.BillItem','treasury.facts.BillItem','BILLITEM',2,NULL,NULL,NULL,NULL,NULL,0),('RC16c3fcb:16a3a19e4b9:-7a94','RUL59515aa4:16a3a32fa5e:-4020','treasury.facts.BillItem','treasury.facts.BillItem','BILLITEM',2,NULL,NULL,NULL,NULL,NULL,0),('RC16c3fcb:16a3a19e4b9:-7a96','RUL59515aa4:16a3a32fa5e:-4020','obo.facts.OccupancyType','obo.facts.OccupancyType',NULL,1,NULL,NULL,NULL,NULL,NULL,0),('RC16c3fcb:16a3a19e4b9:-7a99','RUL59515aa4:16a3a32fa5e:-4020','obo.facts.OboDecimalInfo','obo.facts.OboDecimalInfo',NULL,2,NULL,NULL,NULL,NULL,NULL,0),('RC16c3fcb:16a3a19e4b9:-7acc','RUL59515aa4:16a3a32fa5e:-41fd','treasury.facts.BillItem','treasury.facts.BillItem','BILLITEM',2,NULL,NULL,NULL,NULL,NULL,0),('RC16c3fcb:16a3a19e4b9:-7ace','RUL59515aa4:16a3a32fa5e:-41fd','obo.facts.OccupancyType','obo.facts.OccupancyType',NULL,1,NULL,NULL,NULL,NULL,NULL,0),('RC16c3fcb:16a3a19e4b9:-7ad1','RUL59515aa4:16a3a32fa5e:-41fd','obo.facts.OboDecimalInfo','obo.facts.OboDecimalInfo',NULL,2,NULL,NULL,NULL,NULL,NULL,0),('RC16c3fcb:16a3a19e4b9:-7ad6','RUL59515aa4:16a3a32fa5e:-420e','treasury.facts.BillItem','treasury.facts.BillItem','BILLITEM',2,NULL,NULL,NULL,NULL,NULL,0),('RC16c3fcb:16a3a19e4b9:-7ad8','RUL59515aa4:16a3a32fa5e:-420e','obo.facts.OccupancyType','obo.facts.OccupancyType',NULL,1,NULL,NULL,NULL,NULL,NULL,0),('RC16c3fcb:16a3a19e4b9:-7adb','RUL59515aa4:16a3a32fa5e:-420e','obo.facts.OboDecimalInfo','obo.facts.OboDecimalInfo',NULL,2,NULL,NULL,NULL,NULL,NULL,0),('RC16c3fcb:16a3a19e4b9:-7afd','RUL59515aa4:16a3a32fa5e:-43ab','obo.facts.OboDecimalInfo','obo.facts.OboDecimalInfo',NULL,2,NULL,NULL,NULL,NULL,NULL,0),('RC16c3fcb:16a3a19e4b9:-7aff','RUL59515aa4:16a3a32fa5e:-43ab','obo.facts.OccupancyType','obo.facts.OccupancyType',NULL,1,NULL,NULL,NULL,NULL,NULL,0),('RC16c3fcb:16a3a19e4b9:-7b01','RUL59515aa4:16a3a32fa5e:-43ab','treasury.facts.BillItem','treasury.facts.BillItem','BILLITEM',2,NULL,NULL,NULL,NULL,NULL,0),('RC16c3fcb:16a3a19e4b9:-7b28','RUL59515aa4:16a3a32fa5e:-4513','obo.facts.OboDecimalInfo','obo.facts.OboDecimalInfo',NULL,0,NULL,NULL,NULL,NULL,NULL,0),('RC16c3fcb:16a3a19e4b9:-7b2a','RUL59515aa4:16a3a32fa5e:-4513','treasury.facts.BillItem','treasury.facts.BillItem','BILLITEM',1,NULL,NULL,NULL,NULL,NULL,0),('RC16c3fcb:16a3a19e4b9:-7f1f','RUL59515aa4:16a3a32fa5e:-7792','obo.facts.OccupancyType','obo.facts.OccupancyType',NULL,1,NULL,NULL,NULL,NULL,NULL,0),('RC16c3fcb:16a3a19e4b9:-7f2b','RUL59515aa4:16a3a32fa5e:-77c6','obo.facts.OccupancyType','obo.facts.OccupancyType',NULL,2,NULL,NULL,NULL,NULL,NULL,0),('RC16c3fcb:16a3a19e4b9:-7f36','RUL59515aa4:16a3a32fa5e:-77fa','obo.facts.OccupancyType','obo.facts.OccupancyType',NULL,2,NULL,NULL,NULL,NULL,NULL,0),('RC16c3fcb:16a3a19e4b9:-7f41','RUL59515aa4:16a3a32fa5e:-782e','obo.facts.OccupancyType','obo.facts.OccupancyType',NULL,2,NULL,NULL,NULL,NULL,NULL,0),('RC16c3fcb:16a3a19e4b9:-7f4f','RUL59515aa4:16a3a32fa5e:-7883','obo.facts.OccupancyType','obo.facts.OccupancyType',NULL,2,NULL,NULL,NULL,NULL,NULL,0),('RC1af7b1b4:178ceda2daf:-8000','RUL15a848a4:178ce76b7fe:-71f9','workflow.facts.WfTaskResult','workflow.facts.WfTaskResult','WT',0,NULL,NULL,NULL,NULL,NULL,0),('RC1cbabe6f:15bf507af61:-7fca','RUL-181817d3:15bf4e3b890:-29cc','obo.facts.OboDecimalInfo','obo.facts.OboDecimalInfo',NULL,1,NULL,NULL,NULL,NULL,NULL,0),('RC1cbabe6f:15bf507af61:-7fcc','RUL-181817d3:15bf4e3b890:-29cc','treasury.facts.BillItem','treasury.facts.BillItem','BILLITEM',0,NULL,NULL,NULL,NULL,NULL,0),('RC1cbabe6f:15bf507af61:-7fd2','RUL-181817d3:15bf4e3b890:-2b06','treasury.facts.BillItem','treasury.facts.BillItem','BILLITEM',0,NULL,NULL,NULL,NULL,NULL,0),('RC1cbabe6f:15bf507af61:-7fd5','RUL-181817d3:15bf4e3b890:-2b06','obo.facts.OboDecimalInfo','obo.facts.OboDecimalInfo',NULL,1,NULL,NULL,NULL,NULL,NULL,0),('RC1cbabe6f:15bf507af61:-7fdb','RUL-181817d3:15bf4e3b890:-3079','treasury.facts.BillItem','treasury.facts.BillItem','BILLITEM',1,NULL,NULL,NULL,NULL,NULL,0),('RC1cbabe6f:15bf507af61:-7fde','RUL-181817d3:15bf4e3b890:-3079','obo.facts.OboDecimalInfo','obo.facts.OboDecimalInfo',NULL,0,NULL,NULL,NULL,NULL,NULL,0),('RC1cbabe6f:15bf507af61:-7fe5','RUL-181817d3:15bf4e3b890:-3186','obo.facts.OboDecimalInfo','obo.facts.OboDecimalInfo',NULL,0,NULL,NULL,NULL,NULL,NULL,0),('RC1cbabe6f:15bf507af61:-7fe7','RUL-181817d3:15bf4e3b890:-3186','treasury.facts.BillItem','treasury.facts.BillItem','BILLITEM',1,NULL,NULL,NULL,NULL,NULL,0),('RC1cbabe6f:15bf507af61:-7ff2','RUL-181817d3:15bf4e3b890:-415b','obo.facts.OboDecimalInfo','obo.facts.OboDecimalInfo',NULL,1,NULL,NULL,NULL,NULL,NULL,0),('RC1cbabe6f:15bf507af61:-7ff4','RUL-181817d3:15bf4e3b890:-415b','treasury.facts.BillItem','treasury.facts.BillItem','BILLITEM',0,NULL,NULL,NULL,NULL,NULL,0),('RC28a83f44:15b74c946cb:-7f39','RUL-50300c99:15b7626649d:-5330','obo.facts.OboDecimalInfo','obo.facts.OboDecimalInfo',NULL,1,NULL,NULL,NULL,NULL,NULL,0),('RC28a83f44:15b74c946cb:-7f3b','RUL-50300c99:15b7626649d:-5330','treasury.facts.BillItem','treasury.facts.BillItem','BILLITEM',0,NULL,NULL,NULL,NULL,NULL,0),('RC28a83f44:15b74c946cb:-7f44','RUL-50300c99:15b7626649d:-56a6','treasury.facts.BillItem','treasury.facts.BillItem','BILLITEM',0,NULL,NULL,NULL,NULL,NULL,0),('RC28a83f44:15b74c946cb:-7f4a','RUL-50300c99:15b7626649d:-5807','treasury.facts.BillItem','treasury.facts.BillItem','BILLITEM',0,NULL,NULL,NULL,NULL,NULL,0),('RC28a83f44:15b74c946cb:-7f4d','RUL-50300c99:15b7626649d:-5807','obo.facts.OboDecimalInfo','obo.facts.OboDecimalInfo',NULL,1,NULL,NULL,NULL,NULL,NULL,0),('RC28a83f44:15b74c946cb:-7f54','RUL-50300c99:15b7626649d:-5c39','obo.facts.OboDecimalInfo','obo.facts.OboDecimalInfo',NULL,1,NULL,NULL,NULL,NULL,NULL,0),('RC28a83f44:15b74c946cb:-7f56','RUL-50300c99:15b7626649d:-5c39','treasury.facts.BillItem','treasury.facts.BillItem','BILLITEM',0,NULL,NULL,NULL,NULL,NULL,0),('RC28a83f44:15b74c946cb:-7f5c','RUL-50300c99:15b7626649d:-66a4','treasury.facts.BillItem','treasury.facts.BillItem','BILLITEM',0,NULL,NULL,NULL,NULL,NULL,0),('RC28a83f44:15b74c946cb:-7f5f','RUL-50300c99:15b7626649d:-66a4','obo.facts.OboDecimalInfo','obo.facts.OboDecimalInfo',NULL,1,NULL,NULL,NULL,NULL,NULL,0),('RC28a83f44:15b74c946cb:-7f65','RUL-50300c99:15b7626649d:-66b5','treasury.facts.BillItem','treasury.facts.BillItem','BILLITEM',0,NULL,NULL,NULL,NULL,NULL,0),('RC28a83f44:15b74c946cb:-7f68','RUL-50300c99:15b7626649d:-66b5','obo.facts.OboDecimalInfo','obo.facts.OboDecimalInfo',NULL,1,NULL,NULL,NULL,NULL,NULL,0),('RC28a83f44:15b74c946cb:-7f6e','RUL-50300c99:15b7626649d:-66c6','treasury.facts.BillItem','treasury.facts.BillItem','BILLITEM',0,NULL,NULL,NULL,NULL,NULL,0),('RC28a83f44:15b74c946cb:-7f71','RUL-50300c99:15b7626649d:-66c6','obo.facts.OboDecimalInfo','obo.facts.OboDecimalInfo',NULL,1,NULL,NULL,NULL,NULL,NULL,0),('RC28a83f44:15b74c946cb:-7f77','RUL-50300c99:15b7626649d:-6710','treasury.facts.BillItem','treasury.facts.BillItem','BILLITEM',0,NULL,NULL,NULL,NULL,NULL,0),('RC28a83f44:15b74c946cb:-7f8e','RUL-50300c99:15b7626649d:-6cee','obo.facts.OboDecimalInfo','obo.facts.OboDecimalInfo',NULL,1,NULL,NULL,NULL,NULL,NULL,0),('RC28a83f44:15b74c946cb:-7f90','RUL-50300c99:15b7626649d:-6cee','treasury.facts.BillItem','treasury.facts.BillItem','BILLITEM',0,NULL,NULL,NULL,NULL,NULL,0),('RC28a83f44:15b74c946cb:-7f96','RUL-50300c99:15b7626649d:-6fe2','treasury.facts.BillItem','treasury.facts.BillItem','BILLITEM',0,NULL,NULL,NULL,NULL,NULL,0),('RC28a83f44:15b74c946cb:-7f99','RUL-50300c99:15b7626649d:-6fe2','obo.facts.OboDecimalInfo','obo.facts.OboDecimalInfo',NULL,1,NULL,NULL,NULL,NULL,NULL,0),('RC28a83f44:15b74c946cb:-7fa3','RUL-50300c99:15b7626649d:-7a5e','treasury.facts.BillItem','treasury.facts.BillItem','BILLITEM',1,NULL,NULL,NULL,NULL,NULL,0),('RC28a83f44:15b74c946cb:-7fa6','RUL-50300c99:15b7626649d:-7a5e','obo.facts.OboIntegerInfo','obo.facts.OboIntegerInfo',NULL,2,NULL,NULL,NULL,NULL,NULL,0),('RC28a83f44:15b74c946cb:-7fae','RUL-50300c99:15b7626649d:-7a6f','treasury.facts.BillItem','treasury.facts.BillItem','BILLITEM',1,NULL,NULL,NULL,NULL,NULL,0),('RC28a83f44:15b74c946cb:-7fb1','RUL-50300c99:15b7626649d:-7a6f','obo.facts.OboIntegerInfo','obo.facts.OboIntegerInfo',NULL,2,NULL,NULL,NULL,NULL,NULL,0),('RC28a83f44:15b74c946cb:-7fc5','RUL3f65f585:15b74b1144b:-6ec2','treasury.facts.BillItem','treasury.facts.BillItem','BILLITEM',1,NULL,NULL,NULL,NULL,NULL,0),('RC28a83f44:15b74c946cb:-7fc8','RUL3f65f585:15b74b1144b:-6ec2','obo.facts.OboDecimalInfo','obo.facts.OboDecimalInfo',NULL,2,NULL,NULL,NULL,NULL,NULL,0),('RC28a83f44:15b74c946cb:-7fcf','RUL3f65f585:15b74b1144b:-6efb','obo.facts.OboDecimalInfo','obo.facts.OboDecimalInfo',NULL,2,NULL,NULL,NULL,NULL,NULL,0),('RC28a83f44:15b74c946cb:-7fd1','RUL3f65f585:15b74b1144b:-6efb','treasury.facts.BillItem','treasury.facts.BillItem','BILLITEM',1,NULL,NULL,NULL,NULL,NULL,0),('RC28a83f44:15b74c946cb:-7fda','RUL3f65f585:15b74b1144b:-6f38','obo.facts.OboDecimalInfo','obo.facts.OboDecimalInfo',NULL,2,NULL,NULL,NULL,NULL,NULL,0),('RC28a83f44:15b74c946cb:-7fdc','RUL3f65f585:15b74b1144b:-6f38','treasury.facts.BillItem','treasury.facts.BillItem','BILLITEM',1,NULL,NULL,NULL,NULL,NULL,0),('RC28a83f44:15b74c946cb:-7fe6','RUL3f65f585:15b74b1144b:-6f6a','treasury.facts.BillItem','treasury.facts.BillItem','BILLITEM',1,NULL,NULL,NULL,NULL,NULL,0),('RC28a83f44:15b74c946cb:-7fe9','RUL3f65f585:15b74b1144b:-6f6a','obo.facts.OboDecimalInfo','obo.facts.OboDecimalInfo',NULL,2,NULL,NULL,NULL,NULL,NULL,0),('RC28a83f44:15b74c946cb:-7ff1','RUL3f65f585:15b74b1144b:-6fbc','treasury.facts.BillItem','treasury.facts.BillItem','BILLITEM',1,NULL,NULL,NULL,NULL,NULL,0),('RC28a83f44:15b74c946cb:-7ff4','RUL3f65f585:15b74b1144b:-6fbc','obo.facts.OboDecimalInfo','obo.facts.OboDecimalInfo',NULL,2,NULL,NULL,NULL,NULL,NULL,0),('RC2a995b4c:1792618d9c2:-8000','RUL-2ff927e8:17926057293:-7ace','obo.facts.OboDocument','obo.facts.OboDocument','DOC',0,NULL,NULL,NULL,NULL,NULL,0),('RC33115abb:15b366b9fbd:-7f56','RUL10bc2a9b:15b3805d39e:-6ef4','treasury.facts.BillItem','treasury.facts.BillItem','BILLITEM',1,NULL,NULL,NULL,NULL,NULL,0),('RC33115abb:15b366b9fbd:-7f5e','RUL10bc2a9b:15b3805d39e:-6f05','treasury.facts.BillItem','treasury.facts.BillItem','BILLITEM',1,NULL,NULL,NULL,NULL,NULL,0),('RC33115abb:15b366b9fbd:-7f68','RUL10bc2a9b:15b3805d39e:-6f74','treasury.facts.BillItem','treasury.facts.BillItem','BILLITEM',1,NULL,NULL,NULL,NULL,NULL,0),('RC33115abb:15b366b9fbd:-7f88','RUL10bc2a9b:15b3805d39e:-7cd0','treasury.facts.BillItem','treasury.facts.BillItem','BILLITEM',1,NULL,NULL,NULL,NULL,NULL,0),('RC33115abb:15b366b9fbd:-7f90','RUL10bc2a9b:15b3805d39e:-7ce1','treasury.facts.BillItem','treasury.facts.BillItem','BILLITEM',1,NULL,NULL,NULL,NULL,NULL,0),('RC33115abb:15b366b9fbd:-7f99','RUL-5a2a6f0f:15b37b47575:-72c2','treasury.facts.BillItem','treasury.facts.BillItem','BILLITEM',1,NULL,NULL,NULL,NULL,NULL,0),('RC33115abb:15b366b9fbd:-7fa1','RUL-5a2a6f0f:15b37b47575:-72d3','treasury.facts.BillItem','treasury.facts.BillItem','BILLITEM',1,NULL,NULL,NULL,NULL,NULL,0),('RC33115abb:15b366b9fbd:-7fa9','RUL-5a2a6f0f:15b37b47575:-72e4','treasury.facts.BillItem','treasury.facts.BillItem','BILLITEM',1,NULL,NULL,NULL,NULL,NULL,0),('RC33115abb:15b366b9fbd:-7fb1','RUL-5a2a6f0f:15b37b47575:-72f5','treasury.facts.BillItem','treasury.facts.BillItem','BILLITEM',1,NULL,NULL,NULL,NULL,NULL,0),('RC33115abb:15b366b9fbd:-7fb9','RUL-5a2a6f0f:15b37b47575:-7306','treasury.facts.BillItem','treasury.facts.BillItem','BILLITEM',1,NULL,NULL,NULL,NULL,NULL,0),('RC33115abb:15b366b9fbd:-7fc1','RUL-5a2a6f0f:15b37b47575:-7317','treasury.facts.BillItem','treasury.facts.BillItem','BILLITEM',1,NULL,NULL,NULL,NULL,NULL,0),('RC33115abb:15b366b9fbd:-7fca','RUL544e84a6:15b372b5faf:-782f','treasury.facts.BillItem','treasury.facts.BillItem','BILLITEM',1,NULL,NULL,NULL,NULL,NULL,0),('RC33115abb:15b366b9fbd:-7fd2','RUL544e84a6:15b372b5faf:-7959','treasury.facts.BillItem','treasury.facts.BillItem','BILLITEM',1,NULL,NULL,NULL,NULL,NULL,0),('RC33115abb:15b366b9fbd:-7fda','RUL544e84a6:15b372b5faf:-7c53','treasury.facts.BillItem','treasury.facts.BillItem','BILLITEM',1,NULL,NULL,NULL,NULL,NULL,0),('RC33115abb:15b366b9fbd:-7fe2','RUL544e84a6:15b372b5faf:-7d4b','treasury.facts.BillItem','treasury.facts.BillItem','BILLITEM',1,NULL,NULL,NULL,NULL,NULL,0),('RC55c282cb:178f73dbaa2:-7ff9','RUL79522df:178f7318fbf:-7a74','workflow.facts.WfTaskResult','workflow.facts.WfTaskResult','WT',0,NULL,NULL,NULL,NULL,NULL,0),('RC73b3316:15bf60d669e:-7f8f','RUL-181817d3:15bf4e3b890:-af9','obo.facts.OboDecimalInfo','obo.facts.OboDecimalInfo',NULL,2,NULL,NULL,NULL,NULL,NULL,0),('RC73b3316:15bf60d669e:-7f94','RUL-181817d3:15bf4e3b890:-af9','treasury.facts.BillItem','treasury.facts.BillItem','BILLITEM',0,NULL,NULL,NULL,NULL,NULL,0),('RC73b3316:15bf60d669e:-7f9a','RUL-181817d3:15bf4e3b890:-b2e','treasury.facts.BillItem','treasury.facts.BillItem','BILLITEM',0,NULL,NULL,NULL,NULL,NULL,0),('RC73b3316:15bf60d669e:-7fa0','RUL-181817d3:15bf4e3b890:-b2e','obo.facts.OboDecimalInfo','obo.facts.OboDecimalInfo',NULL,2,NULL,NULL,NULL,NULL,NULL,0),('RC73b3316:15bf60d669e:-7fbf','RUL-181817d3:15bf4e3b890:-d87','obo.facts.OboDecimalInfo','obo.facts.OboDecimalInfo',NULL,2,NULL,NULL,NULL,NULL,NULL,0),('RC73b3316:15bf60d669e:-7fc4','RUL-181817d3:15bf4e3b890:-d87','treasury.facts.BillItem','treasury.facts.BillItem','BILLITEM',0,NULL,NULL,NULL,NULL,NULL,0),('RC73b3316:15bf60d669e:-7fd6','RUL-181817d3:15bf4e3b890:-10f2','treasury.facts.BillItem','treasury.facts.BillItem','BILLITEM',0,NULL,NULL,NULL,NULL,NULL,0),('RC73b3316:15bf60d669e:-7fdc','RUL-181817d3:15bf4e3b890:-10f2','obo.facts.OboDecimalInfo','obo.facts.OboDecimalInfo',NULL,2,NULL,NULL,NULL,NULL,NULL,0),('RC73b3316:15bf60d669e:-7fe2','RUL-181817d3:15bf4e3b890:-1103','treasury.facts.BillItem','treasury.facts.BillItem','BILLITEM',0,NULL,NULL,NULL,NULL,NULL,0),('RC73b3316:15bf60d669e:-7fe8','RUL-181817d3:15bf4e3b890:-1103','obo.facts.OboDecimalInfo','obo.facts.OboDecimalInfo',NULL,2,NULL,NULL,NULL,NULL,NULL,0),('RC73b3316:15bf60d669e:-7fee','RUL-181817d3:15bf4e3b890:-1114','treasury.facts.BillItem','treasury.facts.BillItem','BILLITEM',0,NULL,NULL,NULL,NULL,NULL,0),('RC73b3316:15bf60d669e:-7ff4','RUL-181817d3:15bf4e3b890:-1114','obo.facts.OboDecimalInfo','obo.facts.OboDecimalInfo',NULL,2,NULL,NULL,NULL,NULL,NULL,0),('RC78f669e8:178e3c7b70b:-7fd1','RUL-c8891ba:178e3c52288:-683f','workflow.facts.WfDecision','workflow.facts.WfDecision','WD',2,NULL,NULL,NULL,NULL,NULL,0),('RC78f669e8:178e3c7b70b:-7fd2','RUL-c8891ba:178e3c52288:-683f','workflow.facts.WfInfo','workflow.facts.WfInfo','WINFO',1,NULL,NULL,NULL,NULL,NULL,0),('RC78f669e8:178e3c7b70b:-7fd8','RUL-c8891ba:178e3c52288:-6892','workflow.facts.WfInfo','workflow.facts.WfInfo','WINFO',1,NULL,NULL,NULL,NULL,NULL,0),('RC78f669e8:178e3c7b70b:-7fdb','RUL-c8891ba:178e3c52288:-6892','workflow.facts.WfDecision','workflow.facts.WfDecision','WD',2,NULL,NULL,NULL,NULL,NULL,0),('RC7a7a989e:15b22fce173:-7fc2','RUL-41499999:15b23048395:-77db','treasury.facts.BillItem','treasury.facts.BillItem','BILLITEM',2,NULL,NULL,NULL,NULL,NULL,0),('RC7a7a989e:15b22fce173:-7fcc','RUL-41499999:15b23048395:-77ec','treasury.facts.BillItem','treasury.facts.BillItem','BILLITEM',2,NULL,NULL,NULL,NULL,NULL,0),('RC7a7a989e:15b22fce173:-7fd6','RUL-41499999:15b23048395:-77fd','treasury.facts.BillItem','treasury.facts.BillItem','BILLITEM',2,NULL,NULL,NULL,NULL,NULL,0),('RC7a7a989e:15b22fce173:-7ff2','RUL-41499999:15b23048395:-7d1e','treasury.facts.BillItem','treasury.facts.BillItem','BILLITEM',1,NULL,NULL,NULL,NULL,NULL,0),('RC7e71e841:1763d1170f8:-8000','RUL-40697891:1763cd25bb2:-1a91','obo.facts.OboDocument','obo.facts.OboDocument','BD',1,NULL,NULL,NULL,NULL,NULL,0),('RCc4c09e7:1763c343c65:-7ffb','RUL1b6db00d:1763c2807b2:-7731','obo.facts.OboDocument','obo.facts.OboDocument','BD',1,NULL,NULL,NULL,NULL,NULL,0),('RCc4c09e7:1763c343c65:-8000','RUL1b6db00d:1763c2807b2:-77d3','obo.facts.OboDocument','obo.facts.OboDocument','BD',1,NULL,NULL,NULL,NULL,NULL,0),('RCOND-108b4192:15b3d234d5c:-6e4b','RUL-108b4192:15b3d234d5c:-6fd2','obo.facts.OboDecimalInfo','obo.facts.OboDecimalInfo',NULL,1,NULL,NULL,NULL,NULL,NULL,0),('RCOND-108b4192:15b3d234d5c:-6f02','RUL-108b4192:15b3d234d5c:-6fd2','treasury.facts.BillItem','treasury.facts.BillItem','BILLITEM',0,NULL,NULL,NULL,NULL,NULL,0),('RCOND-108b4192:15b3d234d5c:-7181','RUL-108b4192:15b3d234d5c:-72b4','obo.facts.OboDecimalInfo','obo.facts.OboDecimalInfo',NULL,1,NULL,NULL,NULL,NULL,NULL,0),('RCOND-108b4192:15b3d234d5c:-71fc','RUL-108b4192:15b3d234d5c:-72b4','treasury.facts.BillItem','treasury.facts.BillItem','BILLITEM',0,NULL,NULL,NULL,NULL,NULL,0),('RCOND-108b4192:15b3d234d5c:-78f2','RUL-108b4192:15b3d234d5c:-79d6','obo.facts.OboIntegerInfo','obo.facts.OboIntegerInfo',NULL,1,NULL,NULL,NULL,NULL,NULL,0),('RCOND-108b4192:15b3d234d5c:-7989','RUL-108b4192:15b3d234d5c:-79d6','treasury.facts.BillItem','treasury.facts.BillItem','BILLITEM',0,NULL,NULL,NULL,NULL,NULL,0),('RCOND-108b4192:15b3d234d5c:-7b31','RUL-108b4192:15b3d234d5c:-7bfd','obo.facts.OboIntegerInfo','obo.facts.OboIntegerInfo',NULL,1,NULL,NULL,NULL,NULL,NULL,0),('RCOND-108b4192:15b3d234d5c:-7bb0','RUL-108b4192:15b3d234d5c:-7bfd','treasury.facts.BillItem','treasury.facts.BillItem','BILLITEM',0,NULL,NULL,NULL,NULL,NULL,0),('RCOND-155dc47b:178d95f173e:-7d1a','RUL15a848a4:178ce76b7fe:-6255','workflow.facts.WfTaskResult','workflow.facts.WfTaskResult','WT',1,NULL,NULL,NULL,NULL,NULL,0),('RCOND-15c23d77:1706680029a:-7e26','RUL3b31d1e8:16a5826cfa5:-72a3','treasury.facts.BillItem','treasury.facts.BillItem','BILLITEM',2,NULL,NULL,NULL,NULL,NULL,0),('RCOND-181817d3:15bf4e3b890:-12b7','RUL-181817d3:15bf4e3b890:-14ca','obo.facts.OboDecimalInfo','obo.facts.OboDecimalInfo',NULL,2,NULL,NULL,NULL,NULL,NULL,0),('RCOND-181817d3:15bf4e3b890:-147b','RUL-181817d3:15bf4e3b890:-14ca','treasury.facts.BillItem','treasury.facts.BillItem','BILLITEM',0,NULL,NULL,NULL,NULL,NULL,0),('RCOND-181817d3:15bf4e3b890:-191e','RUL-181817d3:15bf4e3b890:-1a11','obo.facts.OboDecimalInfo','obo.facts.OboDecimalInfo',NULL,1,NULL,NULL,NULL,NULL,NULL,0),('RCOND-181817d3:15bf4e3b890:-19c4','RUL-181817d3:15bf4e3b890:-1a11','treasury.facts.BillItem','treasury.facts.BillItem','BILLITEM',0,NULL,NULL,NULL,NULL,NULL,0),('RCOND-181817d3:15bf4e3b890:-1bde','RUL-181817d3:15bf4e3b890:-1cec','treasury.facts.BillItem','treasury.facts.BillItem','BILLITEM',1,NULL,NULL,NULL,NULL,NULL,0),('RCOND-181817d3:15bf4e3b890:-1c99','RUL-181817d3:15bf4e3b890:-1cec','obo.facts.OboDecimalInfo','obo.facts.OboDecimalInfo',NULL,0,NULL,NULL,NULL,NULL,NULL,0),('RCOND-181817d3:15bf4e3b890:-2016','RUL-181817d3:15bf4e3b890:-21c5','obo.facts.OboDecimalInfo','obo.facts.OboDecimalInfo',NULL,2,NULL,NULL,NULL,NULL,NULL,0),('RCOND-181817d3:15bf4e3b890:-20cb','RUL-181817d3:15bf4e3b890:-21c5','obo.facts.OboIntegerInfo','obo.facts.OboIntegerInfo',NULL,1,NULL,NULL,NULL,NULL,NULL,0),('RCOND-181817d3:15bf4e3b890:-2178','RUL-181817d3:15bf4e3b890:-21c5','treasury.facts.BillItem','treasury.facts.BillItem','BILLITEM',0,NULL,NULL,NULL,NULL,NULL,0),('RCOND-181817d3:15bf4e3b890:-2692','RUL-181817d3:15bf4e3b890:-27e7','obo.facts.OboDecimalInfo','obo.facts.OboDecimalInfo',NULL,1,NULL,NULL,NULL,NULL,NULL,0),('RCOND-181817d3:15bf4e3b890:-272c','RUL-181817d3:15bf4e3b890:-27e7','treasury.facts.BillItem','treasury.facts.BillItem','BILLITEM',0,NULL,NULL,NULL,NULL,NULL,0),('RCOND-181817d3:15bf4e3b890:-2c28','RUL-181817d3:15bf4e3b890:-2d08','obo.facts.OboDecimalInfo','obo.facts.OboDecimalInfo',NULL,1,NULL,NULL,NULL,NULL,NULL,0),('RCOND-181817d3:15bf4e3b890:-2cb9','RUL-181817d3:15bf4e3b890:-2d08','treasury.facts.BillItem','treasury.facts.BillItem','BILLITEM',0,NULL,NULL,NULL,NULL,NULL,0),('RCOND-181817d3:15bf4e3b890:-3260','RUL-181817d3:15bf4e3b890:-3397','treasury.facts.BillItem','treasury.facts.BillItem','BILLITEM',1,NULL,NULL,NULL,NULL,NULL,0),('RCOND-181817d3:15bf4e3b890:-3344','RUL-181817d3:15bf4e3b890:-3397','obo.facts.OboDecimalInfo','obo.facts.OboDecimalInfo',NULL,0,NULL,NULL,NULL,NULL,NULL,0),('RCOND-181817d3:15bf4e3b890:-38e9','RUL-181817d3:15bf4e3b890:-3cc8','obo.facts.OboDecimalInfo','obo.facts.OboDecimalInfo',NULL,1,NULL,NULL,NULL,NULL,NULL,0),('RCOND-181817d3:15bf4e3b890:-3a97','RUL-181817d3:15bf4e3b890:-3cc8','treasury.facts.BillItem','treasury.facts.BillItem','BILLITEM',0,NULL,NULL,NULL,NULL,NULL,0),('RCOND-22689e33:1771e5912ef:-4f12','RUL6e008a5f:15b6c73a9f2:-7e6e','obo.facts.OccupancyType','obo.facts.OccupancyType',NULL,3,NULL,NULL,NULL,NULL,NULL,0),('RCOND-22689e33:1771e5912ef:-5008','RUL6e008a5f:15b6c73a9f2:-7bdf','obo.facts.OccupancyType','obo.facts.OccupancyType',NULL,3,NULL,NULL,NULL,NULL,NULL,0),('RCOND-22689e33:1771e5912ef:-5119','RUL6e008a5f:15b6c73a9f2:-7ba0','obo.facts.OccupancyType','obo.facts.OccupancyType',NULL,3,NULL,NULL,NULL,NULL,NULL,0),('RCOND-22689e33:1771e5912ef:-520f','RUL6e008a5f:15b6c73a9f2:-7250','obo.facts.OccupancyType','obo.facts.OccupancyType',NULL,3,NULL,NULL,NULL,NULL,NULL,0),('RCOND-22689e33:1771e5912ef:-5305','RUL6e008a5f:15b6c73a9f2:-721e','obo.facts.OccupancyType','obo.facts.OccupancyType',NULL,3,NULL,NULL,NULL,NULL,NULL,0),('RCOND-22689e33:1771e5912ef:-53e6','RUL6e008a5f:15b6c73a9f2:-71ec','obo.facts.OccupancyType','obo.facts.OccupancyType',NULL,3,NULL,NULL,NULL,NULL,NULL,0),('RCOND-22689e33:1771e5912ef:-5527','RUL51c2b1c4:15b69a42d57:-7855','obo.facts.BuildingInfo','obo.facts.BuildingInfo',NULL,3,NULL,NULL,NULL,NULL,NULL,0),('RCOND-22689e33:1771e5912ef:-562d','RUL3f65f585:15b74b1144b:-73aa','obo.facts.OccupancyType','obo.facts.OccupancyType',NULL,3,NULL,NULL,NULL,NULL,NULL,0),('RCOND-22689e33:1771e5912ef:-570e','RUL3f65f585:15b74b1144b:-6fbc','obo.facts.OccupancyType','obo.facts.OccupancyType',NULL,3,NULL,NULL,NULL,NULL,NULL,0),('RCOND-22689e33:1771e5912ef:-5873','RUL3f65f585:15b74b1144b:-6f6a','obo.facts.OccupancyType','obo.facts.OccupancyType',NULL,3,NULL,NULL,NULL,NULL,NULL,0),('RCOND-22689e33:1771e5912ef:-5969','RUL3f65f585:15b74b1144b:-6f38','obo.facts.OccupancyType','obo.facts.OccupancyType',NULL,3,NULL,NULL,NULL,NULL,NULL,0),('RCOND-22689e33:1771e5912ef:-5acc','RUL3f65f585:15b74b1144b:-6efb','obo.facts.OccupancyType','obo.facts.OccupancyType',NULL,3,NULL,NULL,NULL,NULL,NULL,0),('RCOND-22689e33:1771e5912ef:-5c36','RUL3f65f585:15b74b1144b:-6ec2','obo.facts.OccupancyType','obo.facts.OccupancyType',NULL,3,NULL,NULL,NULL,NULL,NULL,0),('RCOND-22689e33:1771e5912ef:-5d2e','RUL3f65f585:15b74b1144b:-6396','obo.facts.OccupancyType','obo.facts.OccupancyType',NULL,3,NULL,NULL,NULL,NULL,NULL,0),('RCOND-22689e33:1771e5912ef:-5e24','RUL3f65f585:15b74b1144b:-61c9','obo.facts.OccupancyType','obo.facts.OccupancyType',NULL,3,NULL,NULL,NULL,NULL,NULL,0),('RCOND-22689e33:1771e5912ef:-5f36','RUL3f65f585:15b74b1144b:-5fa3','obo.facts.OccupancyType','obo.facts.OccupancyType',NULL,3,NULL,NULL,NULL,NULL,NULL,0),('RCOND-22689e33:1771e5912ef:-6017','RUL-50300c99:15b7626649d:-7ebc','obo.facts.OccupancyType','obo.facts.OccupancyType',NULL,3,NULL,NULL,NULL,NULL,NULL,0),('RCOND-22689e33:1771e5912ef:-612d','RUL-50300c99:15b7626649d:-7a6f','obo.facts.OccupancyType','obo.facts.OccupancyType',NULL,3,NULL,NULL,NULL,NULL,NULL,0),('RCOND-22689e33:1771e5912ef:-62af','RUL-50300c99:15b7626649d:-7a5e','obo.facts.OccupancyType','obo.facts.OccupancyType',NULL,3,NULL,NULL,NULL,NULL,NULL,0),('RCOND-22689e33:1771e5912ef:-639b','RUL-50300c99:15b7626649d:-77a6','obo.facts.OccupancyType','obo.facts.OccupancyType',NULL,3,NULL,NULL,NULL,NULL,NULL,0),('RCOND-22689e33:1771e5912ef:-6536','RUL-50300c99:15b7626649d:-7440','obo.facts.OccupancyType','obo.facts.OccupancyType',NULL,3,NULL,NULL,NULL,NULL,NULL,0),('RCOND-22689e33:1771e5912ef:-661f','RUL-50300c99:15b7626649d:-6fe2','obo.facts.OccupancyType','obo.facts.OccupancyType',NULL,3,NULL,NULL,NULL,NULL,NULL,0),('RCOND-22689e33:1771e5912ef:-670b','RUL-50300c99:15b7626649d:-6cee','obo.facts.OccupancyType','obo.facts.OccupancyType',NULL,3,NULL,NULL,NULL,NULL,NULL,0),('RCOND-22689e33:1771e5912ef:-6839','RUL-50300c99:15b7626649d:-5330','obo.facts.OccupancyType','obo.facts.OccupancyType',NULL,3,NULL,NULL,NULL,NULL,NULL,0),('RCOND-22689e33:1771e5912ef:-69cf','RUL-181817d3:15bf4e3b890:-7abf','obo.facts.BuildingInfo','obo.facts.BuildingInfo',NULL,4,NULL,NULL,NULL,NULL,NULL,0),('RCOND-22689e33:1771e5912ef:-6a8a','RUL-181817d3:15bf4e3b890:-7abf','obo.facts.OccupancyType','obo.facts.OccupancyType',NULL,4,NULL,NULL,NULL,NULL,NULL,0),('RCOND-22689e33:1771e5912ef:-6bf9','RUL-181817d3:15bf4e3b890:-7873','obo.facts.BuildingInfo','obo.facts.BuildingInfo',NULL,4,NULL,NULL,NULL,NULL,NULL,0),('RCOND-22689e33:1771e5912ef:-6d44','RUL-2fbca757:15bf25c4add:-7bbe','obo.facts.BuildingInfo','obo.facts.BuildingInfo',NULL,4,NULL,NULL,NULL,NULL,NULL,0),('RCOND-22689e33:1771e5912ef:-6e64','RUL-2fbca757:15bf25c4add:-7bbe','obo.facts.OccupancyType','obo.facts.OccupancyType',NULL,4,NULL,NULL,NULL,NULL,NULL,0),('RCOND-22689e33:1771e5912ef:-6f9c','RUL-2fbca757:15bf25c4add:-7b95','obo.facts.BuildingInfo','obo.facts.BuildingInfo',NULL,4,NULL,NULL,NULL,NULL,NULL,0),('RCOND-22689e33:1771e5912ef:-705c','RUL-2fbca757:15bf25c4add:-7b95','obo.facts.OccupancyType','obo.facts.OccupancyType',NULL,4,NULL,NULL,NULL,NULL,NULL,0),('RCOND-22689e33:1771e5912ef:-7195','RUL-181817d3:15bf4e3b890:-7ad0','obo.facts.BuildingInfo','obo.facts.BuildingInfo',NULL,4,NULL,NULL,NULL,NULL,NULL,0),('RCOND-22689e33:1771e5912ef:-7250','RUL-181817d3:15bf4e3b890:-7ad0','obo.facts.OccupancyType','obo.facts.OccupancyType',NULL,4,NULL,NULL,NULL,NULL,NULL,0),('RCOND-22689e33:1771e5912ef:-76ea','RUL-181817d3:15bf4e3b890:-7873','obo.facts.OccupancyType','obo.facts.OccupancyType',NULL,4,NULL,NULL,NULL,NULL,NULL,0),('RCOND-22689e33:1771e5912ef:-7889','RUL-181817d3:15bf4e3b890:-7862','obo.facts.OccupancyType','obo.facts.OccupancyType',NULL,4,NULL,NULL,NULL,NULL,NULL,0),('RCOND-22689e33:1771e5912ef:-7975','RUL-181817d3:15bf4e3b890:-415b','obo.facts.OccupancyType','obo.facts.OccupancyType',NULL,3,NULL,NULL,NULL,NULL,NULL,0),('RCOND-2287b2ad:1701dc18f22:-7572','RUL-7385ffbe:16a438b05b7:-7cab','obo.facts.OboDocument','obo.facts.OboDocument','BD',3,NULL,NULL,NULL,NULL,NULL,0),('RCOND-2287b2ad:1701dc18f22:-775e','RUL-29595738:16a4fbe79ee:-7ef1','obo.facts.OboDocument','obo.facts.OboDocument','BD',3,NULL,NULL,NULL,NULL,NULL,0),('RCOND-2287b2ad:1701dc18f22:-7854','RUL-29595738:16a4fbe79ee:-7de3','obo.facts.OboDocument','obo.facts.OboDocument','BD',3,NULL,NULL,NULL,NULL,NULL,0),('RCOND-2287b2ad:1701dc18f22:-794a','RUL-29595738:16a4fbe79ee:-7d01','obo.facts.OboDocument','obo.facts.OboDocument','BD',3,NULL,NULL,NULL,NULL,NULL,0),('RCOND-2287b2ad:1701dc18f22:-7a40','RUL-29595738:16a4fbe79ee:-7bd1','obo.facts.OboDocument','obo.facts.OboDocument','BD',3,NULL,NULL,NULL,NULL,NULL,0),('RCOND-2287b2ad:1701dc18f22:-7c15','RUL-29595738:16a4fbe79ee:-79fe','obo.facts.OboDocument','obo.facts.OboDocument','BD',3,NULL,NULL,NULL,NULL,NULL,0),('RCOND-263a2c10:17969526f5a:-6e90','RUL-263a2c10:17969526f5a:-6eca','workflow.facts.WfTaskResult','workflow.facts.WfTaskResult','WT',0,NULL,NULL,NULL,NULL,NULL,0),('RCOND-2fbca757:15bf25c4add:-6723','RUL-2fbca757:15bf25c4add:-7bbe','obo.facts.OboDecimalInfo','obo.facts.OboDecimalInfo',NULL,3,NULL,NULL,NULL,NULL,NULL,0),('RCOND-2fbca757:15bf25c4add:-6932','RUL-2fbca757:15bf25c4add:-7b95','obo.facts.OboDecimalInfo','obo.facts.OboDecimalInfo',NULL,3,NULL,NULL,NULL,NULL,NULL,0),('RCOND-2fbca757:15bf25c4add:-7625','RUL-2fbca757:15bf25c4add:-7b95','treasury.facts.BillItem','treasury.facts.BillItem','BILLITEM',2,NULL,NULL,NULL,NULL,NULL,0),('RCOND-2fbca757:15bf25c4add:-770f','RUL-2fbca757:15bf25c4add:-7bbe','treasury.facts.BillItem','treasury.facts.BillItem','BILLITEM',2,NULL,NULL,NULL,NULL,NULL,0),('RCOND-2ff927e8:17926057293:-780f','RUL-2ff927e8:17926057293:-7974','obo.facts.RpuEntry','obo.facts.RpuEntry','RPU',0,NULL,NULL,NULL,NULL,NULL,0),('RCOND-364c55f2:1763c44119c:-10dc','RUL-364c55f2:1763c44119c:-115d','obo.facts.OboDocument','obo.facts.OboDocument','DOC',0,NULL,NULL,NULL,NULL,NULL,0),('RCOND-364c55f2:1763c44119c:-4c4d','RUL-364c55f2:1763c44119c:-4ccc','obo.facts.OboDocument','obo.facts.OboDocument','DOC',0,NULL,NULL,NULL,NULL,NULL,0),('RCOND-3e1b1387:169e65ec32c:-7db0','RUL-75b995c:15b18c6b9a6:-73a0','obo.facts.OccupancyType','obo.facts.OccupancyType',NULL,2,NULL,NULL,NULL,NULL,NULL,0),('RCOND-40697891:1763cd25bb2:-3290','RUL-40697891:1763cd25bb2:-330f','obo.facts.OboDocument','obo.facts.OboDocument','DOC',0,NULL,NULL,NULL,NULL,NULL,0),('RCOND-40697891:1763cd25bb2:-33c7','RUL-181817d3:15bf4e3b890:-357d','obo.facts.OboDocument','obo.facts.OboDocument','DOC',2,NULL,NULL,NULL,NULL,NULL,0),('RCOND-40697891:1763cd25bb2:-7ac8','RUL-40697891:1763cd25bb2:-7b81','obo.facts.OboDocument','obo.facts.OboDocument','DOC',0,NULL,NULL,NULL,NULL,NULL,0),('RCOND-412b6ac3:17060a030aa:-7bcb','RUL-412b6ac3:17060a030aa:-7ccb','obo.facts.OboIntegerInfo','obo.facts.OboIntegerInfo',NULL,1,NULL,NULL,NULL,NULL,NULL,0),('RCOND-412b6ac3:17060a030aa:-7c65','RUL-412b6ac3:17060a030aa:-7ccb','obo.facts.OboDocument','obo.facts.OboDocument','BD',0,NULL,NULL,NULL,NULL,NULL,0),('RCOND-41499999:15b23048395:-7df2','RUL-41499999:15b23048395:-7ed8','treasury.facts.BillItem','treasury.facts.BillItem','BILLITEM',1,NULL,NULL,NULL,NULL,NULL,0),('RCOND-41516f3a:178f3866074:-7638','RUL-41516f3a:178f3866074:-76be','obo.facts.OboDocument','obo.facts.OboDocument','DOC',0,NULL,NULL,NULL,NULL,NULL,0),('RCOND-4267ff2c:16a444aba70:-592c','RUL59515aa4:16a3a32fa5e:-6790','obo.facts.BuildingInfo','obo.facts.BuildingInfo',NULL,1,NULL,NULL,NULL,NULL,NULL,0),('RCOND-4267ff2c:16a444aba70:-6bde','RUL-4267ff2c:16a444aba70:-6d3b','treasury.facts.BillItem','treasury.facts.BillItem','BILLITEM',1,NULL,NULL,NULL,NULL,NULL,0),('RCOND-4267ff2c:16a444aba70:-6cd2','RUL-4267ff2c:16a444aba70:-6d3b','obo.facts.OboDecimalInfo','obo.facts.OboDecimalInfo',NULL,0,NULL,NULL,NULL,NULL,NULL,0),('RCOND-4267ff2c:16a444aba70:-6eb7','RUL-4267ff2c:16a444aba70:-6f9a','obo.facts.OboDecimalInfo','obo.facts.OboDecimalInfo',NULL,2,NULL,NULL,NULL,NULL,NULL,0),('RCOND-4267ff2c:16a444aba70:-7151','RUL-4267ff2c:16a444aba70:-7247','obo.facts.OboIntegerInfo','obo.facts.OboIntegerInfo',NULL,1,NULL,NULL,NULL,NULL,NULL,0),('RCOND-497dd1bf:15b6a2553bf:-7763','RUL-497dd1bf:15b6a2553bf:-783f','obo.facts.OboDecimalInfo','obo.facts.OboDecimalInfo',NULL,1,NULL,NULL,NULL,NULL,NULL,0),('RCOND-497dd1bf:15b6a2553bf:-77f2','RUL-497dd1bf:15b6a2553bf:-783f','treasury.facts.BillItem','treasury.facts.BillItem','BILLITEM',0,NULL,NULL,NULL,NULL,NULL,0),('RCOND-50300c99:15b7626649d:-55e9','RUL-50300c99:15b7626649d:-56a6','obo.facts.OboIntegerInfo','obo.facts.OboIntegerInfo',NULL,2,NULL,NULL,NULL,NULL,NULL,0),('RCOND-50300c99:15b7626649d:-592b','RUL-50300c99:15b7626649d:-5a02','obo.facts.OboDecimalInfo','obo.facts.OboDecimalInfo',NULL,1,NULL,NULL,NULL,NULL,NULL,0),('RCOND-50300c99:15b7626649d:-59b5','RUL-50300c99:15b7626649d:-5a02','treasury.facts.BillItem','treasury.facts.BillItem','BILLITEM',0,NULL,NULL,NULL,NULL,NULL,0),('RCOND-50300c99:15b7626649d:-6283','RUL-50300c99:15b7626649d:-6710','obo.facts.OboDecimalInfo','obo.facts.OboDecimalInfo',NULL,1,NULL,NULL,NULL,NULL,NULL,0),('RCOND-50300c99:15b7626649d:-7355','RUL-50300c99:15b7626649d:-7440','obo.facts.OboDecimalInfo','obo.facts.OboDecimalInfo',NULL,1,NULL,NULL,NULL,NULL,NULL,0),('RCOND-50300c99:15b7626649d:-73ec','RUL-50300c99:15b7626649d:-7440','treasury.facts.BillItem','treasury.facts.BillItem','BILLITEM',0,NULL,NULL,NULL,NULL,NULL,0),('RCOND-50300c99:15b7626649d:-7649','RUL-50300c99:15b7626649d:-77a6','obo.facts.OboDecimalInfo','obo.facts.OboDecimalInfo',NULL,1,NULL,NULL,NULL,NULL,NULL,0),('RCOND-50300c99:15b7626649d:-7759','RUL-50300c99:15b7626649d:-77a6','treasury.facts.BillItem','treasury.facts.BillItem','BILLITEM',0,NULL,NULL,NULL,NULL,NULL,0),('RCOND-50300c99:15b7626649d:-7b79','RUL-50300c99:15b7626649d:-7ebc','obo.facts.OboIntegerInfo','obo.facts.OboIntegerInfo',NULL,2,NULL,NULL,NULL,NULL,NULL,0),('RCOND-50300c99:15b7626649d:-7d8d','RUL-50300c99:15b7626649d:-7ebc','treasury.facts.BillItem','treasury.facts.BillItem','BILLITEM',1,NULL,NULL,NULL,NULL,NULL,0),('RCOND-580c0202:1796dc1fd5f:-7e19','RUL-580c0202:1796dc1fd5f:-7e53','workflow.facts.WfTaskResult','workflow.facts.WfTaskResult','WT',0,NULL,NULL,NULL,NULL,NULL,0),('RCOND-5b99cee3:1763b4d0bec:-7923','RUL-5b99cee3:1763b4d0bec:-7b11','obo.facts.OccupancyState','obo.facts.OccupancyState',NULL,1,NULL,NULL,NULL,NULL,NULL,0),('RCOND-5b99cee3:1763b4d0bec:-7a45','RUL-5b99cee3:1763b4d0bec:-7b11','obo.facts.OboDocument','obo.facts.OboDocument','DOC',0,NULL,NULL,NULL,NULL,NULL,0),('RCOND-64949ac3:17987dbd3a5:-7491','RUL-64949ac3:17987dbd3a5:-76d0','obo.facts.BuildingInfo','obo.facts.BuildingInfo',NULL,2,NULL,NULL,NULL,NULL,NULL,0),('RCOND-64949ac3:17987dbd3a5:-758b','RUL-64949ac3:17987dbd3a5:-76d0','obo.facts.OboLookupInfo','obo.facts.OboLookupInfo',NULL,1,NULL,NULL,NULL,NULL,NULL,0),('RCOND-64949ac3:17987dbd3a5:-7641','RUL-64949ac3:17987dbd3a5:-76d0','obo.facts.OboDocument','obo.facts.OboDocument','DOC',0,NULL,NULL,NULL,NULL,NULL,0),('RCOND-64949ac3:17987dbd3a5:-7937','RUL-64949ac3:17987dbd3a5:-7ba5','obo.facts.BuildingInfo','obo.facts.BuildingInfo',NULL,2,NULL,NULL,NULL,NULL,NULL,0),('RCOND-64949ac3:17987dbd3a5:-7a2d','RUL-64949ac3:17987dbd3a5:-7ba5','obo.facts.OboLookupInfo','obo.facts.OboLookupInfo',NULL,1,NULL,NULL,NULL,NULL,NULL,0),('RCOND-64949ac3:17987dbd3a5:-7b18','RUL-64949ac3:17987dbd3a5:-7ba5','obo.facts.OboDocument','obo.facts.OboDocument','DOC',0,NULL,NULL,NULL,NULL,NULL,0),('RCOND-685b3759:16a2fd8270e:-7120','RUL-46ef70e6:15b192ccb94:-7783','obo.facts.BuildingInfo','obo.facts.BuildingInfo',NULL,2,NULL,NULL,NULL,NULL,NULL,0),('RCOND-685b3759:16a2fd8270e:-7281','RUL-46ef70e6:15b192ccb94:-7783','obo.facts.OccupancyType','obo.facts.OccupancyType',NULL,2,NULL,NULL,NULL,NULL,NULL,0),('RCOND-685b3759:16a2fd8270e:-7411','RUL-46ef70e6:15b192ccb94:-755f','obo.facts.BuildingInfo','obo.facts.BuildingInfo',NULL,2,NULL,NULL,NULL,NULL,NULL,0),('RCOND-685b3759:16a2fd8270e:-74bd','RUL-46ef70e6:15b192ccb94:-755f','obo.facts.OccupancyType','obo.facts.OccupancyType',NULL,2,NULL,NULL,NULL,NULL,NULL,0),('RCOND-685b3759:16a2fd8270e:-76bd','RUL-181817d3:15bf4e3b890:-75db','obo.facts.BuildingInfo','obo.facts.BuildingInfo',NULL,2,NULL,NULL,NULL,NULL,NULL,0),('RCOND-685b3759:16a2fd8270e:-7757','RUL-181817d3:15bf4e3b890:-75db','obo.facts.OccupancyType','obo.facts.OccupancyType',NULL,2,NULL,NULL,NULL,NULL,NULL,0),('RCOND-685b3759:16a2fd8270e:-796b','RUL-181817d3:15bf4e3b890:-73e2','obo.facts.BuildingInfo','obo.facts.BuildingInfo',NULL,2,NULL,NULL,NULL,NULL,NULL,0),('RCOND-685b3759:16a2fd8270e:-79f9','RUL-181817d3:15bf4e3b890:-73e2','obo.facts.OccupancyType','obo.facts.OccupancyType',NULL,2,NULL,NULL,NULL,NULL,NULL,0),('RCOND-7385ffbe:16a438b05b7:-5e9b','RUL-7385ffbe:16a438b05b7:-5fc5','obo.facts.OboDecimalInfo','obo.facts.OboDecimalInfo',NULL,1,NULL,NULL,NULL,NULL,NULL,0),('RCOND-7385ffbe:16a438b05b7:-5f5a','RUL-7385ffbe:16a438b05b7:-5fc5','treasury.facts.BillItem','treasury.facts.BillItem','BILLITEM',0,NULL,NULL,NULL,NULL,NULL,0),('RCOND-7385ffbe:16a438b05b7:-7352','RUL-7385ffbe:16a438b05b7:-7482','obo.facts.OboDecimalInfo','obo.facts.OboDecimalInfo',NULL,1,NULL,NULL,NULL,NULL,NULL,0),('RCOND-7385ffbe:16a438b05b7:-741b','RUL-7385ffbe:16a438b05b7:-7482','treasury.facts.BillItem','treasury.facts.BillItem','BILLITEM',0,NULL,NULL,NULL,NULL,NULL,0),('RCOND-7385ffbe:16a438b05b7:-7b9a','RUL-7385ffbe:16a438b05b7:-7cab','obo.facts.OccupancyType','obo.facts.OccupancyType',NULL,1,NULL,NULL,NULL,NULL,NULL,0),('RCOND-7385ffbe:16a438b05b7:-7c4e','RUL-7385ffbe:16a438b05b7:-7cab','obo.facts.BuildingInfo','obo.facts.BuildingInfo',NULL,0,NULL,NULL,NULL,NULL,NULL,0),('RCOND-7c07cdf9:16a4d035b31:-76b9','RUL-181817d3:15bf4e3b890:-357d','obo.facts.OboIntegerInfo','obo.facts.OboIntegerInfo',NULL,2,NULL,NULL,NULL,NULL,NULL,0),('RCOND-7c07cdf9:16a4d035b31:-781e','RUL-181817d3:15bf4e3b890:-357d','treasury.facts.BillItem','treasury.facts.BillItem','BILLITEM',1,NULL,NULL,NULL,NULL,NULL,0),('RCOND-bff0b01:1763bb6a5a1:-59c1','RUL482f4d8b:17635283290:-7dcd','obo.facts.OboDocument','obo.facts.OboDocument','DOC',1,NULL,NULL,NULL,NULL,NULL,0),('RCOND-c8891ba:178e3c52288:-64fe','RUL-c8891ba:178e3c52288:-66aa','workflow.facts.WfTransition','workflow.facts.WfTransition','WT',0,NULL,NULL,NULL,NULL,NULL,0),('RCOND1b6db00d:1763c2807b2:-7b7e','RUL67dafb9:15b5100218a:-7bbc','obo.facts.OboDocument','obo.facts.OboDocument','DOC',2,NULL,NULL,NULL,NULL,NULL,0),('RCOND1fc2e40d:169eb7a6037:-5f53','RUL-46ef70e6:15b192ccb94:-78f4','obo.facts.BuildingInfo','obo.facts.BuildingInfo',NULL,2,NULL,NULL,NULL,NULL,NULL,0),('RCOND1fc2e40d:169eb7a6037:-5fd7','RUL-46ef70e6:15b192ccb94:-78f4','obo.facts.OccupancyType','obo.facts.OccupancyType',NULL,1,NULL,NULL,NULL,NULL,NULL,0),('RCOND1fc2e40d:169eb7a6037:-6474','RUL-75b995c:15b18c6b9a6:-6dbc','obo.facts.BuildingInfo','obo.facts.BuildingInfo',NULL,2,NULL,NULL,NULL,NULL,NULL,0),('RCOND1fc2e40d:169eb7a6037:-6502','RUL-75b995c:15b18c6b9a6:-6dbc','obo.facts.OccupancyType','obo.facts.OccupancyType',NULL,2,NULL,NULL,NULL,NULL,NULL,0),('RCOND1fc2e40d:169eb7a6037:-6c54','RUL-41499999:15b23048395:-77db','obo.facts.OccupancyType','obo.facts.OccupancyType',NULL,2,NULL,NULL,NULL,NULL,NULL,0),('RCOND1fc2e40d:169eb7a6037:-6ddd','RUL-41499999:15b23048395:-77ec','obo.facts.OccupancyType','obo.facts.OccupancyType',NULL,2,NULL,NULL,NULL,NULL,NULL,0),('RCOND1fc2e40d:169eb7a6037:-6fbc','RUL-41499999:15b23048395:-77fd','obo.facts.OccupancyType','obo.facts.OccupancyType',NULL,2,NULL,NULL,NULL,NULL,NULL,0),('RCOND2017e4e8:16e5e7415f5:-7a19','RUL-70eb32d:16c2d244c23:-7a5e','obo.facts.RpuCount','obo.facts.RpuCount',NULL,1,NULL,NULL,NULL,NULL,NULL,0),('RCOND2bdcadbe:16c2d9fc74a:-5cb4','RUL67dafb9:15b5100218a:-7ea4','obo.facts.OccupancyType','obo.facts.OccupancyType',NULL,2,NULL,NULL,NULL,NULL,NULL,0),('RCOND2bdcadbe:16c2d9fc74a:-5f2c','RUL67dafb9:15b5100218a:-7bef','obo.facts.OccupancyType','obo.facts.OccupancyType',NULL,2,NULL,NULL,NULL,NULL,NULL,0),('RCOND2bdcadbe:16c2d9fc74a:-6145','RUL67dafb9:15b5100218a:-7bde','obo.facts.OccupancyType','obo.facts.OccupancyType',NULL,2,NULL,NULL,NULL,NULL,NULL,0),('RCOND2bdcadbe:16c2d9fc74a:-6498','RUL67dafb9:15b5100218a:-7bcd','obo.facts.OccupancyType','obo.facts.OccupancyType',NULL,2,NULL,NULL,NULL,NULL,NULL,0),('RCOND2bdcadbe:16c2d9fc74a:-6590','RUL67dafb9:15b5100218a:-7bbc','obo.facts.OccupancyType','obo.facts.OccupancyType',NULL,2,NULL,NULL,NULL,NULL,NULL,0),('RCOND36ece640:15b3cf0a031:-76c3','RUL36ece640:15b3cf0a031:-779a','obo.facts.OboDecimalInfo','obo.facts.OboDecimalInfo',NULL,1,NULL,NULL,NULL,NULL,NULL,0),('RCOND36ece640:15b3cf0a031:-774c','RUL36ece640:15b3cf0a031:-779a','treasury.facts.BillItem','treasury.facts.BillItem','BILLITEM',0,NULL,NULL,NULL,NULL,NULL,0),('RCOND36ece640:15b3cf0a031:-7a90','RUL10bc2a9b:15b3805d39e:-6ef4','obo.facts.OboIntegerInfo','obo.facts.OboIntegerInfo',NULL,2,NULL,NULL,NULL,NULL,NULL,0),('RCOND36ece640:15b3cf0a031:-7b97','RUL10bc2a9b:15b3805d39e:-6f05','obo.facts.OboDecimalInfo','obo.facts.OboDecimalInfo',NULL,2,NULL,NULL,NULL,NULL,NULL,0),('RCOND36ece640:15b3cf0a031:-7cd8','RUL10bc2a9b:15b3805d39e:-6f74','obo.facts.OboIntegerInfo','obo.facts.OboIntegerInfo',NULL,2,NULL,NULL,NULL,NULL,NULL,0),('RCOND3b31d1e8:16a5826cfa5:-7c8d','RUL-75b995c:15b18c6b9a6:-7087','obo.facts.BuildingInfo','obo.facts.BuildingInfo','APP',3,NULL,NULL,NULL,NULL,NULL,0),('RCOND3b31d1e8:16a5826cfa5:-7d02','RUL-75b995c:15b18c6b9a6:-7087','obo.facts.OccupancyType','obo.facts.OccupancyType',NULL,2,NULL,NULL,NULL,NULL,NULL,0),('RCOND3b3fed41:16bdd640b5c:-7351','RUL3b3fed41:16bdd640b5c:-74d3','obo.facts.OccupancyType','obo.facts.OccupancyType',NULL,1,NULL,NULL,NULL,NULL,NULL,0),('RCOND3b3fed41:16bdd640b5c:-74b1','RUL3b3fed41:16bdd640b5c:-74d3','obo.facts.BuildingInfo','obo.facts.BuildingInfo','APP',0,NULL,NULL,NULL,NULL,NULL,0),('RCOND3f65f585:15b74b1144b:-5e11','RUL3f65f585:15b74b1144b:-5fa3','obo.facts.OboDecimalInfo','obo.facts.OboDecimalInfo',NULL,1,NULL,NULL,NULL,NULL,NULL,0),('RCOND3f65f585:15b74b1144b:-5f56','RUL3f65f585:15b74b1144b:-5fa3','treasury.facts.BillItem','treasury.facts.BillItem','BILLITEM',0,NULL,NULL,NULL,NULL,NULL,0),('RCOND3f65f585:15b74b1144b:-609b','RUL3f65f585:15b74b1144b:-61c9','obo.facts.OboDecimalInfo','obo.facts.OboDecimalInfo',NULL,1,NULL,NULL,NULL,NULL,NULL,0),('RCOND3f65f585:15b74b1144b:-6129','RUL3f65f585:15b74b1144b:-61c9','treasury.facts.BillItem','treasury.facts.BillItem','BILLITEM',0,NULL,NULL,NULL,NULL,NULL,0),('RCOND3f65f585:15b74b1144b:-62bf','RUL3f65f585:15b74b1144b:-6396','obo.facts.OboDecimalInfo','obo.facts.OboDecimalInfo',NULL,1,NULL,NULL,NULL,NULL,NULL,0),('RCOND3f65f585:15b74b1144b:-6349','RUL3f65f585:15b74b1144b:-6396','treasury.facts.BillItem','treasury.facts.BillItem','BILLITEM',0,NULL,NULL,NULL,NULL,NULL,0),('RCOND3f65f585:15b74b1144b:-64dd','RUL3f65f585:15b74b1144b:-65b4','obo.facts.OboDecimalInfo','obo.facts.OboDecimalInfo',NULL,1,NULL,NULL,NULL,NULL,NULL,0),('RCOND3f65f585:15b74b1144b:-6567','RUL3f65f585:15b74b1144b:-65b4','treasury.facts.BillItem','treasury.facts.BillItem','BILLITEM',0,NULL,NULL,NULL,NULL,NULL,0),('RCOND3f65f585:15b74b1144b:-71c9','RUL3f65f585:15b74b1144b:-73aa','obo.facts.OboDecimalInfo','obo.facts.OboDecimalInfo',NULL,2,NULL,NULL,NULL,NULL,NULL,0),('RCOND3f65f585:15b74b1144b:-7253','RUL3f65f585:15b74b1144b:-73aa','treasury.facts.BillItem','treasury.facts.BillItem','BILLITEM',1,NULL,NULL,NULL,NULL,NULL,0),('RCOND3f65f585:15b74b1144b:-756f','RUL3f65f585:15b74b1144b:-7647','obo.facts.OboDecimalInfo','obo.facts.OboDecimalInfo',NULL,1,NULL,NULL,NULL,NULL,NULL,0),('RCOND3f65f585:15b74b1144b:-75fa','RUL3f65f585:15b74b1144b:-7647','treasury.facts.BillItem','treasury.facts.BillItem','BILLITEM',0,NULL,NULL,NULL,NULL,NULL,0),('RCOND4404e751:1701e755e4b:-7a23','RUL55d9e7c7:16a3522d159:-7c8e','obo.facts.OboDocument','obo.facts.OboDocument','BD',1,NULL,NULL,NULL,NULL,NULL,0),('RCOND4404e751:1701e755e4b:-7e00','RUL-108b4192:15b3d234d5c:-67b1','obo.facts.OboDocument','obo.facts.OboDocument','BD',1,NULL,NULL,NULL,NULL,NULL,0),('RCOND482f4d8b:17635283290:-70b7','RUL482f4d8b:17635283290:-7a18','obo.facts.OboDecimalInfo','obo.facts.OboDecimalInfo',NULL,1,NULL,NULL,NULL,NULL,NULL,0),('RCOND482f4d8b:17635283290:-78ea','RUL482f4d8b:17635283290:-7a18','treasury.facts.BillItem','treasury.facts.BillItem','BILLITEM',0,NULL,NULL,NULL,NULL,NULL,0),('RCOND48d65dac:169e67264db:-7ec5','RUL-75b995c:15b18c6b9a6:-73a0','obo.facts.BuildingInfo','obo.facts.BuildingInfo','APP',2,NULL,NULL,NULL,NULL,NULL,0),('RCOND4cf13b0:15b4dbc7b17:-75c5','RUL4cf13b0:15b4dbc7b17:-769d','obo.facts.OboDecimalInfo','obo.facts.OboDecimalInfo',NULL,1,NULL,NULL,NULL,NULL,NULL,0),('RCOND4d067882:1701e80e652:-7320','RUL-46ef70e6:15b192ccb94:-7783','obo.facts.OboDocument','obo.facts.OboDocument','BD',2,NULL,NULL,NULL,NULL,NULL,0),('RCOND4d067882:1701e80e652:-7511','RUL-75b995c:15b18c6b9a6:-6dbc','obo.facts.OboDocument','obo.facts.OboDocument','BD',2,NULL,NULL,NULL,NULL,NULL,0),('RCOND4d067882:1701e80e652:-760e','RUL-46ef70e6:15b192ccb94:-78f4','obo.facts.OboDocument','obo.facts.OboDocument','BD',2,NULL,NULL,NULL,NULL,NULL,0),('RCOND4d067882:1701e80e652:-77af','RUL-46ef70e6:15b192ccb94:-755f','obo.facts.OboDocument','obo.facts.OboDocument','BD',2,NULL,NULL,NULL,NULL,NULL,0),('RCOND4d067882:1701e80e652:-79e8','RUL-181817d3:15bf4e3b890:-73e2','obo.facts.OboDocument','obo.facts.OboDocument','BD',2,NULL,NULL,NULL,NULL,NULL,0),('RCOND4e513a84:15b291a0165:-7eba','RUL4e513a84:15b291a0165:-7eee','treasury.facts.BillItem','treasury.facts.BillItem','BILLITEM',0,NULL,NULL,NULL,NULL,NULL,0),('RCOND51c2b1c4:15b69a42d57:-7630','RUL51c2b1c4:15b69a42d57:-7855','obo.facts.OboDecimalInfo','obo.facts.OboDecimalInfo',NULL,1,NULL,NULL,NULL,NULL,NULL,0),('RCOND51c2b1c4:15b69a42d57:-779f','RUL51c2b1c4:15b69a42d57:-7855','treasury.facts.BillItem','treasury.facts.BillItem','BILLITEM',0,NULL,NULL,NULL,NULL,NULL,0),('RCOND53dfe0fc:178d9b96507:-7656','RUL53dfe0fc:178d9b96507:-7b1a','workflow.facts.WfInfo','workflow.facts.WfInfo','WINFO',1,NULL,NULL,NULL,NULL,NULL,0),('RCOND53dfe0fc:178d9b96507:-77f3','RUL53dfe0fc:178d9b96507:-7b1a','workflow.facts.WfDecision','workflow.facts.WfDecision','WD',1,NULL,NULL,NULL,NULL,NULL,0),('RCOND544e84a6:15b372b5faf:-7e18','RUL-26004fad:15b36e43946:-7e78','treasury.facts.BillItem','treasury.facts.BillItem','BILLITEM',1,NULL,NULL,NULL,NULL,NULL,0),('RCOND59515aa4:16a3a32fa5e:-4696','RUL59515aa4:16a3a32fa5e:-6790','treasury.facts.BillItem','treasury.facts.BillItem','BILLITEM',1,NULL,NULL,NULL,NULL,NULL,0),('RCOND59515aa4:16a3a32fa5e:-5f34','RUL59515aa4:16a3a32fa5e:-7883','treasury.facts.BillItem','treasury.facts.BillItem','BILLITEM',2,NULL,NULL,NULL,NULL,NULL,0),('RCOND59515aa4:16a3a32fa5e:-6012','RUL59515aa4:16a3a32fa5e:-782e','treasury.facts.BillItem','treasury.facts.BillItem','BILLITEM',2,NULL,NULL,NULL,NULL,NULL,0),('RCOND59515aa4:16a3a32fa5e:-60f0','RUL59515aa4:16a3a32fa5e:-77fa','treasury.facts.BillItem','treasury.facts.BillItem','BILLITEM',2,NULL,NULL,NULL,NULL,NULL,0),('RCOND59515aa4:16a3a32fa5e:-61ce','RUL59515aa4:16a3a32fa5e:-77c6','treasury.facts.BillItem','treasury.facts.BillItem','BILLITEM',2,NULL,NULL,NULL,NULL,NULL,0),('RCOND59515aa4:16a3a32fa5e:-62ac','RUL59515aa4:16a3a32fa5e:-7792','treasury.facts.BillItem','treasury.facts.BillItem','BILLITEM',2,NULL,NULL,NULL,NULL,NULL,0),('RCOND59515aa4:16a3a32fa5e:-63aa','RUL59515aa4:16a3a32fa5e:-775e','treasury.facts.BillItem','treasury.facts.BillItem','BILLITEM',2,NULL,NULL,NULL,NULL,NULL,0),('RCOND59515aa4:16a3a32fa5e:-6d02','RUL59515aa4:16a3a32fa5e:-7883','obo.facts.OboDecimalInfo','obo.facts.OboDecimalInfo',NULL,2,NULL,NULL,NULL,NULL,NULL,0),('RCOND59515aa4:16a3a32fa5e:-6e68','RUL59515aa4:16a3a32fa5e:-782e','obo.facts.OboDecimalInfo','obo.facts.OboDecimalInfo',NULL,2,NULL,NULL,NULL,NULL,NULL,0),('RCOND59515aa4:16a3a32fa5e:-6fcb','RUL59515aa4:16a3a32fa5e:-77fa','obo.facts.OboDecimalInfo','obo.facts.OboDecimalInfo',NULL,2,NULL,NULL,NULL,NULL,NULL,0),('RCOND59515aa4:16a3a32fa5e:-71bc','RUL59515aa4:16a3a32fa5e:-77c6','obo.facts.OboDecimalInfo','obo.facts.OboDecimalInfo',NULL,2,NULL,NULL,NULL,NULL,NULL,0),('RCOND59515aa4:16a3a32fa5e:-735a','RUL59515aa4:16a3a32fa5e:-7792','obo.facts.OboDecimalInfo','obo.facts.OboDecimalInfo',NULL,2,NULL,NULL,NULL,NULL,NULL,0),('RCOND59515aa4:16a3a32fa5e:-7412','RUL59515aa4:16a3a32fa5e:-775e','obo.facts.OccupancyType','obo.facts.OccupancyType',NULL,1,NULL,NULL,NULL,NULL,NULL,0),('RCOND59515aa4:16a3a32fa5e:-7555','RUL59515aa4:16a3a32fa5e:-775e','obo.facts.OboDecimalInfo','obo.facts.OboDecimalInfo',NULL,2,NULL,NULL,NULL,NULL,NULL,0),('RCOND5c26d02a:178f398c3aa:-6ead','RUL5c26d02a:178f398c3aa:-6f0c','workflow.facts.WfTaskResult','workflow.facts.WfTaskResult','WT',0,NULL,NULL,NULL,NULL,NULL,0),('RCOND5c26d02a:178f398c3aa:-75ec','RUL5c26d02a:178f398c3aa:-7d10','workflow.facts.WfTransition','workflow.facts.WfTransition','WT',1,NULL,NULL,NULL,NULL,NULL,0),('RCOND67f85531:15b22c52b19:-78f7','RUL67f85531:15b22c52b19:-7925','treasury.facts.BillItem','treasury.facts.BillItem','BILLITEM',0,NULL,NULL,NULL,NULL,NULL,0),('RCOND6cc4d33e:15b3c1e2e72:-4bda','RUL4e513a84:15b291a0165:-7eee','obo.facts.OboDecimalInfo','obo.facts.OboDecimalInfo',NULL,2,NULL,NULL,NULL,NULL,NULL,0),('RCOND6cc4d33e:15b3c1e2e72:-4d55','RUL6cc4d33e:15b3c1e2e72:-4e7a','obo.facts.OboIntegerInfo','obo.facts.OboIntegerInfo',NULL,2,NULL,NULL,NULL,NULL,NULL,0),('RCOND6cc4d33e:15b3c1e2e72:-4fa2','RUL10bc2a9b:15b3805d39e:-7cd0','obo.facts.OboIntegerInfo','obo.facts.OboIntegerInfo',NULL,2,NULL,NULL,NULL,NULL,NULL,0),('RCOND6cc4d33e:15b3c1e2e72:-50f9','RUL10bc2a9b:15b3805d39e:-7ce1','obo.facts.OboIntegerInfo','obo.facts.OboIntegerInfo',NULL,2,NULL,NULL,NULL,NULL,NULL,0),('RCOND6cc4d33e:15b3c1e2e72:-523d','RUL-5a2a6f0f:15b37b47575:-72c2','obo.facts.OboDecimalInfo','obo.facts.OboDecimalInfo',NULL,2,NULL,NULL,NULL,NULL,NULL,0),('RCOND6cc4d33e:15b3c1e2e72:-5338','RUL-5a2a6f0f:15b37b47575:-72d3','obo.facts.OboDecimalInfo','obo.facts.OboDecimalInfo',NULL,2,NULL,NULL,NULL,NULL,NULL,0),('RCOND6cc4d33e:15b3c1e2e72:-54dc','RUL-5a2a6f0f:15b37b47575:-72e4','obo.facts.OboDecimalInfo','obo.facts.OboDecimalInfo',NULL,2,NULL,NULL,NULL,NULL,NULL,0),('RCOND6cc4d33e:15b3c1e2e72:-55e0','RUL-5a2a6f0f:15b37b47575:-72f5','obo.facts.OboDecimalInfo','obo.facts.OboDecimalInfo',NULL,2,NULL,NULL,NULL,NULL,NULL,0),('RCOND6cc4d33e:15b3c1e2e72:-578f','RUL-5a2a6f0f:15b37b47575:-7306','obo.facts.OboDecimalInfo','obo.facts.OboDecimalInfo',NULL,2,NULL,NULL,NULL,NULL,NULL,0),('RCOND6cc4d33e:15b3c1e2e72:-589d','RUL-5a2a6f0f:15b37b47575:-7317','obo.facts.OboDecimalInfo','obo.facts.OboDecimalInfo',NULL,2,NULL,NULL,NULL,NULL,NULL,0),('RCOND6cc4d33e:15b3c1e2e72:-5a98','RUL544e84a6:15b372b5faf:-782f','obo.facts.OboDecimalInfo','obo.facts.OboDecimalInfo',NULL,2,NULL,NULL,NULL,NULL,NULL,0),('RCOND6cc4d33e:15b3c1e2e72:-5c17','RUL544e84a6:15b372b5faf:-7959','obo.facts.OboIntegerInfo','obo.facts.OboIntegerInfo',NULL,2,NULL,NULL,NULL,NULL,NULL,0),('RCOND6cc4d33e:15b3c1e2e72:-5dca','RUL544e84a6:15b372b5faf:-7c53','obo.facts.OboDecimalInfo','obo.facts.OboDecimalInfo',NULL,2,NULL,NULL,NULL,NULL,NULL,0),('RCOND6cc4d33e:15b3c1e2e72:-5f4e','RUL544e84a6:15b372b5faf:-7d4b','obo.facts.OboDecimalInfo','obo.facts.OboDecimalInfo',NULL,2,NULL,NULL,NULL,NULL,NULL,0),('RCOND6cc4d33e:15b3c1e2e72:-6581','RUL-26004fad:15b36e43946:-7e78','obo.facts.OboDecimalInfo','obo.facts.OboDecimalInfo',NULL,2,NULL,NULL,NULL,NULL,NULL,0),('RCOND6cc4d33e:15b3c1e2e72:-702e','RUL6cc4d33e:15b3c1e2e72:-708f','obo.facts.OboDecimalInfo','obo.facts.OboDecimalInfo',NULL,2,NULL,NULL,NULL,NULL,NULL,0),('RCOND6cc4d33e:15b3c1e2e72:-7200','RUL6a083481:15b1d42e454:-7e47','obo.facts.OboDecimalInfo','obo.facts.OboDecimalInfo',NULL,2,NULL,NULL,NULL,NULL,NULL,0),('RCOND6cc4d33e:15b3c1e2e72:-7315','RUL-41499999:15b23048395:-7ed8','obo.facts.OboIntegerInfo','obo.facts.OboIntegerInfo',NULL,1,NULL,NULL,NULL,NULL,NULL,0),('RCOND6cc4d33e:15b3c1e2e72:-7432','RUL-41499999:15b23048395:-7d1e','obo.facts.OboIntegerInfo','obo.facts.OboIntegerInfo',NULL,1,NULL,NULL,NULL,NULL,NULL,0),('RCOND6cc4d33e:15b3c1e2e72:-754c','RUL-41499999:15b23048395:-77fd','obo.facts.OboIntegerInfo','obo.facts.OboIntegerInfo',NULL,2,NULL,NULL,NULL,NULL,NULL,0),('RCOND6cc4d33e:15b3c1e2e72:-7666','RUL-41499999:15b23048395:-77db','obo.facts.OboIntegerInfo','obo.facts.OboIntegerInfo',NULL,2,NULL,NULL,NULL,NULL,NULL,0),('RCOND6cc4d33e:15b3c1e2e72:-7ab0','RUL-41499999:15b23048395:-77ec','obo.facts.OboIntegerInfo','obo.facts.OboIntegerInfo',NULL,2,NULL,NULL,NULL,NULL,NULL,0),('RCOND6e008a5f:15b6c73a9f2:-7d8d','RUL6e008a5f:15b6c73a9f2:-7e6e','obo.facts.OboDecimalInfo','obo.facts.OboDecimalInfo',NULL,1,NULL,NULL,NULL,NULL,NULL,0),('RCOND6e008a5f:15b6c73a9f2:-7e16','RUL6e008a5f:15b6c73a9f2:-7e6e','treasury.facts.BillItem','treasury.facts.BillItem','BILLITEM',0,NULL,NULL,NULL,NULL,NULL,0),('RCOND6e49d4a7:178df84116c:-7c75','RUL6e49d4a7:178df84116c:-7dbb','workflow.facts.WfTaskResult','workflow.facts.WfTaskResult','WT',0,NULL,NULL,NULL,NULL,NULL,0),('RCOND7326c266:1763b5535c7:-7443','RUL7326c266:1763b5535c7:-7719','treasury.facts.BillItem','treasury.facts.BillItem','BILLITEM',2,NULL,NULL,NULL,NULL,NULL,0),('RCOND7326c266:1763b5535c7:-750f','RUL7326c266:1763b5535c7:-7719','obo.facts.OboDocument','obo.facts.OboDocument','DOC',1,NULL,NULL,NULL,NULL,NULL,0),('RCOND7326c266:1763b5535c7:-7674','RUL7326c266:1763b5535c7:-7719','treasury.facts.BillItem','treasury.facts.BillItem','FIREFEE',0,NULL,NULL,NULL,NULL,NULL,0),('RCOND75928924:15b1d4d1c53:-7328','RUL6a083481:15b1d42e454:-7e47','treasury.facts.BillItem','treasury.facts.BillItem','BILLITEM',1,NULL,NULL,NULL,NULL,NULL,0),('RCOND79522df:178f7318fbf:-78a2','RUL79522df:178f7318fbf:-79c9','workflow.facts.WfTaskResult','workflow.facts.WfTaskResult','WT',0,NULL,NULL,NULL,NULL,NULL,0),('RCOND7c39e053:1763abc2c56:-6cfd','RUL67dafb9:15b5100218a:-7bbc','obo.facts.BuildingInfo','obo.facts.BuildingInfo',NULL,2,NULL,NULL,NULL,NULL,NULL,0),('RCOND7c39e053:1763abc2c56:-6e27','RUL67dafb9:15b5100218a:-7bcd','obo.facts.OboDocument','obo.facts.OboDocument','DOC',3,NULL,NULL,NULL,NULL,NULL,0),('RCOND7c39e053:1763abc2c56:-710a','RUL67dafb9:15b5100218a:-7bcd','obo.facts.BuildingInfo','obo.facts.BuildingInfo',NULL,2,NULL,NULL,NULL,NULL,NULL,0),('RCOND7c39e053:1763abc2c56:-73cf','RUL67dafb9:15b5100218a:-7bde','obo.facts.BuildingInfo','obo.facts.BuildingInfo',NULL,3,NULL,NULL,NULL,NULL,NULL,0),('RCOND7c39e053:1763abc2c56:-7497','RUL67dafb9:15b5100218a:-7bde','obo.facts.OboDocument','obo.facts.OboDocument','DOC',2,NULL,NULL,NULL,NULL,NULL,0),('RCOND7c39e053:1763abc2c56:-78d6','RUL67dafb9:15b5100218a:-7bef','obo.facts.OboDocument','obo.facts.OboDocument','DOC',3,NULL,NULL,NULL,NULL,NULL,0),('RCOND7c39e053:1763abc2c56:-79d7','RUL67dafb9:15b5100218a:-7bef','obo.facts.BuildingInfo','obo.facts.BuildingInfo',NULL,2,NULL,NULL,NULL,NULL,NULL,0),('RCOND7c39e053:1763abc2c56:-7ade','RUL67dafb9:15b5100218a:-7ea4','obo.facts.OboDocument','obo.facts.OboDocument','DOC',2,NULL,NULL,NULL,NULL,NULL,0),('RCOND7c39e053:1763abc2c56:-7c0a','RUL67dafb9:15b5100218a:-7ea4','obo.facts.BuildingInfo','obo.facts.BuildingInfo',NULL,2,NULL,NULL,NULL,NULL,NULL,0),('RCOND7c878a78:178fdeed45e:-7a3a','RUL7c878a78:178fdeed45e:-7a74','workflow.facts.WfTaskResult','workflow.facts.WfTaskResult','WT',0,NULL,NULL,NULL,NULL,NULL,0),('RCOND7c878a78:178fdeed45e:-7d77','RUL7c878a78:178fdeed45e:-7db9','workflow.facts.WfTransition','workflow.facts.WfTransition','WT',0,NULL,NULL,NULL,NULL,NULL,0),('RCONDa4090ca:178e495ba55:-7ad2','RULa4090ca:178e495ba55:-7b0a','workflow.facts.WfTaskResult','workflow.facts.WfTaskResult','WT',0,NULL,NULL,NULL,NULL,NULL,0),('RCONDb3b305a:176400527ad:-68f0','RULb3b305a:176400527ad:-6969','treasury.facts.BillItem','treasury.facts.BillItem','BILLITEM',0,NULL,NULL,NULL,NULL,NULL,0);
/*!40000 ALTER TABLE `sys_rule_condition` ENABLE KEYS */;
UNLOCK TABLES;

--
-- Table structure for table `sys_rule_condition_constraint`
--

DROP TABLE IF EXISTS `sys_rule_condition_constraint`;
/*!40101 SET @saved_cs_client     = @@character_set_client */;
/*!40101 SET character_set_client = utf8 */;
CREATE TABLE `sys_rule_condition_constraint` (
  `objid` varchar(50) NOT NULL,
  `parentid` varchar(50) DEFAULT NULL,
  `field_objid` varchar(100) DEFAULT NULL,
  `fieldname` varchar(50) DEFAULT NULL,
  `varname` varchar(50) DEFAULT NULL,
  `operator_caption` varchar(50) DEFAULT NULL,
  `operator_symbol` varchar(50) DEFAULT NULL,
  `usevar` int(11) DEFAULT NULL,
  `var_objid` varchar(50) DEFAULT NULL,
  `var_name` varchar(50) DEFAULT NULL,
  `decimalvalue` decimal(16,2) DEFAULT NULL,
  `intvalue` int(11) DEFAULT NULL,
  `stringvalue` varchar(255) DEFAULT NULL,
  `listvalue` longtext,
  `datevalue` date DEFAULT NULL,
  `pos` int(11) DEFAULT NULL,
  PRIMARY KEY (`objid`) USING BTREE,
  KEY `parentid` (`parentid`) USING BTREE,
  KEY `var_objid` (`var_objid`) USING BTREE,
  KEY `sys_rule_condition_constraint_fact_field` (`field_objid`) USING BTREE,
  CONSTRAINT `sys_rule_condition_constraint_fact_field` FOREIGN KEY (`field_objid`) REFERENCES `sys_rule_fact_field` (`objid`),
  CONSTRAINT `sys_rule_condition_constraint_ibfk_1` FOREIGN KEY (`parentid`) REFERENCES `sys_rule_condition` (`objid`),
  CONSTRAINT `sys_rule_condition_constraint_ibfk_2` FOREIGN KEY (`var_objid`) REFERENCES `sys_rule_condition_var` (`objid`)
) ENGINE=InnoDB DEFAULT CHARSET=utf8;
/*!40101 SET character_set_client = @saved_cs_client */;

--
-- Dumping data for table `sys_rule_condition_constraint`
--

LOCK TABLES `sys_rule_condition_constraint` WRITE;
/*!40000 ALTER TABLE `sys_rule_condition_constraint` DISABLE KEYS */;
INSERT INTO `sys_rule_condition_constraint` VALUES ('RCC-10cfc191:15b48bf8d6b:-7fee','RC-10cfc191:15b48bf8d6b:-7ff0','obo.facts.OboIntegerInfo.name','name',NULL,'is any of the ff.','matches',NULL,NULL,NULL,NULL,NULL,NULL,'[[key:\"WATER_CLOSET\",value:\"WATER CLOSET\"],[key:\"LAVATORY\",value:\"LAVATORY\"],[key:\"SLOP_SINK\",value:\"SLOP SINK\"],[key:\"BATH_TUB\",value:\"BATH TUB\"],[key:\"GREASE_TRAP\",value:\"GREASE TRAP\"],[key:\"GARAGE_TRAP\",value:\"GARAGE TRAP\"],[key:\"GAS_FIRED_WATER_HEATER\",value:\"GAS FIRED WATER HEATER\"]]',NULL,0),('RCC-10cfc191:15b48bf8d6b:-7fef','RC-10cfc191:15b48bf8d6b:-7ff0','obo.facts.OboIntegerInfo.value','value','UNIT',NULL,NULL,NULL,NULL,NULL,NULL,NULL,NULL,NULL,NULL,1),('RCC-1b89c680:16a38f14701:-7e8f','RC-1b89c680:16a38f14701:-7e90','treasury.facts.BillItem.billcode','billcode',NULL,'is any of the ff.','matches',NULL,NULL,NULL,NULL,NULL,NULL,'[[key:\"ELECTRONIC_FEE\",value:\"ELECTRONIC FEE\"]]',NULL,0),('RCC-1b89c680:16a38f14701:-7e91','RC-1b89c680:16a38f14701:-7e93','obo.facts.OboIntegerInfo.name','name',NULL,'is any of the ff.','matches',NULL,NULL,NULL,NULL,NULL,NULL,'[[key:\"OTHER_ELECTRONIC_EQUIPMENT\",value:\"OTHER TYPES OR ELECTRONICS OR ELECTRONICALLY-CONTROLLED EQUIPMENT\"]]',NULL,1),('RCC-1b89c680:16a38f14701:-7e92','RC-1b89c680:16a38f14701:-7e93','obo.facts.OboIntegerInfo.value','value','UNIT',NULL,NULL,NULL,NULL,NULL,NULL,NULL,NULL,NULL,NULL,1),('RCC-1b89c680:16a38f14701:-7f38','RC-1b89c680:16a38f14701:-7f39','obo.facts.OboIntegerInfo.value','value','UNIT',NULL,NULL,NULL,NULL,NULL,NULL,NULL,NULL,NULL,NULL,1),('RCC-1b89c680:16a38f14701:-7f3a','RC-1b89c680:16a38f14701:-7f3b','treasury.facts.BillItem.billcode','billcode',NULL,'is any of the ff.','matches',NULL,NULL,NULL,NULL,NULL,NULL,'[[key:\"ELECTRONIC_FEE\",value:\"ELECTRONIC FEE\"]]',NULL,0),('RCC-1b89c680:16a38f14701:-7f41','RC-1b89c680:16a38f14701:-7f42','obo.facts.OboIntegerInfo.value','value','STRUC',NULL,NULL,NULL,NULL,NULL,NULL,NULL,NULL,NULL,NULL,1),('RCC-1b89c680:16a38f14701:-7f43','RC-1b89c680:16a38f14701:-7f44','treasury.facts.BillItem.billcode','billcode',NULL,'is any of the ff.','matches',NULL,NULL,NULL,NULL,NULL,NULL,'[[key:\"ELECTRONIC_FEE\",value:\"ELECTRONIC FEE\"]]',NULL,0),('RCC-1b89c680:16a38f14701:-7f52','RC-1b89c680:16a38f14701:-7f54','obo.facts.OboIntegerInfo.category','category',NULL,'equal to','==',NULL,NULL,NULL,NULL,NULL,'E',NULL,NULL,1),('RCC-1b89c680:16a38f14701:-7f53','RC-1b89c680:16a38f14701:-7f54','obo.facts.OboIntegerInfo.value','value','TERM',NULL,NULL,NULL,NULL,NULL,NULL,NULL,NULL,NULL,NULL,1),('RCC-1b89c680:16a38f14701:-7f55','RC-1b89c680:16a38f14701:-7f56','treasury.facts.BillItem.billcode','billcode',NULL,'is any of the ff.','matches',NULL,NULL,NULL,NULL,NULL,NULL,'[[key:\"ELECTRONIC_FEE\",value:\"ELECTRONIC FEE\"]]',NULL,0),('RCC-1b89c680:16a38f14701:-7f5b','RC-1b89c680:16a38f14701:-7f5d','obo.facts.OboIntegerInfo.category','category',NULL,'equal to','==',NULL,NULL,NULL,NULL,NULL,'D',NULL,NULL,1),('RCC-1b89c680:16a38f14701:-7f5c','RC-1b89c680:16a38f14701:-7f5d','obo.facts.OboIntegerInfo.value','value','OUTLET',NULL,NULL,NULL,NULL,NULL,NULL,NULL,NULL,NULL,NULL,1),('RCC-1b89c680:16a38f14701:-7f5e','RC-1b89c680:16a38f14701:-7f5f','treasury.facts.BillItem.billcode','billcode',NULL,'is any of the ff.','matches',NULL,NULL,NULL,NULL,NULL,NULL,'[[key:\"ELECTRONIC_FEE\",value:\"ELECTRONIC FEE\"]]',NULL,0),('RCC-1b89c680:16a38f14701:-7f64','RC-1b89c680:16a38f14701:-7f66','obo.facts.OboIntegerInfo.category','category',NULL,'equal to','==',NULL,NULL,NULL,NULL,NULL,'C',NULL,NULL,1),('RCC-1b89c680:16a38f14701:-7f65','RC-1b89c680:16a38f14701:-7f66','obo.facts.OboIntegerInfo.value','value','UNIT',NULL,NULL,NULL,NULL,NULL,NULL,NULL,NULL,NULL,NULL,1),('RCC-1b89c680:16a38f14701:-7f67','RC-1b89c680:16a38f14701:-7f68','treasury.facts.BillItem.billcode','billcode',NULL,'is any of the ff.','matches',NULL,NULL,NULL,NULL,NULL,NULL,'[[key:\"ELECTRONIC_FEE\",value:\"ELECTRONIC FEE\"]]',NULL,0),('RCC-1b89c680:16a38f14701:-7f6d','RC-1b89c680:16a38f14701:-7f6f','obo.facts.OboIntegerInfo.category','category',NULL,'matches','matches',NULL,NULL,NULL,NULL,NULL,'B|F',NULL,NULL,1),('RCC-1b89c680:16a38f14701:-7f6e','RC-1b89c680:16a38f14701:-7f6f','obo.facts.OboIntegerInfo.value','value','LOC',NULL,NULL,NULL,NULL,NULL,NULL,NULL,NULL,NULL,NULL,1),('RCC-1b89c680:16a38f14701:-7f70','RC-1b89c680:16a38f14701:-7f71','treasury.facts.BillItem.billcode','billcode',NULL,'is any of the ff.','matches',NULL,NULL,NULL,NULL,NULL,NULL,'[[key:\"ELECTRONIC_FEE\",value:\"ELECTRONIC FEE\"]]',NULL,0),('RCC-1b89c680:16a38f14701:-7fb6','RC-1b89c680:16a38f14701:-7fb7','treasury.facts.BillItem.billcode','billcode',NULL,'is any of the ff.','matches',NULL,NULL,NULL,NULL,NULL,NULL,'[[key:\"ELECTRONIC_FEE\",value:\"ELECTRONIC FEE\"]]',NULL,0),('RCC-1b89c680:16a38f14701:-7fb9','RC-1b89c680:16a38f14701:-7fba','obo.facts.OboIntegerInfo.value','value','PORT',NULL,NULL,NULL,NULL,NULL,NULL,NULL,NULL,NULL,NULL,1),('RCC-3389760c:1763b5a1616:-7ffd','RC-3389760c:1763b5a1616:-7ffe','obo.facts.BuildingInfo.highercost','highercost','COST',NULL,NULL,NULL,NULL,NULL,NULL,NULL,NULL,NULL,NULL,0),('RCC-3389760c:1763b5a1616:-7fff','RC-3389760c:1763b5a1616:-8000','obo.facts.OboDocument.doctype','doctype',NULL,'is any of the ff.','matches',NULL,NULL,NULL,NULL,NULL,NULL,'[[key:\"FSEC\",value:\"FIRE SAFETY EVALUATION CLEARANCE\"]]',NULL,0),('RCC-3394437b:16a4396e5cb:-7a72','RC-3394437b:16a4396e5cb:-7a73','treasury.facts.BillItem.billcode','billcode',NULL,'is any of the ff.','matches',NULL,NULL,NULL,NULL,NULL,NULL,'[[key:\"ACCESSORY_STRUCTURE_FEE\",value:\"ACCESSORY STRUCTURE FEE\"]]',NULL,0),('RCC-3394437b:16a4396e5cb:-7a74','RC-3394437b:16a4396e5cb:-7a76','obo.facts.OboDecimalInfo.value','value','SQM',NULL,NULL,NULL,NULL,NULL,NULL,NULL,NULL,NULL,NULL,1),('RCC-3394437b:16a4396e5cb:-7a75','RC-3394437b:16a4396e5cb:-7a76','obo.facts.OboDecimalInfo.name','name',NULL,'is any of the ff.','matches',NULL,NULL,NULL,NULL,NULL,NULL,'[[key:\"COLUMBARIUM\",value:\"COLUMBARIUM\"]]',NULL,0),('RCC-3394437b:16a4396e5cb:-7a92','RC-3394437b:16a4396e5cb:-7a94','obo.facts.OboDecimalInfo.name','name',NULL,'is any of the ff.','matches',NULL,NULL,NULL,NULL,NULL,NULL,'[[key:\"TOTALLY_ENCLOSED_MAUSOLEUM\",value:\"TOTALLY ENCLOSED MAUSOLEUM\"]]',NULL,0),('RCC-3394437b:16a4396e5cb:-7a93','RC-3394437b:16a4396e5cb:-7a94','obo.facts.OboDecimalInfo.value','value','SQM',NULL,NULL,NULL,NULL,NULL,NULL,NULL,NULL,NULL,NULL,1),('RCC-3394437b:16a4396e5cb:-7a95','RC-3394437b:16a4396e5cb:-7a96','treasury.facts.BillItem.billcode','billcode',NULL,'is any of the ff.','matches',NULL,NULL,NULL,NULL,NULL,NULL,'[[key:\"ACCESSORY_STRUCTURE_FEE\",value:\"ACCESSORY STRUCTURE FEE\"]]',NULL,0),('RCC-3394437b:16a4396e5cb:-7ad4','RC-3394437b:16a4396e5cb:-7ad5','treasury.facts.BillItem.billcode','billcode',NULL,'is any of the ff.','matches',NULL,NULL,NULL,NULL,NULL,NULL,'[[key:\"ACCESSORY_STRUCTURE_FEE\",value:\"ACCESSORY STRUCTURE FEE\"]]',NULL,0),('RCC-3394437b:16a4396e5cb:-7af4','RC-3394437b:16a4396e5cb:-7af5','treasury.facts.BillItem.billcode','billcode',NULL,'is any of the ff.','matches',NULL,NULL,NULL,NULL,NULL,NULL,'[[key:\"ACCESSORY_STRUCTURE_FEE\",value:\"ACCESSORY STRUCTURE FEE\"]]',NULL,0),('RCC-3394437b:16a4396e5cb:-7b27','RC-3394437b:16a4396e5cb:-7b29','obo.facts.OboDecimalInfo.name','name',NULL,'is any of the ff.','matches',NULL,NULL,NULL,NULL,NULL,NULL,'[[key:\"CONCRETE_OR_STEEL_TANK\",value:\"REINFORCED CONCRETE OR STEEL TANK\"]]',NULL,0),('RCC-3394437b:16a4396e5cb:-7b2a','RC-3394437b:16a4396e5cb:-7b2b','treasury.facts.BillItem.billcode','billcode',NULL,'is any of the ff.','matches',NULL,NULL,NULL,NULL,NULL,NULL,'[[key:\"ACCESSORY_STRUCTURE_FEE\",value:\"ACCESSORY STRUCTURE FEE\"]]',NULL,0),('RCC-3394437b:16a4396e5cb:-7b34','RC-3394437b:16a4396e5cb:-7b36','obo.facts.OboDecimalInfo.name','name',NULL,'is any of the ff.','matches',NULL,NULL,NULL,NULL,NULL,NULL,'[[key:\"CONCRETE_OR_STEEL_TANK_UNDERGROUND\",value:\"CONCRETE OR STEEL TANK (UNDERGROUND)\"]]',NULL,0),('RCC-3394437b:16a4396e5cb:-7b37','RC-3394437b:16a4396e5cb:-7b38','treasury.facts.BillItem.billcode','billcode',NULL,'is any of the ff.','matches',NULL,NULL,NULL,NULL,NULL,NULL,'[[key:\"ACCESSORY_STRUCTURE_FEE\",value:\"ACCESSORY STRUCTURE FEE\"]]',NULL,0),('RCC-3394437b:16a4396e5cb:-7bd5','RC-3394437b:16a4396e5cb:-7bd6','treasury.facts.BillItem.billcode','billcode',NULL,'is any of the ff.','matches',NULL,NULL,NULL,NULL,NULL,NULL,'[[key:\"ACCESSORY_STRUCTURE_FEE\",value:\"ACCESSORY STRUCTURE FEE\"]]',NULL,0),('RCC-3394437b:16a4396e5cb:-7bd7','RC-3394437b:16a4396e5cb:-7bd9','obo.facts.OboDecimalInfo.value','value','CUM',NULL,NULL,NULL,NULL,NULL,NULL,NULL,NULL,NULL,NULL,1),('RCC-3394437b:16a4396e5cb:-7bd8','RC-3394437b:16a4396e5cb:-7bd9','obo.facts.OboDecimalInfo.name','name',NULL,'is any of the ff.','matches',NULL,NULL,NULL,NULL,NULL,NULL,'[[key:\"KILN_FURNACE\",value:\"INDUSTRIAL KILN/FURNACE\"]]',NULL,0),('RCC-3394437b:16a4396e5cb:-7c0e','RC-3394437b:16a4396e5cb:-7c10','obo.facts.OboDecimalInfo.name','name',NULL,'is any of the ff.','matches',NULL,NULL,NULL,NULL,NULL,NULL,'[[key:\"FIXED_OVEN\",value:\"COMMERCIAL/INDUSTRIAL FIXED OVEN\"]]',NULL,0),('RCC-3394437b:16a4396e5cb:-7c0f','RC-3394437b:16a4396e5cb:-7c10','obo.facts.OboDecimalInfo.value','value','SQM',NULL,NULL,NULL,NULL,NULL,NULL,NULL,NULL,NULL,NULL,1),('RCC-3394437b:16a4396e5cb:-7c13','RC-3394437b:16a4396e5cb:-7c14','treasury.facts.BillItem.billcode','billcode',NULL,'is any of the ff.','matches',NULL,NULL,NULL,NULL,NULL,NULL,'[[key:\"ACCESSORY_STRUCTURE_FEE\",value:\"ACCESSORY STRUCTURE FEE\"]]',NULL,0),('RCC-3394437b:16a4396e5cb:-7c88','RC-3394437b:16a4396e5cb:-7c89','treasury.facts.BillItem.billcode','billcode',NULL,'is any of the ff.','matches',NULL,NULL,NULL,NULL,NULL,NULL,'[[key:\"ACCESSORY_STRUCTURE_FEE\",value:\"ACCESSORY STRUCTURE FEE\"]]',NULL,0),('RCC-3394437b:16a4396e5cb:-7c8a','RC-3394437b:16a4396e5cb:-7c8b','obo.facts.OccupancyType.group','group',NULL,'is any of the ff.','matches',NULL,NULL,NULL,NULL,NULL,NULL,'[[key:\"B\",value:\"B\"],[key:\"E\",value:\"E\"],[key:\"F\",value:\"F\"],[key:\"G\",value:\"G\"]]',NULL,0),('RCC-3394437b:16a4396e5cb:-7c8c','RC-3394437b:16a4396e5cb:-7c8e','obo.facts.OboDecimalInfo.value','value','HEIGHT',NULL,NULL,NULL,NULL,NULL,NULL,NULL,NULL,NULL,NULL,1),('RCC-3394437b:16a4396e5cb:-7c8d','RC-3394437b:16a4396e5cb:-7c8e','obo.facts.OboDecimalInfo.name','name',NULL,'is any of the ff.','matches',NULL,NULL,NULL,NULL,NULL,NULL,'[[key:\"CHIMNEY\",value:\"CHIMNEY\"]]',NULL,0),('RCC-3394437b:16a4396e5cb:-7caa','RC-3394437b:16a4396e5cb:-7cac','obo.facts.OboDecimalInfo.name','name',NULL,'is any of the ff.','matches',NULL,NULL,NULL,NULL,NULL,NULL,'[[key:\"SMOKESTACK\",value:\"SMOKESTACK\"]]',NULL,0),('RCC-3394437b:16a4396e5cb:-7cab','RC-3394437b:16a4396e5cb:-7cac','obo.facts.OboDecimalInfo.value','value','HEIGHT',NULL,NULL,NULL,NULL,NULL,NULL,NULL,NULL,NULL,NULL,1),('RCC-3394437b:16a4396e5cb:-7cad','RC-3394437b:16a4396e5cb:-7cae','obo.facts.OccupancyType.group','group',NULL,'is any of the ff.','matches',NULL,NULL,NULL,NULL,NULL,NULL,'[[key:\"B\",value:\"B\"],[key:\"E\",value:\"E\"],[key:\"F\",value:\"F\"],[key:\"G\",value:\"G\"]]',NULL,0),('RCC-3394437b:16a4396e5cb:-7caf','RC-3394437b:16a4396e5cb:-7cb0','treasury.facts.BillItem.billcode','billcode',NULL,'is any of the ff.','matches',NULL,NULL,NULL,NULL,NULL,NULL,'[[key:\"ACCESSORY_STRUCTURE_FEE\",value:\"ACCESSORY STRUCTURE FEE\"]]',NULL,0),('RCC-3394437b:16a4396e5cb:-7e9a','RC-3394437b:16a4396e5cb:-7e9c','obo.facts.OboDecimalInfo.name','name',NULL,'is any of the ff.','matches',NULL,NULL,NULL,NULL,NULL,NULL,'[[key:\"TOWER_AND_OTHER_STRUCTURE_TRILON_GUYED\",value:\"TOWER AND OTHER STRUCTURE (TRILON GUYED)\"]]',NULL,0),('RCC-3394437b:16a4396e5cb:-7e9b','RC-3394437b:16a4396e5cb:-7e9c','obo.facts.OboDecimalInfo.value','value','HEIGHT',NULL,NULL,NULL,NULL,NULL,NULL,NULL,NULL,NULL,NULL,1),('RCC-3394437b:16a4396e5cb:-7e9d','RC-3394437b:16a4396e5cb:-7e9e','obo.facts.OccupancyType.group','group',NULL,'is any of the ff.','matches',NULL,NULL,NULL,NULL,NULL,NULL,'[[key:\"C\",value:\"C\"],[key:\"D\",value:\"D\"],[key:\"H\",value:\"H\"],[key:\"I\",value:\"I\"]]',NULL,0),('RCC-3394437b:16a4396e5cb:-7e9f','RC-3394437b:16a4396e5cb:-7ea0','treasury.facts.BillItem.billcode','billcode',NULL,'is any of the ff.','matches',NULL,NULL,NULL,NULL,NULL,NULL,'[[key:\"ACCESSORY_STRUCTURE_FEE\",value:\"ACCESSORY STRUCTURE FEE\"]]',NULL,0),('RCC-3394437b:16a4396e5cb:-7eaa','RC-3394437b:16a4396e5cb:-7eac','obo.facts.OboDecimalInfo.name','name',NULL,'is any of the ff.','matches',NULL,NULL,NULL,NULL,NULL,NULL,'[[key:\"TOWER_AND_OTHER_STRUCTURE_TRILON_GUYED\",value:\"TOWER AND OTHER STRUCTURE (TRILON GUYED)\"]]',NULL,0),('RCC-3394437b:16a4396e5cb:-7eab','RC-3394437b:16a4396e5cb:-7eac','obo.facts.OboDecimalInfo.value','value','HEIGHT',NULL,NULL,NULL,NULL,NULL,NULL,NULL,NULL,NULL,NULL,1),('RCC-3394437b:16a4396e5cb:-7ead','RC-3394437b:16a4396e5cb:-7eae','obo.facts.OccupancyType.group','group',NULL,'is any of the ff.','matches',NULL,NULL,NULL,NULL,NULL,NULL,'[[key:\"A\",value:\"A\"]]',NULL,0),('RCC-3394437b:16a4396e5cb:-7eaf','RC-3394437b:16a4396e5cb:-7eb0','treasury.facts.BillItem.billcode','billcode',NULL,'is any of the ff.','matches',NULL,NULL,NULL,NULL,NULL,NULL,'[[key:\"ACCESSORY_STRUCTURE_FEE\",value:\"ACCESSORY STRUCTURE FEE\"]]',NULL,0),('RCC-3394437b:16a4396e5cb:-7eba','RC-3394437b:16a4396e5cb:-7ebb','treasury.facts.BillItem.billcode','billcode',NULL,'is any of the ff.','matches',NULL,NULL,NULL,NULL,NULL,NULL,'[[key:\"ACCESSORY_STRUCTURE_FEE\",value:\"ACCESSORY STRUCTURE FEE\"]]',NULL,0),('RCC-3394437b:16a4396e5cb:-7ebc','RC-3394437b:16a4396e5cb:-7ebd','obo.facts.OccupancyType.group','group',NULL,'is any of the ff.','matches',NULL,NULL,NULL,NULL,NULL,NULL,'[[key:\"B\",value:\"B\"],[key:\"E\",value:\"E\"],[key:\"F\",value:\"F\"],[key:\"G\",value:\"G\"]]',NULL,0),('RCC-3394437b:16a4396e5cb:-7ebe','RC-3394437b:16a4396e5cb:-7ec0','obo.facts.OboDecimalInfo.value','value','HEIGHT',NULL,NULL,NULL,NULL,NULL,NULL,NULL,NULL,NULL,NULL,1),('RCC-3394437b:16a4396e5cb:-7ebf','RC-3394437b:16a4396e5cb:-7ec0','obo.facts.OboDecimalInfo.name','name',NULL,'is any of the ff.','matches',NULL,NULL,NULL,NULL,NULL,NULL,'[[key:\"TOWER_AND_OTHER_STRUCTURE_TRILON_GUYED\",value:\"TOWER AND OTHER STRUCTURE (TRILON GUYED)\"]]',NULL,0),('RCC-3394437b:16a4396e5cb:-7ecc','RC-3394437b:16a4396e5cb:-7ecd','treasury.facts.BillItem.billcode','billcode',NULL,'is any of the ff.','matches',NULL,NULL,NULL,NULL,NULL,NULL,'[[key:\"ACCESSORY_STRUCTURE_FEE\",value:\"ACCESSORY STRUCTURE FEE\"]]',NULL,0),('RCC-3394437b:16a4396e5cb:-7ece','RC-3394437b:16a4396e5cb:-7ecf','obo.facts.OccupancyType.group','group',NULL,'is any of the ff.','matches',NULL,NULL,NULL,NULL,NULL,NULL,'[[key:\"C\",value:\"C\"],[key:\"D\",value:\"D\"],[key:\"H\",value:\"H\"],[key:\"I\",value:\"I\"]]',NULL,0),('RCC-3394437b:16a4396e5cb:-7ed0','RC-3394437b:16a4396e5cb:-7ed2','obo.facts.OboDecimalInfo.value','value','HEIGHT',NULL,NULL,NULL,NULL,NULL,NULL,NULL,NULL,NULL,NULL,1),('RCC-3394437b:16a4396e5cb:-7ed1','RC-3394437b:16a4396e5cb:-7ed2','obo.facts.OboDecimalInfo.name','name',NULL,'is any of the ff.','matches',NULL,NULL,NULL,NULL,NULL,NULL,'[[key:\"TOWER_AND_OTHER_STRUCTURE_SELF_SUPPORTING\",value:\"TOWER AND OTHER STRUCTURES (SELF-SUPPORTING)\"]]',NULL,0),('RCC-3394437b:16a4396e5cb:-7ed6','RC-3394437b:16a4396e5cb:-7ed7','treasury.facts.BillItem.billcode','billcode',NULL,'is any of the ff.','matches',NULL,NULL,NULL,NULL,NULL,NULL,'[[key:\"ACCESSORY_STRUCTURE_FEE\",value:\"ACCESSORY STRUCTURE FEE\"]]',NULL,0),('RCC-3394437b:16a4396e5cb:-7ed8','RC-3394437b:16a4396e5cb:-7ed9','obo.facts.OccupancyType.group','group',NULL,'is any of the ff.','matches',NULL,NULL,NULL,NULL,NULL,NULL,'[[key:\"A\",value:\"A\"]]',NULL,0),('RCC-3394437b:16a4396e5cb:-7eda','RC-3394437b:16a4396e5cb:-7edc','obo.facts.OboDecimalInfo.value','value','HEIGHT',NULL,NULL,NULL,NULL,NULL,NULL,NULL,NULL,NULL,NULL,1),('RCC-3394437b:16a4396e5cb:-7edb','RC-3394437b:16a4396e5cb:-7edc','obo.facts.OboDecimalInfo.name','name',NULL,'is any of the ff.','matches',NULL,NULL,NULL,NULL,NULL,NULL,'[[key:\"TOWER_AND_OTHER_STRUCTURE_SELF_SUPPORTING\",value:\"TOWER AND OTHER STRUCTURES (SELF-SUPPORTING)\"]]',NULL,0),('RCC-3394437b:16a4396e5cb:-7ef4','RC-3394437b:16a4396e5cb:-7ef6','obo.facts.OboDecimalInfo.name','name',NULL,'is any of the ff.','matches',NULL,NULL,NULL,NULL,NULL,NULL,'[[key:\"TOWER_AND_OTHER_STRUCTURE_SELF_SUPPORTING\",value:\"TOWER AND OTHER STRUCTURES (SELF-SUPPORTING)\"]]',NULL,0),('RCC-3394437b:16a4396e5cb:-7ef5','RC-3394437b:16a4396e5cb:-7ef6','obo.facts.OboDecimalInfo.value','value','HEIGHT',NULL,NULL,NULL,NULL,NULL,NULL,NULL,NULL,NULL,NULL,1),('RCC-3394437b:16a4396e5cb:-7ef7','RC-3394437b:16a4396e5cb:-7ef8','obo.facts.OccupancyType.group','group',NULL,'is any of the ff.','matches',NULL,NULL,NULL,NULL,NULL,NULL,'[[key:\"B\",value:\"B\"],[key:\"E\",value:\"E\"],[key:\"F\",value:\"F\"],[key:\"G\",value:\"G\"]]',NULL,0),('RCC-3394437b:16a4396e5cb:-7ef9','RC-3394437b:16a4396e5cb:-7efa','treasury.facts.BillItem.billcode','billcode',NULL,'is any of the ff.','matches',NULL,NULL,NULL,NULL,NULL,NULL,'[[key:\"ACCESSORY_STRUCTURE_FEE\",value:\"ACCESSORY STRUCTURE FEE\"]]',NULL,0),('RCC-37d558f5:16a4fd0d79e:-7fa4','RC-37d558f5:16a4fd0d79e:-7fa5','obo.facts.OccupancyType.group','group',NULL,'is any of the ff.','matches',NULL,NULL,NULL,NULL,NULL,NULL,'[[key:\"E\",value:\"E\"],[key:\"G\",value:\"G\"],[key:\"F\",value:\"F\"]]',NULL,1),('RCC-39c9f5f6:16a4e3b1db2:-7fa1','RC-39c9f5f6:16a4e3b1db2:-7fa3','obo.facts.OboDecimalInfo.value','value','CUM',NULL,NULL,NULL,NULL,NULL,NULL,NULL,NULL,NULL,NULL,1),('RCC-39c9f5f6:16a4e3b1db2:-7fa2','RC-39c9f5f6:16a4e3b1db2:-7fa3','obo.facts.OboDecimalInfo.name','name',NULL,'is any of the ff.','matches',NULL,NULL,NULL,NULL,NULL,NULL,'[[key:\"EXCAVATION\",value:\"EXCAVATION\"]]',NULL,0),('RCC-3d8191a1:17936ba3f16:-7fee','RC-3d8191a1:17936ba3f16:-7ff0','workflow.facts.WfTaskResult.processname','processname',NULL,'equal to','==',NULL,NULL,NULL,NULL,NULL,'building_permit',NULL,NULL,0),('RCC-3d8191a1:17936ba3f16:-7fef','RC-3d8191a1:17936ba3f16:-7ff0','workflow.facts.WfTaskResult.fromaction','fromaction',NULL,'equal to','==',NULL,NULL,NULL,NULL,NULL,'post-payment',NULL,NULL,1),('RCC-4dbf9d19:15bf4e01a24:-7fc4','RC-4dbf9d19:15bf4e01a24:-7fc5','treasury.facts.BillItem.txntype','txntype',NULL,'is any of the ff.','matches',NULL,NULL,NULL,NULL,NULL,NULL,'[[key:\"BLDG_ACCESSORY\",value:\"BLDG ACCESSORY FEE\"]]',NULL,0),('RCC-4dbf9d19:15bf4e01a24:-7fc6','RC-4dbf9d19:15bf4e01a24:-7fc8','obo.facts.OboDecimalInfo.name','name',NULL,'is any of the ff.','matches',NULL,NULL,NULL,NULL,NULL,NULL,'[[key:\"GARAGE\",value:\"GARAGE (AREA SQM)\"],[key:\"BALCONY_TERRACES_LANAI\",value:\"BALCONY TERRACES LANAI (AREA SQM)\"]]',NULL,0),('RCC-4dbf9d19:15bf4e01a24:-7fc7','RC-4dbf9d19:15bf4e01a24:-7fc8','obo.facts.OboDecimalInfo.value','value','AREA',NULL,NULL,NULL,NULL,NULL,NULL,NULL,NULL,NULL,NULL,1),('RCC-4dbf9d19:15bf4e01a24:-7fd1','RC-4dbf9d19:15bf4e01a24:-7fd2','treasury.facts.BillItem.txntype','txntype',NULL,'is any of the ff.','matches',NULL,NULL,NULL,NULL,NULL,NULL,'[[key:\"BLDG_ACCESSORY\",value:\"BLDG ACCESSORY FEE\"]]',NULL,0),('RCC-4dbf9d19:15bf4e01a24:-7fd3','RC-4dbf9d19:15bf4e01a24:-7fd5','obo.facts.OboDecimalInfo.name','name',NULL,'is any of the ff.','matches',NULL,NULL,NULL,NULL,NULL,NULL,'[[key:\"GARAGE\",value:\"GARAGE (AREA SQM)\"],[key:\"BALCONY_TERRACES_LANAI\",value:\"BALCONY TERRACES LANAI (AREA SQM)\"]]',NULL,0),('RCC-4dbf9d19:15bf4e01a24:-7fd4','RC-4dbf9d19:15bf4e01a24:-7fd5','obo.facts.OboDecimalInfo.value','value','AREA',NULL,NULL,NULL,NULL,NULL,NULL,NULL,NULL,NULL,NULL,1),('RCC-4dbf9d19:15bf4e01a24:-7fde','RC-4dbf9d19:15bf4e01a24:-7fdf','treasury.facts.BillItem.txntype','txntype',NULL,'is any of the ff.','matches',NULL,NULL,NULL,NULL,NULL,NULL,'[[key:\"BLDG_ACCESSORY\",value:\"BLDG ACCESSORY FEE\"]]',NULL,0),('RCC-4dbf9d19:15bf4e01a24:-7fe0','RC-4dbf9d19:15bf4e01a24:-7fe2','obo.facts.OboDecimalInfo.name','name',NULL,'is any of the ff.','matches',NULL,NULL,NULL,NULL,NULL,NULL,'[[key:\"GARAGE\",value:\"GARAGE (AREA SQM)\"],[key:\"BALCONY_TERRACES_LANAI\",value:\"BALCONY TERRACES LANAI (AREA SQM)\"]]',NULL,0),('RCC-4dbf9d19:15bf4e01a24:-7fe1','RC-4dbf9d19:15bf4e01a24:-7fe2','obo.facts.OboDecimalInfo.value','value','AREA',NULL,NULL,NULL,NULL,NULL,NULL,NULL,NULL,NULL,NULL,1),('RCC-4dbf9d19:15bf4e01a24:-7feb','RC-4dbf9d19:15bf4e01a24:-7fec','treasury.facts.BillItem.txntype','txntype',NULL,'is any of the ff.','matches',NULL,NULL,NULL,NULL,NULL,NULL,'[[key:\"BLDG_ACCESSORY\",value:\"BLDG ACCESSORY FEE\"]]',NULL,0),('RCC-4dbf9d19:15bf4e01a24:-7fed','RC-4dbf9d19:15bf4e01a24:-7fef','obo.facts.OboDecimalInfo.name','name',NULL,'is any of the ff.','matches',NULL,NULL,NULL,NULL,NULL,NULL,'[[key:\"GARAGE\",value:\"GARAGE (AREA SQM)\"],[key:\"BALCONY_TERRACES_LANAI\",value:\"BALCONY TERRACES LANAI (AREA SQM)\"]]',NULL,0),('RCC-4dbf9d19:15bf4e01a24:-7fee','RC-4dbf9d19:15bf4e01a24:-7fef','obo.facts.OboDecimalInfo.value','value','AREA',NULL,NULL,NULL,NULL,NULL,NULL,NULL,NULL,NULL,NULL,1),('RCC-52beabf2:15b3c40641b:-7fc1','RC-52beabf2:15b3c40641b:-7fc3','obo.facts.OboDecimalInfo.value','value','TON',NULL,NULL,NULL,NULL,NULL,NULL,NULL,NULL,NULL,NULL,1),('RCC-52beabf2:15b3c40641b:-7fc2','RC-52beabf2:15b3c40641b:-7fc3','obo.facts.OboDecimalInfo.name','name',NULL,'is any of the ff.','matches',NULL,NULL,NULL,NULL,NULL,NULL,'[[key:\"WEIGHING_SCALE_STRUCTURE_TON\",value:\"WEIGHING SCALE STRUCTURE (TONS)\"]]',NULL,0),('RCC-52beabf2:15b3c40641b:-7fcc','RC-52beabf2:15b3c40641b:-7fce','obo.facts.OboDecimalInfo.name','name',NULL,'is any of the ff.','matches',NULL,NULL,NULL,NULL,NULL,NULL,'[[key:\"PNEUMATIC_TUBE_CONVEYOR_MONORAIL\",value:\"PNEUMATIC TUBES, CONVEYORS AND MONORAILS\"]]',NULL,0),('RCC-52beabf2:15b3c40641b:-7fcd','RC-52beabf2:15b3c40641b:-7fce','obo.facts.OboDecimalInfo.value','value','LNM',NULL,NULL,NULL,NULL,NULL,NULL,NULL,NULL,NULL,NULL,1),('RCC-52beabf2:15b3c40641b:-7fd5','RC-52beabf2:15b3c40641b:-7fd7','obo.facts.OboDecimalInfo.name','name',NULL,'is any of the ff.','matches',NULL,NULL,NULL,NULL,NULL,NULL,'[[key:\"OTHER_MACHINERY_EQUIPMENT\",value:\"OTHER MACHINERY/EQUIPMENT\"]]',NULL,0),('RCC-52beabf2:15b3c40641b:-7fd6','RC-52beabf2:15b3c40641b:-7fd7','obo.facts.OboDecimalInfo.value','value','KW',NULL,NULL,NULL,NULL,NULL,NULL,NULL,NULL,NULL,NULL,1),('RCC-52beabf2:15b3c40641b:-7fdc','RC-52beabf2:15b3c40641b:-7fde','obo.facts.OboDecimalInfo.name','name',NULL,'is any of the ff.','matches',NULL,NULL,NULL,NULL,NULL,NULL,'[[key:\"POWER_PIPING_CUBIC\",value:\"POWER PIPING (CUBIC)\"],[key:\"POWER_PIPING_LINEAL\",value:\"POWER PIPING (LINEAL METER)\"]]',NULL,0),('RCC-52beabf2:15b3c40641b:-7fdd','RC-52beabf2:15b3c40641b:-7fde','obo.facts.OboDecimalInfo.value','value','VAL',NULL,NULL,NULL,NULL,NULL,NULL,NULL,NULL,NULL,NULL,1),('RCC-53717d20:15b4db8478f:-7fcb','RC-53717d20:15b4db8478f:-7fcd','obo.facts.OboIntegerInfo.name','name',NULL,'is any of the ff.','matches',NULL,NULL,NULL,NULL,NULL,NULL,'[[key:\"WATER_METER_25\",value:\"WATER METER (ABOVE 25 mm ├ÿ)\"]]',NULL,0),('RCC-53717d20:15b4db8478f:-7fcc','RC-53717d20:15b4db8478f:-7fcd','obo.facts.OboIntegerInfo.value','value','UNIT',NULL,NULL,NULL,NULL,NULL,NULL,NULL,NULL,NULL,NULL,1),('RCC-53717d20:15b4db8478f:-7fd4','RC-53717d20:15b4db8478f:-7fd6','obo.facts.OboIntegerInfo.name','name',NULL,'is any of the ff.','matches',NULL,NULL,NULL,NULL,NULL,NULL,'[[key:\"WATER_METER_12_25\",value:\"WATER METER (12-25 mm ├ÿ )\"]]',NULL,0),('RCC-53717d20:15b4db8478f:-7fd5','RC-53717d20:15b4db8478f:-7fd6','obo.facts.OboIntegerInfo.value','value','UNIT',NULL,NULL,NULL,NULL,NULL,NULL,NULL,NULL,NULL,NULL,1),('RCC-53717d20:15b4db8478f:-7fdd','RC-53717d20:15b4db8478f:-7fdf','obo.facts.OboIntegerInfo.name','name',NULL,'is any of the ff.','matches',NULL,NULL,NULL,NULL,NULL,NULL,'[[key:\"FAUCET\",value:\"FAUCET\"],[key:\"SHOWER_HEAD\",value:\"SHOWER HEAD\"],[key:\"DRINKING_FOUNTAIN\",value:\"DRINKING FOUNTAIN\"],[key:\"FIXED_TYPE_STERILIZER\",value:\"FIXED TYPE STERILIZER\"],[key:\"WATER_METER\",value:\"WATER METER\"]]',NULL,0),('RCC-53717d20:15b4db8478f:-7fde','RC-53717d20:15b4db8478f:-7fdf','obo.facts.OboIntegerInfo.value','value','UNIT',NULL,NULL,NULL,NULL,NULL,NULL,NULL,NULL,NULL,NULL,1),('RCC-53717d20:15b4db8478f:-7fe8','RC-53717d20:15b4db8478f:-7fea','obo.facts.OboIntegerInfo.value','value','UNIT',NULL,NULL,NULL,NULL,NULL,NULL,NULL,NULL,NULL,NULL,1),('RCC-53717d20:15b4db8478f:-7fe9','RC-53717d20:15b4db8478f:-7fea','obo.facts.OboIntegerInfo.name','name',NULL,'is any of the ff.','matches',NULL,NULL,NULL,NULL,NULL,NULL,'[[key:\"URINAL\",value:\"URINAL\"],[key:\"BIDET\",value:\"BIDET\"],[key:\"DENTAL_CUSPIDOR\",value:\"DENTAL CUSPIDOR\"],[key:\"BAR_SINK\",value:\"BAR SINK\"],[key:\"SODA_FOUNTAIN_SINK\",value:\"SODA FOUNTAIN SINK\"],[key:\"LAB_SINK\",value:\"LABORATORY SINK\"],[key:\"GAS_FIRED_WATER_HEATER\",value:\"GAS FIRED WATER HEATER\"],[key:\"LAUNDRY_SINK\",value:\"LAUNDRY SINK\"],[key:\"LAUNDRY_TRAY\",value:\"LAUNDRY TRAY\"]]',NULL,0),('RCC-53717d20:15b4db8478f:-7ff1','RC-53717d20:15b4db8478f:-7ff3','obo.facts.OboIntegerInfo.value','value','UNIT',NULL,NULL,NULL,NULL,NULL,NULL,NULL,NULL,NULL,NULL,1),('RCC-53717d20:15b4db8478f:-7ff2','RC-53717d20:15b4db8478f:-7ff3','obo.facts.OboIntegerInfo.name','name',NULL,'is any of the ff.','matches',NULL,NULL,NULL,NULL,NULL,NULL,'[[key:\"FLOOR_DRAIN\",value:\"FLOOR DRAIN\"],[key:\"KITCHEN_SINK\",value:\"KITCHEN SINK\"]]',NULL,0),('RCC-59612f04:15b6c1c41a7:-7fc1','RC-59612f04:15b6c1c41a7:-7fc2','treasury.facts.BillItem.txntype','txntype',NULL,'is any of the ff.','matches',NULL,NULL,NULL,NULL,NULL,NULL,'[[key:\"BLDG_ACCESSORY\",value:\"BLDG ACCESSORY FEE\"]]',NULL,0),('RCC-59612f04:15b6c1c41a7:-7fc3','RC-59612f04:15b6c1c41a7:-7fc5','obo.facts.OboDecimalInfo.name','name',NULL,'is any of the ff.','matches',NULL,NULL,NULL,NULL,NULL,NULL,'[[key:\"SWIMMING_POOL_INDIGENOUS\",value:\"SWIMMING POOL LOCAL INDIGENOUS MATERIALS (cuM)\"]]',NULL,0),('RCC-59612f04:15b6c1c41a7:-7fc4','RC-59612f04:15b6c1c41a7:-7fc5','obo.facts.OboDecimalInfo.value','value','CUM',NULL,NULL,NULL,NULL,NULL,NULL,NULL,NULL,NULL,NULL,1),('RCC-59612f04:15b6c1c41a7:-7fce','RC-59612f04:15b6c1c41a7:-7fd0','obo.facts.OboDecimalInfo.value','value','CUM',NULL,NULL,NULL,NULL,NULL,NULL,NULL,NULL,NULL,NULL,1),('RCC-59612f04:15b6c1c41a7:-7fcf','RC-59612f04:15b6c1c41a7:-7fd0','obo.facts.OboDecimalInfo.name','name',NULL,'is any of the ff.','matches',NULL,NULL,NULL,NULL,NULL,NULL,'[[key:\"SWIMMING_POOL_INDIGENOUS\",value:\"SWIMMING POOL LOCAL INDIGENOUS MATERIALS (cuM)\"]]',NULL,0),('RCC-59612f04:15b6c1c41a7:-7fd1','RC-59612f04:15b6c1c41a7:-7fd2','treasury.facts.BillItem.txntype','txntype',NULL,'is any of the ff.','matches',NULL,NULL,NULL,NULL,NULL,NULL,'[[key:\"BLDG_ACCESSORY\",value:\"BLDG ACCESSORY FEE\"]]',NULL,0),('RCC-59612f04:15b6c1c41a7:-7fd7','RC-59612f04:15b6c1c41a7:-7fd8','treasury.facts.BillItem.txntype','txntype',NULL,'is any of the ff.','matches',NULL,NULL,NULL,NULL,NULL,NULL,'[[key:\"BLDG_ACCESSORY\",value:\"BLDG ACCESSORY FEE\"]]',NULL,0),('RCC-59612f04:15b6c1c41a7:-7fd9','RC-59612f04:15b6c1c41a7:-7fdb','obo.facts.OboDecimalInfo.name','name',NULL,'is any of the ff.','matches',NULL,NULL,NULL,NULL,NULL,NULL,'[[key:\"SWIMMING_POOL_INDIGENOUS\",value:\"SWIMMING POOL LOCAL INDIGENOUS MATERIALS (cuM)\"]]',NULL,0),('RCC-59612f04:15b6c1c41a7:-7fda','RC-59612f04:15b6c1c41a7:-7fdb','obo.facts.OboDecimalInfo.value','value','CUM',NULL,NULL,NULL,NULL,NULL,NULL,NULL,NULL,NULL,NULL,1),('RCC-59612f04:15b6c1c41a7:-7fe4','RC-59612f04:15b6c1c41a7:-7fe6','obo.facts.OboDecimalInfo.value','value','CUM',NULL,NULL,NULL,NULL,NULL,NULL,NULL,NULL,NULL,NULL,1),('RCC-59612f04:15b6c1c41a7:-7fe5','RC-59612f04:15b6c1c41a7:-7fe6','obo.facts.OboDecimalInfo.name','name',NULL,'is any of the ff.','matches',NULL,NULL,NULL,NULL,NULL,NULL,'[[key:\"SWIMMING_POOL\",value:\"SWIMMING POOL (cuM)\"]]',NULL,0),('RCC-59612f04:15b6c1c41a7:-7fe7','RC-59612f04:15b6c1c41a7:-7fe8','treasury.facts.BillItem.txntype','txntype',NULL,'is any of the ff.','matches',NULL,NULL,NULL,NULL,NULL,NULL,'[[key:\"BLDG_ACCESSORY\",value:\"BLDG ACCESSORY FEE\"]]',NULL,0),('RCC-59612f04:15b6c1c41a7:-7fed','RC-59612f04:15b6c1c41a7:-7fee','treasury.facts.BillItem.txntype','txntype',NULL,'is any of the ff.','matches',NULL,NULL,NULL,NULL,NULL,NULL,'[[key:\"BLDG_ACCESSORY\",value:\"BLDG ACCESSORY FEE\"]]',NULL,0),('RCC-59612f04:15b6c1c41a7:-7fef','RC-59612f04:15b6c1c41a7:-7ff1','obo.facts.OboDecimalInfo.name','name',NULL,'is any of the ff.','matches',NULL,NULL,NULL,NULL,NULL,NULL,'[[key:\"SWIMMING_POOL\",value:\"SWIMMING POOL (cuM)\"]]',NULL,0),('RCC-59612f04:15b6c1c41a7:-7ff0','RC-59612f04:15b6c1c41a7:-7ff1','obo.facts.OboDecimalInfo.value','value','CUM',NULL,NULL,NULL,NULL,NULL,NULL,NULL,NULL,NULL,NULL,1),('RCC-640d0dca:178e51a8ae8:-7ff1','RC-640d0dca:178e51a8ae8:-7ff4','workflow.facts.WfTaskResult.processname','processname',NULL,'matches','matches',NULL,NULL,NULL,NULL,NULL,'building_permit|occupancy_certificate',NULL,NULL,0),('RCC-640d0dca:178e51a8ae8:-7ff2','RC-640d0dca:178e51a8ae8:-7ff4','workflow.facts.WfTaskResult.state','state',NULL,'matches','matches',NULL,NULL,NULL,NULL,NULL,'zoning-evaluation|trade-evaluation|inspection',NULL,NULL,1),('RCC-640d0dca:178e51a8ae8:-7ff3','RC-640d0dca:178e51a8ae8:-7ff4','workflow.facts.WfTaskResult.fromaction','fromaction',NULL,'equal to','==',NULL,NULL,NULL,NULL,NULL,'reactivate',NULL,NULL,2),('RCC-640d0dca:178e51a8ae8:-7ff9','RC-640d0dca:178e51a8ae8:-7ffc','workflow.facts.WfTaskResult.processname','processname',NULL,'matches','matches',NULL,NULL,NULL,NULL,NULL,'building_permit|occupancy_certificate',NULL,NULL,0),('RCC-640d0dca:178e51a8ae8:-7ffa','RC-640d0dca:178e51a8ae8:-7ffc','workflow.facts.WfTaskResult.state','state',NULL,'matches','matches',NULL,NULL,NULL,NULL,NULL,'zoning-evaluation|trade-evaluation|inspection',NULL,NULL,1),('RCC-640d0dca:178e51a8ae8:-7ffb','RC-640d0dca:178e51a8ae8:-7ffc','workflow.facts.WfTaskResult.fromaction','fromaction',NULL,'not equal to','!=',NULL,NULL,NULL,NULL,NULL,'reactivate',NULL,NULL,2),('RCC-709c4bfe:17916efdcce:-7ffe','RC-709c4bfe:17916efdcce:-8000','workflow.facts.WfTransition.fromstate','fromstate',NULL,'equal to','==',NULL,NULL,NULL,NULL,NULL,'receiving',NULL,NULL,1),('RCC-709c4bfe:17916efdcce:-7fff','RC-709c4bfe:17916efdcce:-8000','workflow.facts.WfTransition.processname','processname',NULL,'equal to','==',NULL,NULL,NULL,NULL,NULL,'building_permit',NULL,NULL,0),('RCC-75b062b8:1796f05369d:-7fab','RC-75b062b8:1796f05369d:-7fad','workflow.facts.WfTaskResult.processname','processname',NULL,'equal to','==',NULL,NULL,NULL,NULL,NULL,'occupancy_certificate',NULL,NULL,0),('RCC-75b062b8:1796f05369d:-7fac','RC-75b062b8:1796f05369d:-7fad','workflow.facts.WfTaskResult.state','state',NULL,'equal to','==',NULL,NULL,NULL,NULL,NULL,'inspection-revision',NULL,NULL,1),('RCC-7791fca7:1763ff8a714:-7fcc','RC-7791fca7:1763ff8a714:-7fcd','obo.facts.OboDocument.doctype','doctype',NULL,'is any of the ff.','matches',NULL,NULL,NULL,NULL,NULL,NULL,'[[key:\"FINAL_ELECTRICAL_INSPECTION\",value:\"FINAL ELECTRICAL INSPECTION CERTIFICATE\"]]',NULL,0),('RCC-d96c4a7:15bf6365df9:-7fe1','RC-d96c4a7:15bf6365df9:-7fe3','obo.facts.OboDecimalInfo.value','value','SQM',NULL,NULL,NULL,NULL,NULL,NULL,NULL,NULL,NULL,NULL,1),('RCC-d96c4a7:15bf6365df9:-7fe2','RC-d96c4a7:15bf6365df9:-7fe3','obo.facts.OboDecimalInfo.name','name',NULL,'is any of the ff.','matches',NULL,NULL,NULL,NULL,NULL,NULL,'[[key:\"PAINTEDON_ADVERTISING_SIGN\",value:\"PAINTED-ON ADVERTISING SIGN\"]]',NULL,0),('RCC16c3fcb:16a3a19e4b9:-7a79','RC16c3fcb:16a3a19e4b9:-7a7b','obo.facts.OboDecimalInfo.name','name',NULL,'is any of the ff.','matches',NULL,NULL,NULL,NULL,NULL,NULL,'[[key:\"SWIMMING_POOL_USING_INDIGENOUS_MATERIALS\",value:\"SWIMMING POOL USING INDIGENOUS MATERIALS\"]]',NULL,0),('RCC16c3fcb:16a3a19e4b9:-7a7a','RC16c3fcb:16a3a19e4b9:-7a7b','obo.facts.OboDecimalInfo.value','value','CUM',NULL,NULL,NULL,NULL,NULL,NULL,NULL,NULL,NULL,NULL,1),('RCC16c3fcb:16a3a19e4b9:-7a7c','RC16c3fcb:16a3a19e4b9:-7a7d','obo.facts.OccupancyType.group','group',NULL,'is any of the ff.','matches',NULL,NULL,NULL,NULL,NULL,NULL,'[[key:\"C\",value:\"C\"],[key:\"D\",value:\"D\"],[key:\"H\",value:\"H\"],[key:\"I\",value:\"I\"]]',NULL,0),('RCC16c3fcb:16a3a19e4b9:-7a7e','RC16c3fcb:16a3a19e4b9:-7a7f','treasury.facts.BillItem.billcode','billcode',NULL,'is any of the ff.','matches',NULL,NULL,NULL,NULL,NULL,NULL,'[[key:\"ACCESSORY_STRUCTURE_FEE\",value:\"ACCESSORY STRUCTURE FEE\"]]',NULL,0),('RCC16c3fcb:16a3a19e4b9:-7a85','RC16c3fcb:16a3a19e4b9:-7a87','obo.facts.OboDecimalInfo.name','name',NULL,'is any of the ff.','matches',NULL,NULL,NULL,NULL,NULL,NULL,'[[key:\"SWIMMING_POOL_USING_INDIGENOUS_MATERIALS\",value:\"SWIMMING POOL USING INDIGENOUS MATERIALS\"]]',NULL,0),('RCC16c3fcb:16a3a19e4b9:-7a86','RC16c3fcb:16a3a19e4b9:-7a87','obo.facts.OboDecimalInfo.value','value','CUM',NULL,NULL,NULL,NULL,NULL,NULL,NULL,NULL,NULL,NULL,1),('RCC16c3fcb:16a3a19e4b9:-7a88','RC16c3fcb:16a3a19e4b9:-7a89','obo.facts.OccupancyType.group','group',NULL,'is any of the ff.','matches',NULL,NULL,NULL,NULL,NULL,NULL,'[[key:\"B\",value:\"B\"],[key:\"E\",value:\"E\"],[key:\"F\",value:\"F\"],[key:\"G\",value:\"G\"]]',NULL,0),('RCC16c3fcb:16a3a19e4b9:-7a8a','RC16c3fcb:16a3a19e4b9:-7a8b','treasury.facts.BillItem.billcode','billcode',NULL,'is any of the ff.','matches',NULL,NULL,NULL,NULL,NULL,NULL,'[[key:\"ACCESSORY_STRUCTURE_FEE\",value:\"ACCESSORY STRUCTURE FEE\"]]',NULL,0),('RCC16c3fcb:16a3a19e4b9:-7a93','RC16c3fcb:16a3a19e4b9:-7a94','treasury.facts.BillItem.billcode','billcode',NULL,'is any of the ff.','matches',NULL,NULL,NULL,NULL,NULL,NULL,'[[key:\"ACCESSORY_STRUCTURE_FEE\",value:\"ACCESSORY STRUCTURE FEE\"]]',NULL,0),('RCC16c3fcb:16a3a19e4b9:-7a95','RC16c3fcb:16a3a19e4b9:-7a96','obo.facts.OccupancyType.group','group',NULL,'is any of the ff.','matches',NULL,NULL,NULL,NULL,NULL,NULL,'[[key:\"A\",value:\"A\"]]',NULL,0),('RCC16c3fcb:16a3a19e4b9:-7a97','RC16c3fcb:16a3a19e4b9:-7a99','obo.facts.OboDecimalInfo.value','value','CUM',NULL,NULL,NULL,NULL,NULL,NULL,NULL,NULL,NULL,NULL,1),('RCC16c3fcb:16a3a19e4b9:-7a98','RC16c3fcb:16a3a19e4b9:-7a99','obo.facts.OboDecimalInfo.name','name',NULL,'is any of the ff.','matches',NULL,NULL,NULL,NULL,NULL,NULL,'[[key:\"SWIMMING_POOL_USING_INDIGENOUS_MATERIALS\",value:\"SWIMMING POOL USING INDIGENOUS MATERIALS\"]]',NULL,0),('RCC16c3fcb:16a3a19e4b9:-7acb','RC16c3fcb:16a3a19e4b9:-7acc','treasury.facts.BillItem.billcode','billcode',NULL,'is any of the ff.','matches',NULL,NULL,NULL,NULL,NULL,NULL,'[[key:\"ACCESSORY_STRUCTURE_FEE\",value:\"ACCESSORY STRUCTURE FEE\"]]',NULL,0),('RCC16c3fcb:16a3a19e4b9:-7acd','RC16c3fcb:16a3a19e4b9:-7ace','obo.facts.OccupancyType.group','group',NULL,'is any of the ff.','matches',NULL,NULL,NULL,NULL,NULL,NULL,'[[key:\"C\",value:\"C\"],[key:\"D\",value:\"D\"],[key:\"H\",value:\"H\"],[key:\"I\",value:\"I\"]]',NULL,0),('RCC16c3fcb:16a3a19e4b9:-7acf','RC16c3fcb:16a3a19e4b9:-7ad1','obo.facts.OboDecimalInfo.value','value','CUM',NULL,NULL,NULL,NULL,NULL,NULL,NULL,NULL,NULL,NULL,1),('RCC16c3fcb:16a3a19e4b9:-7ad0','RC16c3fcb:16a3a19e4b9:-7ad1','obo.facts.OboDecimalInfo.name','name',NULL,'is any of the ff.','matches',NULL,NULL,NULL,NULL,NULL,NULL,'[[key:\"SWIMMING_POOL\",value:\"SWIMMING POOL\"]]',NULL,0),('RCC16c3fcb:16a3a19e4b9:-7ad5','RC16c3fcb:16a3a19e4b9:-7ad6','treasury.facts.BillItem.billcode','billcode',NULL,'is any of the ff.','matches',NULL,NULL,NULL,NULL,NULL,NULL,'[[key:\"ACCESSORY_STRUCTURE_FEE\",value:\"ACCESSORY STRUCTURE FEE\"]]',NULL,0),('RCC16c3fcb:16a3a19e4b9:-7ad7','RC16c3fcb:16a3a19e4b9:-7ad8','obo.facts.OccupancyType.group','group',NULL,'is any of the ff.','matches',NULL,NULL,NULL,NULL,NULL,NULL,'[[key:\"B\",value:\"B\"],[key:\"E\",value:\"E\"],[key:\"F\",value:\"F\"],[key:\"G\",value:\"G\"]]',NULL,0),('RCC16c3fcb:16a3a19e4b9:-7ad9','RC16c3fcb:16a3a19e4b9:-7adb','obo.facts.OboDecimalInfo.value','value','CUM',NULL,NULL,NULL,NULL,NULL,NULL,NULL,NULL,NULL,NULL,1),('RCC16c3fcb:16a3a19e4b9:-7ada','RC16c3fcb:16a3a19e4b9:-7adb','obo.facts.OboDecimalInfo.name','name',NULL,'is any of the ff.','matches',NULL,NULL,NULL,NULL,NULL,NULL,'[[key:\"SWIMMING_POOL\",value:\"SWIMMING POOL\"]]',NULL,0),('RCC16c3fcb:16a3a19e4b9:-7afb','RC16c3fcb:16a3a19e4b9:-7afd','obo.facts.OboDecimalInfo.name','name',NULL,'is any of the ff.','matches',NULL,NULL,NULL,NULL,NULL,NULL,'[[key:\"SWIMMING_POOL\",value:\"SWIMMING POOL\"]]',NULL,0),('RCC16c3fcb:16a3a19e4b9:-7afc','RC16c3fcb:16a3a19e4b9:-7afd','obo.facts.OboDecimalInfo.value','value','CUM',NULL,NULL,NULL,NULL,NULL,NULL,NULL,NULL,NULL,NULL,1),('RCC16c3fcb:16a3a19e4b9:-7b00','RC16c3fcb:16a3a19e4b9:-7b01','treasury.facts.BillItem.billcode','billcode',NULL,'is any of the ff.','matches',NULL,NULL,NULL,NULL,NULL,NULL,'[[key:\"ACCESSORY_STRUCTURE_FEE\",value:\"ACCESSORY STRUCTURE FEE\"]]',NULL,0),('RCC16c3fcb:16a3a19e4b9:-7b26','RC16c3fcb:16a3a19e4b9:-7b28','obo.facts.OboDecimalInfo.name','name',NULL,'is any of the ff.','matches',NULL,NULL,NULL,NULL,NULL,NULL,'[[key:\"BANK_AND_RECORD_VAULT\",value:\"BANK AND RECORD VAULT\"]]',NULL,0),('RCC16c3fcb:16a3a19e4b9:-7b27','RC16c3fcb:16a3a19e4b9:-7b28','obo.facts.OboDecimalInfo.value','value','CUM',NULL,NULL,NULL,NULL,NULL,NULL,NULL,NULL,NULL,NULL,1),('RCC16c3fcb:16a3a19e4b9:-7b29','RC16c3fcb:16a3a19e4b9:-7b2a','treasury.facts.BillItem.billcode','billcode',NULL,'is any of the ff.','matches',NULL,NULL,NULL,NULL,NULL,NULL,'[[key:\"ACCESSORY_STRUCTURE_FEE\",value:\"ACCESSORY STRUCTURE FEE\"]]',NULL,0),('RCC16c3fcb:16a3a19e4b9:-7f1e','RC16c3fcb:16a3a19e4b9:-7f1f','obo.facts.OccupancyType.division','division',NULL,'is any of the ff.','matches',NULL,NULL,NULL,NULL,NULL,NULL,'[[key:\"A2\",value:\"A2\"]]',NULL,0),('RCC16c3fcb:16a3a19e4b9:-7f2a','RC16c3fcb:16a3a19e4b9:-7f2b','obo.facts.OccupancyType.division','division',NULL,'is any of the ff.','matches',NULL,NULL,NULL,NULL,NULL,NULL,'[[key:\"B1\",value:\"B1\"],[key:\"C1\",value:\"C1\"],[key:\"E1\",value:\"E1\"],[key:\"E2\",value:\"E2\"],[key:\"E3\",value:\"E3\"],[key:\"F1\",value:\"F1\"],[key:\"G1\",value:\"G1\"],[key:\"G2\",value:\"G2\"],[key:\"G3\",value:\"G3\"],[key:\"G4\",value:\"G4\"],[key:\"G5\",value:\"G5\"],[key:\"H1\",value:\"H1\"],[key:\"H2\",value:\"H2\"],[key:\"H3\",value:\"H3\"],[key:\"H4\",value:\"H4\"],[key:\"I1\",value:\"I1\"],[key:\"J1\",value:\"J1\"],[key:\"J2\",value:\"J2\"],[key:\"J3\",value:\"J3\"]]',NULL,0),('RCC16c3fcb:16a3a19e4b9:-7f35','RC16c3fcb:16a3a19e4b9:-7f36','obo.facts.OccupancyType.division','division',NULL,'is any of the ff.','matches',NULL,NULL,NULL,NULL,NULL,NULL,'[[key:\"C2\",value:\"C2\"],[key:\"D1\",value:\"D1\"],[key:\"D2\",value:\"D2\"],[key:\"D3\",value:\"D3\"]]',NULL,0),('RCC16c3fcb:16a3a19e4b9:-7f40','RC16c3fcb:16a3a19e4b9:-7f41','obo.facts.OccupancyType.division','division',NULL,'is any of the ff.','matches',NULL,NULL,NULL,NULL,NULL,NULL,'[[key:\"A1\",value:\"A1\"]]',NULL,0),('RCC16c3fcb:16a3a19e4b9:-7f4e','RC16c3fcb:16a3a19e4b9:-7f4f','obo.facts.OccupancyType.division','division',NULL,'is any of the ff.','matches',NULL,NULL,NULL,NULL,NULL,NULL,'[[key:\"A2\",value:\"A2\"]]',NULL,0),('RCC1af7b1b4:178ceda2daf:-7ffe','RC1af7b1b4:178ceda2daf:-8000','workflow.facts.WfTaskResult.processname','processname',NULL,'matches','matches',NULL,NULL,NULL,NULL,NULL,'building_permit|occupancy_certificate',NULL,NULL,0),('RCC1cbabe6f:15bf507af61:-7fc8','RC1cbabe6f:15bf507af61:-7fca','obo.facts.OboDecimalInfo.value','value','LNM',NULL,NULL,NULL,NULL,NULL,NULL,NULL,NULL,NULL,NULL,1),('RCC1cbabe6f:15bf507af61:-7fc9','RC1cbabe6f:15bf507af61:-7fca','obo.facts.OboDecimalInfo.name','name',NULL,'is any of the ff.','matches',NULL,NULL,NULL,NULL,NULL,NULL,'[[key:\"FENCE_MADE_OF_INDIGENOUS_MATERIAL\",value:\"FENCE MADE OF INDIGENOUS MATERIAL,BARBED,CHICKEN OR HOG WIRE\"]]',NULL,0),('RCC1cbabe6f:15bf507af61:-7fd3','RC1cbabe6f:15bf507af61:-7fd5','obo.facts.OboDecimalInfo.name','name',NULL,'is any of the ff.','matches',NULL,NULL,NULL,NULL,NULL,NULL,'[[key:\"FENCE_MADE_OF_MASONRY_OR_METAL_ABOVE_1_8_M\",value:\"FENCE MADE OF MASONRY OR METAL MORE THAN 1.8 METER IN HEIGHT\"]]',NULL,0),('RCC1cbabe6f:15bf507af61:-7fd4','RC1cbabe6f:15bf507af61:-7fd5','obo.facts.OboDecimalInfo.value','value','LM',NULL,NULL,NULL,NULL,NULL,NULL,NULL,NULL,NULL,NULL,1),('RCC1cbabe6f:15bf507af61:-7fdc','RC1cbabe6f:15bf507af61:-7fde','obo.facts.OboDecimalInfo.value','value','SQM',NULL,NULL,NULL,NULL,NULL,NULL,NULL,NULL,NULL,NULL,1),('RCC1cbabe6f:15bf507af61:-7fdd','RC1cbabe6f:15bf507af61:-7fde','obo.facts.OboDecimalInfo.name','name',NULL,'is any of the ff.','matches',NULL,NULL,NULL,NULL,NULL,NULL,'[[key:\"ENCROACHMENT_FOOTING\",value:\"ENCROACHMENT OF FOOTINGS OR FOUNDATIONS OF BLDGS\"]]',NULL,0),('RCC1cbabe6f:15bf507af61:-7fe3','RC1cbabe6f:15bf507af61:-7fe5','obo.facts.OboDecimalInfo.name','name',NULL,'is any of the ff.','matches',NULL,NULL,NULL,NULL,NULL,NULL,'[[key:\"EXCAVATION_BASEMENT\",value:\"EXCAVATION FOR FOUNDATION WITH BASEMENT\"]]',NULL,0),('RCC1cbabe6f:15bf507af61:-7fe4','RC1cbabe6f:15bf507af61:-7fe5','obo.facts.OboDecimalInfo.value','value','CUM',NULL,NULL,NULL,NULL,NULL,NULL,NULL,NULL,NULL,NULL,1),('RCC1cbabe6f:15bf507af61:-7ff0','RC1cbabe6f:15bf507af61:-7ff2','obo.facts.OboDecimalInfo.value','value','CUM',NULL,NULL,NULL,NULL,NULL,NULL,NULL,NULL,NULL,NULL,1),('RCC1cbabe6f:15bf507af61:-7ff1','RC1cbabe6f:15bf507af61:-7ff2','obo.facts.OboDecimalInfo.name','name',NULL,'is any of the ff.','matches',NULL,NULL,NULL,NULL,NULL,NULL,'[[key:\"REINSTALLATION_VERTICAL_STORAGE_TANK\",value:\"REINSTALLATION OF VERTICAL STORAGE TANK (cuM)\"]]',NULL,0),('RCC1cbabe6f:15bf507af61:-7ff3','RC1cbabe6f:15bf507af61:-7ff4','treasury.facts.BillItem.txntype','txntype',NULL,'is any of the ff.','matches',NULL,NULL,NULL,NULL,NULL,NULL,'[[key:\"BLDG_ACCESSORY\",value:\"BLDG ACCESSORY FEE\"]]',NULL,0),('RCC28a83f44:15b74c946cb:-7f37','RC28a83f44:15b74c946cb:-7f39','obo.facts.OboDecimalInfo.value','value','CUM',NULL,NULL,NULL,NULL,NULL,NULL,NULL,NULL,NULL,NULL,1),('RCC28a83f44:15b74c946cb:-7f38','RC28a83f44:15b74c946cb:-7f39','obo.facts.OboDecimalInfo.name','name',NULL,'is any of the ff.','matches',NULL,NULL,NULL,NULL,NULL,NULL,'[[key:\"PULLOUT_REINST_STEEL_TANK_UG\",value:\"PULLOUT/REINSTALLATION STEEL TANK UNDERGROUND (cuM)\"],[key:\"PULLOUT_REINST_STEEL_TANK_SADDLE_TRESTLE\",value:\"PULLOUT/RESINSTALLATION OF STEEL TANK - SADDLE OR TRESTLE MOUNTED HORIZONTAL TANKS (cuM)\"]]',NULL,0),('RCC28a83f44:15b74c946cb:-7f3a','RC28a83f44:15b74c946cb:-7f3b','treasury.facts.BillItem.txntype','txntype',NULL,'is any of the ff.','matches',NULL,NULL,NULL,NULL,NULL,NULL,'[[key:\"BLDG_ACCESSORY\",value:\"BLDG ACCESSORY FEE\"]]',NULL,0),('RCC28a83f44:15b74c946cb:-7f43','RC28a83f44:15b74c946cb:-7f44','treasury.facts.BillItem.txntype','txntype',NULL,'is any of the ff.','matches',NULL,NULL,NULL,NULL,NULL,NULL,'[[key:\"BLDG_ACCESSORY\",value:\"BLDG ACCESSORY FEE\"]]',NULL,0),('RCC28a83f44:15b74c946cb:-7f49','RC28a83f44:15b74c946cb:-7f4a','treasury.facts.BillItem.txntype','txntype',NULL,'is any of the ff.','matches',NULL,NULL,NULL,NULL,NULL,NULL,'[[key:\"BLDG_ACCESSORY\",value:\"BLDG ACCESSORY FEE\"]]',NULL,0),('RCC28a83f44:15b74c946cb:-7f4b','RC28a83f44:15b74c946cb:-7f4d','obo.facts.OboDecimalInfo.name','name',NULL,'is any of the ff.','matches',NULL,NULL,NULL,NULL,NULL,NULL,'[[key:\"BOOTH_KIOSK_PLATFORM_STAGES_PERM\",value:\"BOOTH, KIOSK AND PLATFORM STAGES - PERMANENT (SQM)\"]]',NULL,0),('RCC28a83f44:15b74c946cb:-7f4c','RC28a83f44:15b74c946cb:-7f4d','obo.facts.OboDecimalInfo.value','value','SQM',NULL,NULL,NULL,NULL,NULL,NULL,NULL,NULL,NULL,NULL,1),('RCC28a83f44:15b74c946cb:-7f52','RC28a83f44:15b74c946cb:-7f54','obo.facts.OboDecimalInfo.name','name',NULL,'is any of the ff.','matches',NULL,NULL,NULL,NULL,NULL,NULL,'[[key:\"MULTI_LEVEL_INTERMENT_NICHES\",value:\"MULTI LEVEL INTERMENT NICHES (SQM)\"]]',NULL,0),('RCC28a83f44:15b74c946cb:-7f53','RC28a83f44:15b74c946cb:-7f54','obo.facts.OboDecimalInfo.value','value','SQM',NULL,NULL,NULL,NULL,NULL,NULL,NULL,NULL,NULL,NULL,1),('RCC28a83f44:15b74c946cb:-7f55','RC28a83f44:15b74c946cb:-7f56','treasury.facts.BillItem.txntype','txntype',NULL,'is any of the ff.','matches',NULL,NULL,NULL,NULL,NULL,NULL,'[[key:\"BLDG_ACCESSORY\",value:\"BLDG ACCESSORY FEE\"]]',NULL,0),('RCC28a83f44:15b74c946cb:-7f5b','RC28a83f44:15b74c946cb:-7f5c','treasury.facts.BillItem.txntype','txntype',NULL,'is any of the ff.','matches',NULL,NULL,NULL,NULL,NULL,NULL,'[[key:\"BLDG_ACCESSORY\",value:\"BLDG ACCESSORY FEE\"]]',NULL,0),('RCC28a83f44:15b74c946cb:-7f5d','RC28a83f44:15b74c946cb:-7f5f','obo.facts.OboDecimalInfo.name','name',NULL,'is any of the ff.','matches',NULL,NULL,NULL,NULL,NULL,NULL,'[[key:\"COLUMBARIUM\",value:\"COLUMBARIUM (SQM)\"]]',NULL,0),('RCC28a83f44:15b74c946cb:-7f5e','RC28a83f44:15b74c946cb:-7f5f','obo.facts.OboDecimalInfo.value','value','SQM',NULL,NULL,NULL,NULL,NULL,NULL,NULL,NULL,NULL,NULL,1),('RCC28a83f44:15b74c946cb:-7f64','RC28a83f44:15b74c946cb:-7f65','treasury.facts.BillItem.txntype','txntype',NULL,'is any of the ff.','matches',NULL,NULL,NULL,NULL,NULL,NULL,'[[key:\"BLDG_ACCESSORY\",value:\"BLDG ACCESSORY FEE\"]]',NULL,0),('RCC28a83f44:15b74c946cb:-7f66','RC28a83f44:15b74c946cb:-7f68','obo.facts.OboDecimalInfo.name','name',NULL,'is any of the ff.','matches',NULL,NULL,NULL,NULL,NULL,NULL,'[[key:\"TOTALLY_ENCLOSED_MAUSOLUEM\",value:\"TOTALLY ENCLOSED MAUSOLUEM (SQM)\"]]',NULL,0),('RCC28a83f44:15b74c946cb:-7f67','RC28a83f44:15b74c946cb:-7f68','obo.facts.OboDecimalInfo.value','value','SQM',NULL,NULL,NULL,NULL,NULL,NULL,NULL,NULL,NULL,NULL,1),('RCC28a83f44:15b74c946cb:-7f6d','RC28a83f44:15b74c946cb:-7f6e','treasury.facts.BillItem.txntype','txntype',NULL,'is any of the ff.','matches',NULL,NULL,NULL,NULL,NULL,NULL,'[[key:\"BLDG_ACCESSORY\",value:\"BLDG ACCESSORY FEE\"]]',NULL,0),('RCC28a83f44:15b74c946cb:-7f6f','RC28a83f44:15b74c946cb:-7f71','obo.facts.OboDecimalInfo.name','name',NULL,'is any of the ff.','matches',NULL,NULL,NULL,NULL,NULL,NULL,'[[key:\"SEMI_ENCLOSED_MAUSOLEUM\",value:\"SEMI ENCLOSED MAUSOLEUM (SQM)\"]]',NULL,0),('RCC28a83f44:15b74c946cb:-7f70','RC28a83f44:15b74c946cb:-7f71','obo.facts.OboDecimalInfo.value','value','SQM',NULL,NULL,NULL,NULL,NULL,NULL,NULL,NULL,NULL,NULL,1),('RCC28a83f44:15b74c946cb:-7f76','RC28a83f44:15b74c946cb:-7f77','treasury.facts.BillItem.txntype','txntype',NULL,'is any of the ff.','matches',NULL,NULL,NULL,NULL,NULL,NULL,'[[key:\"BLDG_ACCESSORY\",value:\"BLDG ACCESSORY FEE\"]]',NULL,0),('RCC28a83f44:15b74c946cb:-7f8c','RC28a83f44:15b74c946cb:-7f8e','obo.facts.OboDecimalInfo.value','value','CUM',NULL,NULL,NULL,NULL,NULL,NULL,NULL,NULL,NULL,NULL,1),('RCC28a83f44:15b74c946cb:-7f8d','RC28a83f44:15b74c946cb:-7f8e','obo.facts.OboDecimalInfo.name','name',NULL,'is any of the ff.','matches',NULL,NULL,NULL,NULL,NULL,NULL,'[[key:\"REINFORCED_CONCRETE_OR_STEEL_TANK_UNDERGROUND\",value:\"REINFORCED CONCRETE OR STEEL TANK UNDERGROUND (cuM)\"]]',NULL,0),('RCC28a83f44:15b74c946cb:-7f8f','RC28a83f44:15b74c946cb:-7f90','treasury.facts.BillItem.txntype','txntype',NULL,'is any of the ff.','matches',NULL,NULL,NULL,NULL,NULL,NULL,'[[key:\"BLDG_ACCESSORY\",value:\"BLDG ACCESSORY FEE\"]]',NULL,0),('RCC28a83f44:15b74c946cb:-7f95','RC28a83f44:15b74c946cb:-7f96','treasury.facts.BillItem.txntype','txntype',NULL,'is any of the ff.','matches',NULL,NULL,NULL,NULL,NULL,NULL,'[[key:\"BLDG_ACCESSORY\",value:\"BLDG ACCESSORY FEE\"]]',NULL,0),('RCC28a83f44:15b74c946cb:-7f97','RC28a83f44:15b74c946cb:-7f99','obo.facts.OboDecimalInfo.name','name',NULL,'is any of the ff.','matches',NULL,NULL,NULL,NULL,NULL,NULL,'[[key:\"REINFORCED_CONCRETE_OR_STEEL_TANK_ABOVE_GROUND\",value:\"REINFORCED CONCRETE OR STEEL TANK ABOVE GROUND (cuM)\"]]',NULL,0),('RCC28a83f44:15b74c946cb:-7f98','RC28a83f44:15b74c946cb:-7f99','obo.facts.OboDecimalInfo.value','value','CUM',NULL,NULL,NULL,NULL,NULL,NULL,NULL,NULL,NULL,NULL,1),('RCC28a83f44:15b74c946cb:-7fa2','RC28a83f44:15b74c946cb:-7fa3','treasury.facts.BillItem.txntype','txntype',NULL,'is any of the ff.','matches',NULL,NULL,NULL,NULL,NULL,NULL,'[[key:\"BLDG_ACCESSORY\",value:\"BLDG ACCESSORY FEE\"]]',NULL,0),('RCC28a83f44:15b74c946cb:-7fa4','RC28a83f44:15b74c946cb:-7fa6','obo.facts.OboIntegerInfo.name','name',NULL,'is any of the ff.','matches',NULL,NULL,NULL,NULL,NULL,NULL,'[[key:\"SHOWER_LOCKER_ROOM\",value:\"SHOWER/LOCKER ROOMS (UNIT)\"]]',NULL,0),('RCC28a83f44:15b74c946cb:-7fa5','RC28a83f44:15b74c946cb:-7fa6','obo.facts.OboIntegerInfo.value','value','UNIT',NULL,NULL,NULL,NULL,NULL,NULL,NULL,NULL,NULL,NULL,1),('RCC28a83f44:15b74c946cb:-7fad','RC28a83f44:15b74c946cb:-7fae','treasury.facts.BillItem.txntype','txntype',NULL,'is any of the ff.','matches',NULL,NULL,NULL,NULL,NULL,NULL,'[[key:\"BLDG_ACCESSORY\",value:\"BLDG ACCESSORY FEE\"]]',NULL,0),('RCC28a83f44:15b74c946cb:-7faf','RC28a83f44:15b74c946cb:-7fb1','obo.facts.OboIntegerInfo.name','name',NULL,'is any of the ff.','matches',NULL,NULL,NULL,NULL,NULL,NULL,'[[key:\"SHOWER_LOCKER_ROOM\",value:\"SHOWER/LOCKER ROOMS (UNIT)\"]]',NULL,0),('RCC28a83f44:15b74c946cb:-7fb0','RC28a83f44:15b74c946cb:-7fb1','obo.facts.OboIntegerInfo.value','value','UNIT',NULL,NULL,NULL,NULL,NULL,NULL,NULL,NULL,NULL,NULL,1),('RCC28a83f44:15b74c946cb:-7fc4','RC28a83f44:15b74c946cb:-7fc5','treasury.facts.BillItem.txntype','txntype',NULL,'is any of the ff.','matches',NULL,NULL,NULL,NULL,NULL,NULL,'[[key:\"BLDG_ACCESSORY\",value:\"BLDG ACCESSORY FEE\"]]',NULL,0),('RCC28a83f44:15b74c946cb:-7fc6','RC28a83f44:15b74c946cb:-7fc8','obo.facts.OboDecimalInfo.name','name',NULL,'is any of the ff.','matches',NULL,NULL,NULL,NULL,NULL,NULL,'[[key:\"ERECTION_OF_TOWER_TRILON_GUYED\",value:\"ERECTION OF TOWER - TRILON GUYED (HEIGHT IN M)\"]]',NULL,0),('RCC28a83f44:15b74c946cb:-7fc7','RC28a83f44:15b74c946cb:-7fc8','obo.facts.OboDecimalInfo.value','value','M',NULL,NULL,NULL,NULL,NULL,NULL,NULL,NULL,NULL,NULL,1),('RCC28a83f44:15b74c946cb:-7fcd','RC28a83f44:15b74c946cb:-7fcf','obo.facts.OboDecimalInfo.value','value','M',NULL,NULL,NULL,NULL,NULL,NULL,NULL,NULL,NULL,NULL,1),('RCC28a83f44:15b74c946cb:-7fce','RC28a83f44:15b74c946cb:-7fcf','obo.facts.OboDecimalInfo.name','name',NULL,'is any of the ff.','matches',NULL,NULL,NULL,NULL,NULL,NULL,'[[key:\"ERECTION_OF_TOWER_SELF_SUPPORTING\",value:\"ERECTION OF TOWER - SELF SUPPORTING (HEIGHT IN M)\"]]',NULL,0),('RCC28a83f44:15b74c946cb:-7fd0','RC28a83f44:15b74c946cb:-7fd1','treasury.facts.BillItem.txntype','txntype',NULL,'is any of the ff.','matches',NULL,NULL,NULL,NULL,NULL,NULL,'[[key:\"BLDG_ACCESSORY\",value:\"BLDG ACCESSORY FEE\"]]',NULL,0),('RCC28a83f44:15b74c946cb:-7fd8','RC28a83f44:15b74c946cb:-7fda','obo.facts.OboDecimalInfo.value','value','M',NULL,NULL,NULL,NULL,NULL,NULL,NULL,NULL,NULL,NULL,1),('RCC28a83f44:15b74c946cb:-7fd9','RC28a83f44:15b74c946cb:-7fda','obo.facts.OboDecimalInfo.name','name',NULL,'is any of the ff.','matches',NULL,NULL,NULL,NULL,NULL,NULL,'[[key:\"ERECTION_OF_TOWER_TRILON_GUYED\",value:\"ERECTION OF TOWER - TRILON GUYED (HEIGHT IN M)\"]]',NULL,0),('RCC28a83f44:15b74c946cb:-7fdb','RC28a83f44:15b74c946cb:-7fdc','treasury.facts.BillItem.txntype','txntype',NULL,'is any of the ff.','matches',NULL,NULL,NULL,NULL,NULL,NULL,'[[key:\"BLDG_ACCESSORY\",value:\"BLDG ACCESSORY FEE\"]]',NULL,0),('RCC28a83f44:15b74c946cb:-7fe5','RC28a83f44:15b74c946cb:-7fe6','treasury.facts.BillItem.txntype','txntype',NULL,'is any of the ff.','matches',NULL,NULL,NULL,NULL,NULL,NULL,'[[key:\"BLDG_ACCESSORY\",value:\"BLDG ACCESSORY FEE\"]]',NULL,0),('RCC28a83f44:15b74c946cb:-7fe7','RC28a83f44:15b74c946cb:-7fe9','obo.facts.OboDecimalInfo.name','name',NULL,'is any of the ff.','matches',NULL,NULL,NULL,NULL,NULL,NULL,'[[key:\"ERECTION_OF_TOWER_SELF_SUPPORTING\",value:\"ERECTION OF TOWER - SELF SUPPORTING (HEIGHT IN M)\"]]',NULL,0),('RCC28a83f44:15b74c946cb:-7fe8','RC28a83f44:15b74c946cb:-7fe9','obo.facts.OboDecimalInfo.value','value','M',NULL,NULL,NULL,NULL,NULL,NULL,NULL,NULL,NULL,NULL,1),('RCC28a83f44:15b74c946cb:-7ff0','RC28a83f44:15b74c946cb:-7ff1','treasury.facts.BillItem.txntype','txntype',NULL,'is any of the ff.','matches',NULL,NULL,NULL,NULL,NULL,NULL,'[[key:\"BLDG_ACCESSORY\",value:\"BLDG ACCESSORY FEE\"]]',NULL,0),('RCC28a83f44:15b74c946cb:-7ff2','RC28a83f44:15b74c946cb:-7ff4','obo.facts.OboDecimalInfo.name','name',NULL,'is any of the ff.','matches',NULL,NULL,NULL,NULL,NULL,NULL,'[[key:\"ERECTION_OF_TOWER_TRILON_GUYED\",value:\"ERECTION OF TOWER - TRILON GUYED (HEIGHT IN M)\"]]',NULL,0),('RCC28a83f44:15b74c946cb:-7ff3','RC28a83f44:15b74c946cb:-7ff4','obo.facts.OboDecimalInfo.value','value','M',NULL,NULL,NULL,NULL,NULL,NULL,NULL,NULL,NULL,NULL,1),('RCC2a995b4c:1792618d9c2:-7fff','RC2a995b4c:1792618d9c2:-8000','obo.facts.OboDocument.doctype','doctype',NULL,'is any of the ff.','matches',NULL,NULL,NULL,NULL,NULL,NULL,'[[key:\"BUILDING_RPT\",value:\"BUILDING RPT\"]]',NULL,0),('RCC55c282cb:178f73dbaa2:-7ff7','RC55c282cb:178f73dbaa2:-7ff9','workflow.facts.WfTaskResult.state','state',NULL,'matches','matches',NULL,NULL,NULL,NULL,NULL,'(zoning|trade)-evaluation-revision',NULL,NULL,1),('RCC55c282cb:178f73dbaa2:-7ff8','RC55c282cb:178f73dbaa2:-7ff9','workflow.facts.WfTaskResult.processname','processname',NULL,'equal to','==',NULL,NULL,NULL,NULL,NULL,'building_permit',NULL,NULL,0),('RCC73b3316:15bf60d669e:-7f8d','RC73b3316:15bf60d669e:-7f8f','obo.facts.OboDecimalInfo.value','value','SQM',NULL,NULL,NULL,NULL,NULL,NULL,NULL,NULL,NULL,NULL,1),('RCC73b3316:15bf60d669e:-7f8e','RC73b3316:15bf60d669e:-7f8f','obo.facts.OboDecimalInfo.name','name',NULL,'is any of the ff.','matches',NULL,NULL,NULL,NULL,NULL,NULL,'[[key:\"NEON_ADVERTISING_SIGN\",value:\"NEON ADVERTISING SIGN\"]]',NULL,0),('RCC73b3316:15bf60d669e:-7f9e','RC73b3316:15bf60d669e:-7fa0','obo.facts.OboDecimalInfo.name','name',NULL,'is any of the ff.','matches',NULL,NULL,NULL,NULL,NULL,NULL,'[[key:\"OTHER_ADVERTISING_SIGN\",value:\"OTHER ADVERTISING SIGN\"]]',NULL,0),('RCC73b3316:15bf60d669e:-7f9f','RC73b3316:15bf60d669e:-7fa0','obo.facts.OboDecimalInfo.value','value','SQM',NULL,NULL,NULL,NULL,NULL,NULL,NULL,NULL,NULL,NULL,1),('RCC73b3316:15bf60d669e:-7fbd','RC73b3316:15bf60d669e:-7fbf','obo.facts.OboDecimalInfo.value','value','SQM',NULL,NULL,NULL,NULL,NULL,NULL,NULL,NULL,NULL,NULL,1),('RCC73b3316:15bf60d669e:-7fbe','RC73b3316:15bf60d669e:-7fbf','obo.facts.OboDecimalInfo.name','name',NULL,'is any of the ff.','matches',NULL,NULL,NULL,NULL,NULL,NULL,'[[key:\"ILLUMINATED_ADVERTISING_SIGN\",value:\"ILLUMINATED ADVERTISING SIGN\"]]',NULL,0),('RCC73b3316:15bf60d669e:-7fda','RC73b3316:15bf60d669e:-7fdc','obo.facts.OboDecimalInfo.name','name',NULL,'is any of the ff.','matches',NULL,NULL,NULL,NULL,NULL,NULL,'[[key:\"PAINTEDON_BUSINESS_SIGN\",value:\"PAINTED-ON BUSINESS SIGN\"]]',NULL,0),('RCC73b3316:15bf60d669e:-7fdb','RC73b3316:15bf60d669e:-7fdc','obo.facts.OboDecimalInfo.value','value','SQM',NULL,NULL,NULL,NULL,NULL,NULL,NULL,NULL,NULL,NULL,1),('RCC73b3316:15bf60d669e:-7fe6','RC73b3316:15bf60d669e:-7fe8','obo.facts.OboDecimalInfo.name','name',NULL,'is any of the ff.','matches',NULL,NULL,NULL,NULL,NULL,NULL,'[[key:\"OTHER_BUSINESS_SIGN\",value:\"OTHER BUSINESS SIGN\"]]',NULL,0),('RCC73b3316:15bf60d669e:-7fe7','RC73b3316:15bf60d669e:-7fe8','obo.facts.OboDecimalInfo.value','value','SQM',NULL,NULL,NULL,NULL,NULL,NULL,NULL,NULL,NULL,NULL,1),('RCC73b3316:15bf60d669e:-7ff2','RC73b3316:15bf60d669e:-7ff4','obo.facts.OboDecimalInfo.name','name',NULL,'is any of the ff.','matches',NULL,NULL,NULL,NULL,NULL,NULL,'[[key:\"ILLUMINATED_BUSINESS_SIGN\",value:\"ILLUMINATED BUSINESS SIGN\"]]',NULL,0),('RCC73b3316:15bf60d669e:-7ff3','RC73b3316:15bf60d669e:-7ff4','obo.facts.OboDecimalInfo.value','value','SQM',NULL,NULL,NULL,NULL,NULL,NULL,NULL,NULL,NULL,NULL,1),('RCC78f669e8:178e3c7b70b:-7fcf','RC78f669e8:178e3c7b70b:-7fd1','workflow.facts.WfDecision.name','name',NULL,'matches','matches',NULL,NULL,NULL,NULL,NULL,'check-has-.*-findings',NULL,NULL,1),('RCC78f669e8:178e3c7b70b:-7fd0','RC78f669e8:178e3c7b70b:-7fd1','workflow.facts.WfDecision.processname','processname',NULL,'matches','matches',NULL,NULL,NULL,NULL,NULL,'building_permit|occupancy_certificate',NULL,NULL,0),('RCC78f669e8:178e3c7b70b:-7fd9','RC78f669e8:178e3c7b70b:-7fdb','workflow.facts.WfDecision.processname','processname',NULL,'matches','matches',NULL,NULL,NULL,NULL,NULL,'building_permit|occupancy_certificate',NULL,NULL,0),('RCC78f669e8:178e3c7b70b:-7fda','RC78f669e8:178e3c7b70b:-7fdb','workflow.facts.WfDecision.name','name',NULL,'equal to','==',NULL,NULL,NULL,NULL,NULL,'check-has-requirement-revision',NULL,NULL,1),('RCC7e71e841:1763d1170f8:-7fff','RC7e71e841:1763d1170f8:-8000','obo.facts.OboDocument.doctype','doctype',NULL,'is any of the ff.','matches',NULL,NULL,NULL,NULL,NULL,NULL,'[[key:\"SCAFFOLDING\",value:\"SCAFFOLDING PERMIT\"]]',NULL,0),('RCCc4c09e7:1763c343c65:-7ffa','RCc4c09e7:1763c343c65:-7ffb','obo.facts.OboDocument.doctype','doctype',NULL,'is any of the ff.','matches',NULL,NULL,NULL,NULL,NULL,NULL,'[[key:\"ELECTRICAL\",value:\"ELECTRICAL PERMIT\"]]',NULL,0),('RCCc4c09e7:1763c343c65:-7fff','RCc4c09e7:1763c343c65:-8000','obo.facts.OboDocument.doctype','doctype',NULL,'is any of the ff.','matches',NULL,NULL,NULL,NULL,NULL,NULL,'[[key:\"MECHANICAL\",value:\"MECHANICAL PERMIT\"]]',NULL,0),('RCONST-108b4192:15b3d234d5c:-6e04','RCOND-108b4192:15b3d234d5c:-6e4b','obo.facts.OboDecimalInfo.value','value','CUM',NULL,NULL,NULL,NULL,NULL,NULL,NULL,NULL,NULL,NULL,1),('RCONST-108b4192:15b3d234d5c:-6e3f','RCOND-108b4192:15b3d234d5c:-6e4b','obo.facts.OboDecimalInfo.name','name',NULL,'is any of the ff.','matches',NULL,NULL,NULL,NULL,NULL,NULL,'[[key:\"PRESSURE_VESSEL\",value:\"PRESSURE VESSEL\"]]',NULL,0),('RCONST-108b4192:15b3d234d5c:-713a','RCOND-108b4192:15b3d234d5c:-7181','obo.facts.OboDecimalInfo.value','value','KW',NULL,NULL,NULL,NULL,NULL,NULL,NULL,NULL,NULL,NULL,1),('RCONST-108b4192:15b3d234d5c:-7175','RCOND-108b4192:15b3d234d5c:-7181','obo.facts.OboDecimalInfo.name','name',NULL,'is any of the ff.','matches',NULL,NULL,NULL,NULL,NULL,NULL,'[[key:\"ENGINE_NON_LTO\",value:\"OTHER INTERNAL COMBUSTION ENGINE (CRANE, FORKLIFT,ETC)\"]]',NULL,0),('RCONST-108b4192:15b3d234d5c:-78a9','RCOND-108b4192:15b3d234d5c:-78f2','obo.facts.OboIntegerInfo.value','value','UNIT',NULL,NULL,NULL,NULL,NULL,NULL,NULL,NULL,NULL,NULL,1),('RCONST-108b4192:15b3d234d5c:-78e6','RCOND-108b4192:15b3d234d5c:-78f2','obo.facts.OboIntegerInfo.name','name',NULL,'is any of the ff.','matches',NULL,NULL,NULL,NULL,NULL,NULL,'[[key:\"GAS_METER\",value:\"GAS METER\"]]',NULL,0),('RCONST-108b4192:15b3d234d5c:-7aea','RCOND-108b4192:15b3d234d5c:-7b31','obo.facts.OboIntegerInfo.value','value','OUTLET',NULL,NULL,NULL,NULL,NULL,NULL,NULL,NULL,NULL,NULL,1),('RCONST-108b4192:15b3d234d5c:-7b25','RCOND-108b4192:15b3d234d5c:-7b31','obo.facts.OboIntegerInfo.name','name',NULL,'is any of the ff.','matches',NULL,NULL,NULL,NULL,NULL,NULL,'[[key:\"COMPRESSED_AIR_VACUUM\",value:\"COMPRESSED AIR VACUUM INST. OR INDUSTRIAL GAS\"]]',NULL,0),('RCONST-1250bbc5:16a4a2f1452:-7150','RC33115abb:15b366b9fbd:-7fa9','treasury.facts.BillItem.billcode','billcode',NULL,'is any of the ff.','matches',NULL,NULL,NULL,NULL,NULL,NULL,'[[key:\"MECHANICAL_FEE\",value:\"MECHANICAL FEE\"]]',NULL,0),('RCONST-1250bbc5:16a4a2f1452:-72c0','RC33115abb:15b366b9fbd:-7fb1','treasury.facts.BillItem.billcode','billcode',NULL,'is any of the ff.','matches',NULL,NULL,NULL,NULL,NULL,NULL,'[[key:\"MECHANICAL_FEE\",value:\"MECHANICAL FEE\"]]',NULL,0),('RCONST-1250bbc5:16a4a2f1452:-7500','RC33115abb:15b366b9fbd:-7fa1','treasury.facts.BillItem.billcode','billcode',NULL,'is any of the ff.','matches',NULL,NULL,NULL,NULL,NULL,NULL,'[[key:\"MECHANICAL_FEE\",value:\"MECHANICAL FEE\"]]',NULL,0),('RCONST-1250bbc5:16a4a2f1452:-78b7','RC33115abb:15b366b9fbd:-7fc1','treasury.facts.BillItem.billcode','billcode',NULL,'is any of the ff.','matches',NULL,NULL,NULL,NULL,NULL,NULL,'[[key:\"MECHANICAL_FEE\",value:\"MECHANICAL FEE\"]]',NULL,1),('RCONST-1250bbc5:16a4a2f1452:-7a08','RC33115abb:15b366b9fbd:-7fb9','treasury.facts.BillItem.billcode','billcode',NULL,'is any of the ff.','matches',NULL,NULL,NULL,NULL,NULL,NULL,'[[key:\"MECHANICAL_FEE\",value:\"MECHANICAL FEE\"]]',NULL,1),('RCONST-155dc47b:178d95f173e:-7c1e','RCOND-155dc47b:178d95f173e:-7d1a','workflow.facts.WfTaskResult.fromaction','fromaction',NULL,'equal to','==',NULL,NULL,NULL,NULL,NULL,'accept-application',NULL,NULL,2),('RCONST-155dc47b:178d95f173e:-7c8d','RCOND-155dc47b:178d95f173e:-7d1a','workflow.facts.WfTaskResult.fromstate','fromstate',NULL,'equal to','==',NULL,NULL,NULL,NULL,NULL,'check-has-requirement-revision',NULL,NULL,1),('RCONST-155dc47b:178d95f173e:-7ce6','RCOND-155dc47b:178d95f173e:-7d1a','workflow.facts.WfTaskResult.processname','processname',NULL,'matches','matches',NULL,NULL,NULL,NULL,NULL,'building_permit|occupancy_certificate',NULL,NULL,0),('RCONST-15c23d77:1706680029a:-7d8f','RCOND-15c23d77:1706680029a:-7e26','treasury.facts.BillItem.amount','amount','AMT',NULL,NULL,NULL,NULL,NULL,NULL,NULL,NULL,NULL,NULL,1),('RCONST-15c23d77:1706680029a:-7de8','RCOND-15c23d77:1706680029a:-7e26','treasury.facts.BillItem.billcode','billcode',NULL,'is any of the ff.','matches',NULL,NULL,NULL,NULL,NULL,NULL,'[[key:\"LOCATIONAL_CLEARANCE_FEE\",value:\"LOCATIONAL CLEARANCE FEE\"]]',NULL,0),('RCONST-181817d3:15bf4e3b890:-126e','RCOND-181817d3:15bf4e3b890:-12b7','obo.facts.OboDecimalInfo.value','value','SQM',NULL,NULL,NULL,NULL,NULL,NULL,NULL,NULL,NULL,NULL,1),('RCONST-181817d3:15bf4e3b890:-12ab','RCOND-181817d3:15bf4e3b890:-12b7','obo.facts.OboDecimalInfo.name','name',NULL,'is any of the ff.','matches',NULL,NULL,NULL,NULL,NULL,NULL,'[[key:\"NEON_BUSINESS_SIGN\",value:\"NEON BUSINESS SIGN\"]]',NULL,0),('RCONST-181817d3:15bf4e3b890:-18d7','RCOND-181817d3:15bf4e3b890:-191e','obo.facts.OboDecimalInfo.value','value','SQM',NULL,NULL,NULL,NULL,NULL,NULL,NULL,NULL,NULL,NULL,1),('RCONST-181817d3:15bf4e3b890:-1912','RCOND-181817d3:15bf4e3b890:-191e','obo.facts.OboDecimalInfo.name','name',NULL,'is any of the ff.','matches',NULL,NULL,NULL,NULL,NULL,NULL,'[[key:\"SIGNAGE_ERECTION_AND_ANCHORAGE_OF_DISPLAY_SURFACE\",value:\"ERECTION AND ANCHORAGE OF DISPLAY SURFACE\"]]',NULL,0),('RCONST-181817d3:15bf4e3b890:-1c52','RCOND-181817d3:15bf4e3b890:-1c99','obo.facts.OboDecimalInfo.value','value','LNM',NULL,NULL,NULL,NULL,NULL,NULL,NULL,NULL,NULL,NULL,1),('RCONST-181817d3:15bf4e3b890:-1c8d','RCOND-181817d3:15bf4e3b890:-1c99','obo.facts.OboDecimalInfo.name','name',NULL,'is any of the ff.','matches',NULL,NULL,NULL,NULL,NULL,NULL,'[[key:\"SCAFFOLDING\",value:\"SCAFFOLDING\"]]',NULL,0),('RCONST-181817d3:15bf4e3b890:-1fcf','RCOND-181817d3:15bf4e3b890:-2016','obo.facts.OboDecimalInfo.value','value','SQM',NULL,NULL,NULL,NULL,NULL,NULL,NULL,NULL,NULL,NULL,1),('RCONST-181817d3:15bf4e3b890:-200a','RCOND-181817d3:15bf4e3b890:-2016','obo.facts.OboDecimalInfo.name','name',NULL,'is any of the ff.','matches',NULL,NULL,NULL,NULL,NULL,NULL,'[[key:\"USE_OF_STREET_AND_SIDEWALK\",value:\"USE OF STREET AND SIDEWALKS (SQM)\"]]',NULL,0),('RCONST-181817d3:15bf4e3b890:-2083','RCOND-181817d3:15bf4e3b890:-20cb','obo.facts.OboIntegerInfo.value','value','MONTHS',NULL,NULL,NULL,NULL,NULL,NULL,NULL,NULL,NULL,NULL,1),('RCONST-181817d3:15bf4e3b890:-20be','RCOND-181817d3:15bf4e3b890:-20cb','obo.facts.OboIntegerInfo.name','name',NULL,'is any of the ff.','matches',NULL,NULL,NULL,NULL,NULL,NULL,'[[key:\"ASK_NUM_MONTH_FOR_USE_OF_STREET\",value:\"NO. OF MONTHS\"]]',NULL,0),('RCONST-181817d3:15bf4e3b890:-214f','RCOND-181817d3:15bf4e3b890:-2178','treasury.facts.BillItem.txntype','txntype',NULL,'is any of the ff.','matches',NULL,NULL,NULL,NULL,NULL,NULL,'[[key:\"ACCESSORY_FEE\",value:\"ACCESSORY FEE\"]]',NULL,0),('RCONST-181817d3:15bf4e3b890:-264b','RCOND-181817d3:15bf4e3b890:-2692','obo.facts.OboDecimalInfo.value','value','SQM',NULL,NULL,NULL,NULL,NULL,NULL,NULL,NULL,NULL,NULL,1),('RCONST-181817d3:15bf4e3b890:-2686','RCOND-181817d3:15bf4e3b890:-2692','obo.facts.OboDecimalInfo.name','name',NULL,'is any of the ff.','matches',NULL,NULL,NULL,NULL,NULL,NULL,'[[key:\"PAVEMENT_CONSTRUCTION\",value:\"PAVEMENT CONSTRUCTION (SQM)\"]]',NULL,0),('RCONST-181817d3:15bf4e3b890:-2703','RCOND-181817d3:15bf4e3b890:-272c','treasury.facts.BillItem.txntype','txntype',NULL,'is any of the ff.','matches',NULL,NULL,NULL,NULL,NULL,NULL,'[[key:\"ACCESSORY_FEE\",value:\"ACCESSORY FEE\"]]',NULL,0),('RCONST-181817d3:15bf4e3b890:-2bdf','RCOND-181817d3:15bf4e3b890:-2c28','obo.facts.OboDecimalInfo.value','value','LNM',NULL,NULL,NULL,NULL,NULL,NULL,NULL,NULL,NULL,NULL,1),('RCONST-181817d3:15bf4e3b890:-2c1c','RCOND-181817d3:15bf4e3b890:-2c28','obo.facts.OboDecimalInfo.name','name',NULL,'is any of the ff.','matches',NULL,NULL,NULL,NULL,NULL,NULL,'[[key:\"FENCE_MADE_OF_MASONRY_METAL_UPTO_1_8_M\",value:\"FENCE MADE OF MASONRY OR METAL UP TO 1.8 METER IN HEIGHT\"]]',NULL,0),('RCONST-181817d3:15bf4e3b890:-32fb','RCOND-181817d3:15bf4e3b890:-3344','obo.facts.OboDecimalInfo.value','value','CUM',NULL,NULL,NULL,NULL,NULL,NULL,NULL,NULL,NULL,NULL,1),('RCONST-181817d3:15bf4e3b890:-3338','RCOND-181817d3:15bf4e3b890:-3344','obo.facts.OboDecimalInfo.name','name',NULL,'is any of the ff.','matches',NULL,NULL,NULL,NULL,NULL,NULL,'[[key:\"EXCAVATION_NON_BASEMENT\",value:\"EXCAVATION OTHER THAN FOUNDATION OR BASEMENT\"]]',NULL,0),('RCONST-181817d3:15bf4e3b890:-38a0','RCOND-181817d3:15bf4e3b890:-38e9','obo.facts.OboDecimalInfo.value','value','METER',NULL,NULL,NULL,NULL,NULL,NULL,NULL,NULL,NULL,NULL,1),('RCONST-181817d3:15bf4e3b890:-38dd','RCOND-181817d3:15bf4e3b890:-38e9','obo.facts.OboDecimalInfo.name','name',NULL,'is any of the ff.','matches',NULL,NULL,NULL,NULL,NULL,NULL,'[[key:\"LINE_AND_GRADE\",value:\"LINE AND GRADE\"]]',NULL,0),('RCONST-22689e33:1771e5912ef:-4ee1','RCOND-22689e33:1771e5912ef:-4f12','obo.facts.OccupancyType.group','group',NULL,'is any of the ff.','matches',NULL,NULL,NULL,NULL,NULL,NULL,'[[key:\"A\",value:\"A\"]]',NULL,0),('RCONST-22689e33:1771e5912ef:-4fd7','RCOND-22689e33:1771e5912ef:-5008','obo.facts.OccupancyType.group','group',NULL,'is any of the ff.','matches',NULL,NULL,NULL,NULL,NULL,NULL,'[[key:\"B\",value:\"B\"],[key:\"E\",value:\"E\"],[key:\"F\",value:\"F\"],[key:\"G\",value:\"G\"]]',NULL,0),('RCONST-22689e33:1771e5912ef:-50e8','RCOND-22689e33:1771e5912ef:-5119','obo.facts.OccupancyType.group','group',NULL,'is any of the ff.','matches',NULL,NULL,NULL,NULL,NULL,NULL,'[[key:\"C\",value:\"C\"],[key:\"D\",value:\"D\"],[key:\"H\",value:\"H\"],[key:\"I\",value:\"I\"]]',NULL,0),('RCONST-22689e33:1771e5912ef:-51de','RCOND-22689e33:1771e5912ef:-520f','obo.facts.OccupancyType.group','group',NULL,'is any of the ff.','matches',NULL,NULL,NULL,NULL,NULL,NULL,'[[key:\"C\",value:\"C\"],[key:\"D\",value:\"D\"],[key:\"H\",value:\"H\"],[key:\"I\",value:\"I\"]]',NULL,0),('RCONST-22689e33:1771e5912ef:-52d4','RCOND-22689e33:1771e5912ef:-5305','obo.facts.OccupancyType.group','group',NULL,'is any of the ff.','matches',NULL,NULL,NULL,NULL,NULL,NULL,'[[key:\"B\",value:\"B\"],[key:\"E\",value:\"E\"],[key:\"F\",value:\"F\"],[key:\"G\",value:\"G\"]]',NULL,0),('RCONST-22689e33:1771e5912ef:-53b5','RCOND-22689e33:1771e5912ef:-53e6','obo.facts.OccupancyType.group','group',NULL,'is any of the ff.','matches',NULL,NULL,NULL,NULL,NULL,NULL,'[[key:\"A\",value:\"A\"]]',NULL,0),('RCONST-22689e33:1771e5912ef:-54c8','RCOND-22689e33:1771e5912ef:-5527','obo.facts.BuildingInfo.height','height',NULL,'greater than','>',NULL,NULL,NULL,8.00,NULL,NULL,NULL,NULL,0),('RCONST-22689e33:1771e5912ef:-55fc','RCOND-22689e33:1771e5912ef:-562d','obo.facts.OccupancyType.group','group',NULL,'is any of the ff.','matches',NULL,NULL,NULL,NULL,NULL,NULL,'[[key:\"A\",value:\"A\"]]',NULL,0),('RCONST-22689e33:1771e5912ef:-56dd','RCOND-22689e33:1771e5912ef:-570e','obo.facts.OccupancyType.group','group',NULL,'is any of the ff.','matches',NULL,NULL,NULL,NULL,NULL,NULL,'[[key:\"A\",value:\"A\"]]',NULL,0),('RCONST-22689e33:1771e5912ef:-5841','RCOND-22689e33:1771e5912ef:-5873','obo.facts.OccupancyType.group','group',NULL,'is any of the ff.','matches',NULL,NULL,NULL,NULL,NULL,NULL,'[[key:\"B\",value:\"B\"],[key:\"E\",value:\"E\"],[key:\"F\",value:\"F\"],[key:\"G\",value:\"G\"]]',NULL,0),('RCONST-22689e33:1771e5912ef:-5938','RCOND-22689e33:1771e5912ef:-5969','obo.facts.OccupancyType.group','group',NULL,'is any of the ff.','matches',NULL,NULL,NULL,NULL,NULL,NULL,'[[key:\"B\",value:\"B\"],[key:\"E\",value:\"E\"],[key:\"F\",value:\"F\"],[key:\"G\",value:\"G\"]]',NULL,0),('RCONST-22689e33:1771e5912ef:-5a9b','RCOND-22689e33:1771e5912ef:-5acc','obo.facts.OccupancyType.group','group',NULL,'is any of the ff.','matches',NULL,NULL,NULL,NULL,NULL,NULL,'[[key:\"C\",value:\"C\"],[key:\"D\",value:\"D\"],[key:\"H\",value:\"H\"],[key:\"I\",value:\"I\"]]',NULL,0),('RCONST-22689e33:1771e5912ef:-5c05','RCOND-22689e33:1771e5912ef:-5c36','obo.facts.OccupancyType.group','group',NULL,'is any of the ff.','matches',NULL,NULL,NULL,NULL,NULL,NULL,'[[key:\"C\",value:\"C\"],[key:\"D\",value:\"D\"],[key:\"H\",value:\"H\"],[key:\"I\",value:\"I\"]]',NULL,0),('RCONST-22689e33:1771e5912ef:-5cfd','RCOND-22689e33:1771e5912ef:-5d2e','obo.facts.OccupancyType.group','group',NULL,'is any of the ff.','matches',NULL,NULL,NULL,NULL,NULL,NULL,'[[key:\"B\",value:\"B\"],[key:\"E\",value:\"E\"],[key:\"F\",value:\"F\"],[key:\"G\",value:\"G\"]]',NULL,0),('RCONST-22689e33:1771e5912ef:-5df3','RCOND-22689e33:1771e5912ef:-5e24','obo.facts.OccupancyType.group','group',NULL,'is any of the ff.','matches',NULL,NULL,NULL,NULL,NULL,NULL,'[[key:\"B\",value:\"B\"],[key:\"E\",value:\"E\"],[key:\"F\",value:\"F\"],[key:\"G\",value:\"G\"]]',NULL,0),('RCONST-22689e33:1771e5912ef:-5f05','RCOND-22689e33:1771e5912ef:-5f36','obo.facts.OccupancyType.group','group',NULL,'is any of the ff.','matches',NULL,NULL,NULL,NULL,NULL,NULL,'[[key:\"E\",value:\"E\"],[key:\"F\",value:\"F\"],[key:\"G\",value:\"G\"]]',NULL,0),('RCONST-22689e33:1771e5912ef:-5fe6','RCOND-22689e33:1771e5912ef:-6017','obo.facts.OccupancyType.group','group',NULL,'is any of the ff.','matches',NULL,NULL,NULL,NULL,NULL,NULL,'[[key:\"A\",value:\"A\"]]',NULL,0),('RCONST-22689e33:1771e5912ef:-60dc','RCOND-22689e33:1771e5912ef:-612d','obo.facts.OccupancyType.group','group',NULL,'is any of the ff.','matches',NULL,NULL,NULL,NULL,NULL,NULL,'[[key:\"B\",value:\"B\"],[key:\"E\",value:\"E\"],[key:\"F\",value:\"F\"],[key:\"G\",value:\"G\"]]',NULL,0),('RCONST-22689e33:1771e5912ef:-627e','RCOND-22689e33:1771e5912ef:-62af','obo.facts.OccupancyType.group','group',NULL,'is any of the ff.','matches',NULL,NULL,NULL,NULL,NULL,NULL,'[[key:\"C\",value:\"C\"],[key:\"D\",value:\"D\"],[key:\"H\",value:\"H\"],[key:\"I\",value:\"I\"]]',NULL,0),('RCONST-22689e33:1771e5912ef:-636a','RCOND-22689e33:1771e5912ef:-639b','obo.facts.OccupancyType.group','group',NULL,'is any of the ff.','matches',NULL,NULL,NULL,NULL,NULL,NULL,'[[key:\"F\",value:\"F\"],[key:\"G\",value:\"G\"]]',NULL,0),('RCONST-22689e33:1771e5912ef:-6505','RCOND-22689e33:1771e5912ef:-6536','obo.facts.OccupancyType.group','group',NULL,'is any of the ff.','matches',NULL,NULL,NULL,NULL,NULL,NULL,'[[key:\"A\",value:\"A\"],[key:\"B\",value:\"B\"]]',NULL,0),('RCONST-22689e33:1771e5912ef:-65ee','RCOND-22689e33:1771e5912ef:-661f','obo.facts.OccupancyType.group','group',NULL,'not exist in','not matches',NULL,NULL,NULL,NULL,NULL,NULL,'[[key:\"A\",value:\"A\"],[key:\"B\",value:\"B\"]]',NULL,0),('RCONST-22689e33:1771e5912ef:-66da','RCOND-22689e33:1771e5912ef:-670b','obo.facts.OccupancyType.group','group',NULL,'is any of the ff.','matches',NULL,NULL,NULL,NULL,NULL,NULL,'[[key:\"E\",value:\"E\"],[key:\"F\",value:\"F\"]]',NULL,0),('RCONST-22689e33:1771e5912ef:-6808','RCOND-22689e33:1771e5912ef:-6839','obo.facts.OccupancyType.group','group',NULL,'is any of the ff.','matches',NULL,NULL,NULL,NULL,NULL,NULL,'[[key:\"E\",value:\"E\"],[key:\"F\",value:\"F\"]]',NULL,0),('RCONST-22689e33:1771e5912ef:-6962','RCOND-22689e33:1771e5912ef:-69cf','obo.facts.BuildingInfo.apptype','apptype',NULL,'not exist in','not matches',NULL,NULL,NULL,NULL,NULL,NULL,'[\"NEW\"]',NULL,0),('RCONST-22689e33:1771e5912ef:-6a50','RCOND-22689e33:1771e5912ef:-6a8a','obo.facts.OccupancyType.division','division',NULL,'is any of the ff.','matches',NULL,NULL,NULL,NULL,NULL,NULL,'[[key:\"A1\",value:\"A1\"]]',NULL,0),('RCONST-22689e33:1771e5912ef:-6b8c','RCOND-22689e33:1771e5912ef:-6bf9','obo.facts.BuildingInfo.apptype','apptype',NULL,'is any of the ff.','matches',NULL,NULL,NULL,NULL,NULL,NULL,'[\"NEW\"]',NULL,0),('RCONST-22689e33:1771e5912ef:-6cd7','RCOND-22689e33:1771e5912ef:-6d44','obo.facts.BuildingInfo.apptype','apptype',NULL,'not exist in','not matches',NULL,NULL,NULL,NULL,NULL,NULL,'[\"INS\"]',NULL,0),('RCONST-22689e33:1771e5912ef:-6e3c','RCOND-22689e33:1771e5912ef:-6e64','obo.facts.OccupancyType.division','division',NULL,'is any of the ff.','matches',NULL,NULL,NULL,NULL,NULL,NULL,'[[key:\"B1\",value:\"B1\"],[key:\"C1\",value:\"C1\"],[key:\"E1\",value:\"E1\"],[key:\"E2\",value:\"E2\"],[key:\"E3\",value:\"E3\"],[key:\"F1\",value:\"F1\"],[key:\"G1\",value:\"G1\"],[key:\"G2\",value:\"G2\"],[key:\"G3\",value:\"G3\"],[key:\"G4\",value:\"G4\"],[key:\"G5\",value:\"G5\"],[key:\"H1\",value:\"H1\"],[key:\"H2\",value:\"H2\"],[key:\"H3\",value:\"H3\"],[key:\"I1\",value:\"I1\"],[key:\"J1\",value:\"J1\"],[key:\"J2\",value:\"J2\"],[key:\"J3\",value:\"J3\"]]',NULL,0),('RCONST-22689e33:1771e5912ef:-6f2f','RCOND-22689e33:1771e5912ef:-6f9c','obo.facts.BuildingInfo.apptype','apptype',NULL,'not exist in','not matches',NULL,NULL,NULL,NULL,NULL,NULL,'[\"INS\"]',NULL,0),('RCONST-22689e33:1771e5912ef:-7034','RCOND-22689e33:1771e5912ef:-705c','obo.facts.OccupancyType.division','division',NULL,'is any of the ff.','matches',NULL,NULL,NULL,NULL,NULL,NULL,'[[key:\"C2\",value:\"C2\"],[key:\"D1\",value:\"D1\"],[key:\"D2\",value:\"D2\"],[key:\"D3\",value:\"D3\"]]',NULL,0),('RCONST-22689e33:1771e5912ef:-7127','RCOND-22689e33:1771e5912ef:-7195','obo.facts.BuildingInfo.apptype','apptype',NULL,'is any of the ff.','matches',NULL,NULL,NULL,NULL,NULL,NULL,'[\"NEW\"]',NULL,0),('RCONST-22689e33:1771e5912ef:-7216','RCOND-22689e33:1771e5912ef:-7250','obo.facts.OccupancyType.division','division',NULL,'is any of the ff.','matches',NULL,NULL,NULL,NULL,NULL,NULL,'[[key:\"A1\",value:\"A1\"]]',NULL,0),('RCONST-22689e33:1771e5912ef:-76c2','RCOND-22689e33:1771e5912ef:-76ea','obo.facts.OccupancyType.division','division',NULL,'is any of the ff.','matches',NULL,NULL,NULL,NULL,NULL,NULL,'[[key:\"A2\",value:\"A2\"]]',NULL,0),('RCONST-22689e33:1771e5912ef:-784f','RCOND-22689e33:1771e5912ef:-7889','obo.facts.OccupancyType.division','division',NULL,'is any of the ff.','matches',NULL,NULL,NULL,NULL,NULL,NULL,'[[key:\"A2\",value:\"A2\"]]',NULL,0),('RCONST-22689e33:1771e5912ef:-7944','RCOND-22689e33:1771e5912ef:-7975','obo.facts.OccupancyType.group','group',NULL,'is any of the ff.','matches',NULL,NULL,NULL,NULL,NULL,NULL,'[[key:\"E\",value:\"E\"],[key:\"F\",value:\"F\"]]',NULL,0),('RCONST-2287b2ad:1701dc18f22:-7562','RCOND-2287b2ad:1701dc18f22:-7572','obo.facts.OboDocument.doctype','doctype',NULL,'is any of the ff.','matches',NULL,NULL,NULL,NULL,NULL,NULL,'[[key:\"LOCATIONAL_CLEARANCE\",value:\"Locational Clearance\"]]',NULL,0),('RCONST-2287b2ad:1701dc18f22:-774e','RCOND-2287b2ad:1701dc18f22:-775e','obo.facts.OboDocument.doctype','doctype',NULL,'is any of the ff.','matches',NULL,NULL,NULL,NULL,NULL,NULL,'[[key:\"LOCATIONAL_CLEARANCE\",value:\"Locational Clearance\"]]',NULL,0),('RCONST-2287b2ad:1701dc18f22:-7844','RCOND-2287b2ad:1701dc18f22:-7854','obo.facts.OboDocument.doctype','doctype',NULL,'is any of the ff.','matches',NULL,NULL,NULL,NULL,NULL,NULL,'[[key:\"LOCATIONAL_CLEARANCE\",value:\"Locational Clearance\"]]',NULL,0),('RCONST-2287b2ad:1701dc18f22:-793a','RCOND-2287b2ad:1701dc18f22:-794a','obo.facts.OboDocument.doctype','doctype',NULL,'is any of the ff.','matches',NULL,NULL,NULL,NULL,NULL,NULL,'[[key:\"LOCATIONAL_CLEARANCE\",value:\"Locational Clearance\"]]',NULL,0),('RCONST-2287b2ad:1701dc18f22:-7a30','RCOND-2287b2ad:1701dc18f22:-7a40','obo.facts.OboDocument.doctype','doctype',NULL,'is any of the ff.','matches',NULL,NULL,NULL,NULL,NULL,NULL,'[[key:\"LOCATIONAL_CLEARANCE\",value:\"Locational Clearance\"]]',NULL,0),('RCONST-2287b2ad:1701dc18f22:-7c05','RCOND-2287b2ad:1701dc18f22:-7c15','obo.facts.OboDocument.doctype','doctype',NULL,'is any of the ff.','matches',NULL,NULL,NULL,NULL,NULL,NULL,'[[key:\"LOCATIONAL_CLEARANCE\",value:\"Locational Clearance\"]]',NULL,0),('RCONST-24f6e11b:15b6c092725:-5336','RCOND-497dd1bf:15b6a2553bf:-77f2','treasury.facts.BillItem.txntype','txntype',NULL,'is any of the ff.','matches',NULL,NULL,NULL,NULL,NULL,NULL,'[[key:\"BLDG_ACCESSORY\",value:\"BLDG ACCESSORY FEE\"]]',NULL,0),('RCONST-24f6e11b:15b6c092725:-5450','RCOND51c2b1c4:15b69a42d57:-779f','treasury.facts.BillItem.txntype','txntype',NULL,'is any of the ff.','matches',NULL,NULL,NULL,NULL,NULL,NULL,'[[key:\"BLDG_ACCESSORY\",value:\"BLDG ACCESSORY FEE\"]]',NULL,0),('RCONST-263a2c10:17969526f5a:-6da5','RCOND-263a2c10:17969526f5a:-6e90','workflow.facts.WfTaskResult.state','state',NULL,'equal to','==',NULL,NULL,NULL,NULL,NULL,'inspection',NULL,NULL,2),('RCONST-263a2c10:17969526f5a:-6e0c','RCOND-263a2c10:17969526f5a:-6e90','workflow.facts.WfTaskResult.action','action',NULL,'not equal to','!=',NULL,NULL,NULL,NULL,NULL,'reactivate',NULL,NULL,1),('RCONST-263a2c10:17969526f5a:-6e5c','RCOND-263a2c10:17969526f5a:-6e90','workflow.facts.WfTaskResult.processname','processname',NULL,'equal to','==',NULL,NULL,NULL,NULL,NULL,'occupancy_certificate',NULL,NULL,0),('RCONST-29595738:16a4fbe79ee:-7c95','RC-37d558f5:16a4fd0d79e:-7fbc','obo.facts.OccupancyType.group','group',NULL,'is any of the ff.','matches',NULL,NULL,NULL,NULL,NULL,NULL,'[[key:\"D\",value:\"D\"]]',NULL,1),('RCONST-2fbca757:15bf25c4add:-6694','RCOND-2fbca757:15bf25c4add:-6723','obo.facts.OboDecimalInfo.value','value','AREA',NULL,NULL,NULL,NULL,NULL,NULL,NULL,NULL,NULL,NULL,1),('RCONST-2fbca757:15bf25c4add:-6716','RCOND-2fbca757:15bf25c4add:-6723','obo.facts.OboDecimalInfo.name','name',NULL,'is any of the ff.','matches',NULL,NULL,NULL,NULL,NULL,NULL,'[[key:\"GARAGE\",value:\"GARAGE (AREA SQM)\"],[key:\"BALCONY_TERRACES_LANAI\",value:\"BALCONY TERRACES LANAI (AREA SQM)\"]]',NULL,0),('RCONST-2fbca757:15bf25c4add:-68bf','RCOND-2fbca757:15bf25c4add:-6932','obo.facts.OboDecimalInfo.value','value','AREA',NULL,NULL,NULL,NULL,NULL,NULL,NULL,NULL,NULL,NULL,1),('RCONST-2fbca757:15bf25c4add:-6925','RCOND-2fbca757:15bf25c4add:-6932','obo.facts.OboDecimalInfo.name','name',NULL,'is any of the ff.','matches',NULL,NULL,NULL,NULL,NULL,NULL,'[[key:\"GARAGE\",value:\"GARAGE (AREA SQM)\"],[key:\"BALCONY_TERRACES_LANAI\",value:\"BALCONY TERRACES LANAI (AREA SQM)\"]]',NULL,0),('RCONST-2fbca757:15bf25c4add:-75fc','RCOND-2fbca757:15bf25c4add:-7625','treasury.facts.BillItem.txntype','txntype',NULL,'is any of the ff.','matches',NULL,NULL,NULL,NULL,NULL,NULL,'[[key:\"BLDG_ACCESSORY\",value:\"BLDG ACCESSORY FEE\"]]',NULL,0),('RCONST-2fbca757:15bf25c4add:-76e6','RCOND-2fbca757:15bf25c4add:-770f','treasury.facts.BillItem.txntype','txntype',NULL,'is any of the ff.','matches',NULL,NULL,NULL,NULL,NULL,NULL,'[[key:\"BLDG_ACCESSORY\",value:\"BLDG ACCESSORY FEE\"]]',NULL,0),('RCONST-301ccfbb:16a4e3ad539:-4e1d','RC-d96c4a7:15bf6365df9:-7fe8','treasury.facts.BillItem.billcode','billcode',NULL,'is any of the ff.','matches',NULL,NULL,NULL,NULL,NULL,NULL,'[[key:\"SIGNAGE_FEE\",value:\"SIGNAGE FEE\"]]',NULL,0),('RCONST-301ccfbb:16a4e3ad539:-4f8d','RC73b3316:15bf60d669e:-7fd6','treasury.facts.BillItem.billcode','billcode',NULL,'is any of the ff.','matches',NULL,NULL,NULL,NULL,NULL,NULL,'[[key:\"SIGNAGE_FEE\",value:\"SIGNAGE FEE\"]]',NULL,0),('RCONST-301ccfbb:16a4e3ad539:-510b','RC73b3316:15bf60d669e:-7f9a','treasury.facts.BillItem.billcode','billcode',NULL,'is any of the ff.','matches',NULL,NULL,NULL,NULL,NULL,NULL,'[[key:\"SIGNAGE_FEE\",value:\"SIGNAGE FEE\"]]',NULL,0),('RCONST-301ccfbb:16a4e3ad539:-5287','RC73b3316:15bf60d669e:-7fe2','treasury.facts.BillItem.billcode','billcode',NULL,'is any of the ff.','matches',NULL,NULL,NULL,NULL,NULL,NULL,'[[key:\"SIGNAGE_FEE\",value:\"SIGNAGE FEE\"]]',NULL,0),('RCONST-301ccfbb:16a4e3ad539:-55b6','RC73b3316:15bf60d669e:-7fc4','treasury.facts.BillItem.billcode','billcode',NULL,'is any of the ff.','matches',NULL,NULL,NULL,NULL,NULL,NULL,'[[key:\"SIGNAGE_FEE\",value:\"SIGNAGE FEE\"]]',NULL,0),('RCONST-301ccfbb:16a4e3ad539:-5730','RC73b3316:15bf60d669e:-7fee','treasury.facts.BillItem.billcode','billcode',NULL,'is any of the ff.','matches',NULL,NULL,NULL,NULL,NULL,NULL,'[[key:\"SIGNAGE_FEE\",value:\"SIGNAGE FEE\"]]',NULL,0),('RCONST-301ccfbb:16a4e3ad539:-58ed','RC73b3316:15bf60d669e:-7f94','treasury.facts.BillItem.billcode','billcode',NULL,'is any of the ff.','matches',NULL,NULL,NULL,NULL,NULL,NULL,'[[key:\"SIGNAGE_FEE\",value:\"SIGNAGE FEE\"]]',NULL,1),('RCONST-301ccfbb:16a4e3ad539:-5afa','RCOND-181817d3:15bf4e3b890:-147b','treasury.facts.BillItem.billcode','billcode',NULL,'is any of the ff.','matches',NULL,NULL,NULL,NULL,NULL,NULL,'[[key:\"SIGNAGE_FEE\",value:\"SIGNAGE FEE\"]]',NULL,1),('RCONST-301ccfbb:16a4e3ad539:-63e4','RCOND-181817d3:15bf4e3b890:-19c4','treasury.facts.BillItem.billcode','billcode',NULL,'is any of the ff.','matches',NULL,NULL,NULL,NULL,NULL,NULL,'[[key:\"SIGNAGE_FEE\",value:\"SIGNAGE FEE\"]]',NULL,1),('RCONST-301ccfbb:16a4e3ad539:-67d1','RC1cbabe6f:15bf507af61:-7fcc','treasury.facts.BillItem.billcode','billcode',NULL,'is any of the ff.','matches',NULL,NULL,NULL,NULL,NULL,NULL,'[[key:\"FENCING_FEE\",value:\"FENCING FEE\"]]',NULL,0),('RCONST-301ccfbb:16a4e3ad539:-698e','RC1cbabe6f:15bf507af61:-7fd2','treasury.facts.BillItem.billcode','billcode',NULL,'is any of the ff.','matches',NULL,NULL,NULL,NULL,NULL,NULL,'[[key:\"FENCING_FEE\",value:\"FENCING FEE\"]]',NULL,1),('RCONST-301ccfbb:16a4e3ad539:-6af5','RCOND-181817d3:15bf4e3b890:-2cb9','treasury.facts.BillItem.billcode','billcode',NULL,'is any of the ff.','matches',NULL,NULL,NULL,NULL,NULL,NULL,'[[key:\"FENCING_FEE\",value:\"FENCING FEE\"]]',NULL,0),('RCONST-301ccfbb:16a4e3ad539:-74e2','RCOND-181817d3:15bf4e3b890:-3260','treasury.facts.BillItem.billcode','billcode',NULL,'is any of the ff.','matches',NULL,NULL,NULL,NULL,NULL,NULL,'[[key:\"EXCAVATION_FEE\",value:\"EXCAVATION FEE\"]]',NULL,1),('RCONST-301ccfbb:16a4e3ad539:-76de','RC1cbabe6f:15bf507af61:-7fdb','treasury.facts.BillItem.billcode','billcode',NULL,'is any of the ff.','matches',NULL,NULL,NULL,NULL,NULL,NULL,'[[key:\"ACCESSORY_FEE\",value:\"ACCESSORY FEE\"]]',NULL,0),('RCONST-301ccfbb:16a4e3ad539:-7996','RC1cbabe6f:15bf507af61:-7fe7','treasury.facts.BillItem.billcode','billcode',NULL,'is any of the ff.','matches',NULL,NULL,NULL,NULL,NULL,NULL,'[[key:\"EXCAVATION_FEE\",value:\"EXCAVATION FEE\"]]',NULL,0),('RCONST-301ccfbb:16a4e3ad539:-7b2f','RC-39c9f5f6:16a4e3b1db2:-7fa0','treasury.facts.BillItem.billcode','billcode',NULL,'is any of the ff.','matches',NULL,NULL,NULL,NULL,NULL,NULL,'[[key:\"EXCAVATION_FEE\",value:\"EXCAVATION FEE\"]]',NULL,0),('RCONST-31b6d01f:16a47e1bc4e:-6e65','RCOND-685b3759:16a2fd8270e:-76bd','obo.facts.BuildingInfo.worktype','worktype',NULL,'is any of the ff.','matches',NULL,NULL,NULL,NULL,NULL,NULL,'[[key:\"ADDITION\",value:\"ADDITION\"],[key:\"RENOVATION\",value:\"RENOVATION\"],[key:\"ALTERATION\",value:\"ALTERATION\"]]',NULL,1),('RCONST-31b6d01f:16a47e1bc4e:-7154','RCOND-685b3759:16a2fd8270e:-796b','obo.facts.BuildingInfo.worktype','worktype',NULL,'is any of the ff.','matches',NULL,NULL,NULL,NULL,NULL,NULL,'[[key:\"ADDITION\",value:\"ADDITION\"],[key:\"RENOVATION\",value:\"RENOVATION\"],[key:\"ALTERATION\",value:\"ALTERATION\"]]',NULL,1),('RCONST-364c55f2:1763c44119c:-10cc','RCOND-364c55f2:1763c44119c:-10dc','obo.facts.OboDocument.doctype','doctype',NULL,'is any of the ff.','matches',NULL,NULL,NULL,NULL,NULL,NULL,'[[key:\"FENCING\",value:\"FENCING PERMIT\"]]',NULL,0),('RCONST-364c55f2:1763c44119c:-4c3d','RCOND-364c55f2:1763c44119c:-4c4d','obo.facts.OboDocument.doctype','doctype',NULL,'is any of the ff.','matches',NULL,NULL,NULL,NULL,NULL,NULL,'[[key:\"SIGN\",value:\"SIGN PERMIT\"]]',NULL,0),('RCONST-3e1b1387:169e65ec32c:-7d95','RCOND-3e1b1387:169e65ec32c:-7db0','obo.facts.OccupancyType.group','group',NULL,'is any of the ff.','matches',NULL,NULL,NULL,NULL,NULL,NULL,'[[key:\"A\",value:\"A\"],[key:\"B\",value:\"B\"],[key:\"C\",value:\"C\"],[key:\"D\",value:\"D\"],[key:\"E\",value:\"E\"],[key:\"G\",value:\"G\"],[key:\"H\",value:\"H\"],[key:\"I\",value:\"I\"]]',NULL,0),('RCONST-40697891:1763cd25bb2:-3280','RCOND-40697891:1763cd25bb2:-3290','obo.facts.OboDocument.doctype','doctype',NULL,'is any of the ff.','matches',NULL,NULL,NULL,NULL,NULL,NULL,'[[key:\"EXCAVATION\",value:\"EXCAVATION AND GROUND PERMIT\"]]',NULL,0),('RCONST-40697891:1763cd25bb2:-33b7','RCOND-40697891:1763cd25bb2:-33c7','obo.facts.OboDocument.doctype','doctype',NULL,'is any of the ff.','matches',NULL,NULL,NULL,NULL,NULL,NULL,'[[key:\"EXCAVATION\",value:\"EXCAVATION AND GROUND PERMIT\"]]',NULL,0),('RCONST-40697891:1763cd25bb2:-7ab8','RCOND-40697891:1763cd25bb2:-7ac8','obo.facts.OboDocument.doctype','doctype',NULL,'is any of the ff.','matches',NULL,NULL,NULL,NULL,NULL,NULL,'[[key:\"LINE_AND_GRADE\",value:\"LINE AND GRADE\"]]',NULL,0),('RCONST-40697891:1763cd25bb2:-7c03','RCOND-181817d3:15bf4e3b890:-3a97','treasury.facts.BillItem.billcode','billcode',NULL,'is any of the ff.','matches',NULL,NULL,NULL,NULL,NULL,NULL,'[[key:\"LINE_AND_GRADE\",value:\"LINE AND GRADE\"]]',NULL,0),('RCONST-412b6ac3:17060a030aa:-7b71','RCOND-412b6ac3:17060a030aa:-7bcb','obo.facts.OboIntegerInfo.value','value','UNIT',NULL,NULL,NULL,NULL,NULL,NULL,NULL,NULL,NULL,NULL,1),('RCONST-412b6ac3:17060a030aa:-7bb6','RCOND-412b6ac3:17060a030aa:-7bcb','obo.facts.OboIntegerInfo.name','name',NULL,'is any of the ff.','matches',NULL,NULL,NULL,NULL,NULL,NULL,'[[key:\"WELDING_MACHINE\",value:\"WELDING/OXY-ACETYLENE MACHINE\"]]',NULL,0),('RCONST-412b6ac3:17060a030aa:-7c55','RCOND-412b6ac3:17060a030aa:-7c65','obo.facts.OboDocument.doctype','doctype',NULL,'is any of the ff.','matches',NULL,NULL,NULL,NULL,NULL,NULL,'[[key:\"HOT_WORKS\",value:\"HOT WORKS PERMIT\"]]',NULL,0),('RCONST-41516f3a:178f3866074:-7628','RCOND-41516f3a:178f3866074:-7638','obo.facts.OboDocument.doctype','doctype',NULL,'is any of the ff.','matches',NULL,NULL,NULL,NULL,NULL,NULL,'[[key:\"ACCESSORIES\",value:\"ACCESSORIES\"]]',NULL,0),('RCONST-4267ff2c:16a444aba70:-589b','RCOND-4267ff2c:16a444aba70:-592c','obo.facts.BuildingInfo.height','height','HEIGHT','greater than','>',NULL,NULL,NULL,8.00,NULL,NULL,NULL,NULL,1),('RCONST-4267ff2c:16a444aba70:-58f0','RCOND-4267ff2c:16a444aba70:-592c','obo.facts.BuildingInfo.floorarea','floorarea','AREA',NULL,NULL,NULL,NULL,NULL,NULL,NULL,NULL,NULL,NULL,0),('RCONST-4267ff2c:16a444aba70:-5f34','RC-3394437b:16a4396e5cb:-7b36','obo.facts.OboDecimalInfo.value','value','CUM',NULL,NULL,NULL,NULL,NULL,NULL,NULL,NULL,NULL,NULL,2),('RCONST-4267ff2c:16a444aba70:-613c','RC-3394437b:16a4396e5cb:-7b29','obo.facts.OboDecimalInfo.value','value','CUM',NULL,NULL,NULL,NULL,NULL,NULL,NULL,NULL,NULL,NULL,2),('RCONST-4267ff2c:16a444aba70:-6b9e','RCOND-4267ff2c:16a444aba70:-6bde','treasury.facts.BillItem.billcode','billcode',NULL,'is any of the ff.','matches',NULL,NULL,NULL,NULL,NULL,NULL,'[[key:\"ACCESSORY_STRUCTURE_FEE\",value:\"ACCESSORY STRUCTURE FEE\"]]',NULL,0),('RCONST-4267ff2c:16a444aba70:-6c60','RCOND-4267ff2c:16a444aba70:-6cd2','obo.facts.OboDecimalInfo.value','value','SQM',NULL,NULL,NULL,NULL,NULL,NULL,NULL,NULL,NULL,NULL,1),('RCONST-4267ff2c:16a444aba70:-6cb6','RCOND-4267ff2c:16a444aba70:-6cd2','obo.facts.OboDecimalInfo.name','name',NULL,'is any of the ff.','matches',NULL,NULL,NULL,NULL,NULL,NULL,'[[key:\"TOMB\",value:\"TOMB\"],[key:\"SEMI_ENCLOSED_MAUSOLEUM\",value:\"SEMI-ENCLOSED MAUSOLEUM\"]]',NULL,0),('RCONST-4267ff2c:16a444aba70:-6e09','RCOND-4267ff2c:16a444aba70:-6eb7','obo.facts.OboDecimalInfo.value','value','CUM',NULL,NULL,NULL,NULL,NULL,NULL,NULL,NULL,NULL,NULL,1),('RCONST-4267ff2c:16a444aba70:-6e58','RCOND-4267ff2c:16a444aba70:-6eb7','obo.facts.OboDecimalInfo.name','name',NULL,'is any of the ff.','matches',NULL,NULL,NULL,NULL,NULL,NULL,'[[key:\"WATER_AND_WASTE_WATER_TREATMENT_TANK\",value:\"WATER AND WASTE WATER TREATMENT TANK\"]]',NULL,0),('RCONST-4267ff2c:16a444aba70:-70e9','RCOND-4267ff2c:16a444aba70:-7151','obo.facts.OboIntegerInfo.value','value','UNIT',NULL,NULL,NULL,NULL,NULL,NULL,NULL,NULL,NULL,NULL,1),('RCONST-4267ff2c:16a444aba70:-7135','RCOND-4267ff2c:16a444aba70:-7151','obo.facts.OboIntegerInfo.name','name',NULL,'is any of the ff.','matches',NULL,NULL,NULL,NULL,NULL,NULL,'[[key:\"SWIMMING_POOL_SHOWER_LOCKER_ROOM\",value:\"SWIMMING POOL SHOWER/LOCKER ROOM\"]]',NULL,0),('RCONST-48f37385:178ea97c373:-71d3','RC1af7b1b4:178ceda2daf:-8000','workflow.facts.WfTaskResult.state','state',NULL,'equal to','==',NULL,NULL,NULL,NULL,NULL,'requirement-revision',NULL,NULL,3),('RCONST-497dd1bf:15b6a2553bf:-771c','RCOND-497dd1bf:15b6a2553bf:-7763','obo.facts.OboDecimalInfo.value','value','CUM',NULL,NULL,NULL,NULL,NULL,NULL,NULL,NULL,NULL,NULL,1),('RCONST-497dd1bf:15b6a2553bf:-7757','RCOND-497dd1bf:15b6a2553bf:-7763','obo.facts.OboDecimalInfo.name','name',NULL,'is any of the ff.','matches',NULL,NULL,NULL,NULL,NULL,NULL,'[[key:\"BANK_AND_RECORD_VAULT\",value:\"BANK AND RECORD VAULTS (cuM)\"]]',NULL,0),('RCONST-50300c99:15b7626649d:-559f','RCOND-50300c99:15b7626649d:-55e9','obo.facts.OboIntegerInfo.value','value','UNIT',NULL,NULL,NULL,NULL,NULL,NULL,NULL,NULL,NULL,NULL,1),('RCONST-50300c99:15b7626649d:-55dc','RCOND-50300c99:15b7626649d:-55e9','obo.facts.OboIntegerInfo.name','name',NULL,'is any of the ff.','matches',NULL,NULL,NULL,NULL,NULL,NULL,'[[key:\"INSPECTION_OF_KNOCK_DOWN_TEMP_TYPE\",value:\"INSPECTION OF KNOCK DOWN TEMPORARY TYPE (UNIT)\"]]',NULL,0),('RCONST-50300c99:15b7626649d:-58e2','RCOND-50300c99:15b7626649d:-592b','obo.facts.OboDecimalInfo.value','value','SQM',NULL,NULL,NULL,NULL,NULL,NULL,NULL,NULL,NULL,NULL,1),('RCONST-50300c99:15b7626649d:-591f','RCOND-50300c99:15b7626649d:-592b','obo.facts.OboDecimalInfo.name','name',NULL,'is any of the ff.','matches',NULL,NULL,NULL,NULL,NULL,NULL,'[[key:\"BOOTH_KIOSK_PLATFORM_STAGES_TEMP\",value:\"BOOTH, KIOSK AND PLATFORM STAGES - TEMPORARY (SQM)\"]]',NULL,0),('RCONST-50300c99:15b7626649d:-5993','RCOND-50300c99:15b7626649d:-59b5','treasury.facts.BillItem.txntype','txntype',NULL,'is any of the ff.','matches',NULL,NULL,NULL,NULL,NULL,NULL,'[[key:\"BLDG_ACCESSORY\",value:\"BLDG ACCESSORY FEE\"]]',NULL,0),('RCONST-50300c99:15b7626649d:-623a','RCOND-50300c99:15b7626649d:-6283','obo.facts.OboDecimalInfo.value','value','SQM',NULL,NULL,NULL,NULL,NULL,NULL,NULL,NULL,NULL,NULL,1),('RCONST-50300c99:15b7626649d:-6277','RCOND-50300c99:15b7626649d:-6283','obo.facts.OboDecimalInfo.name','name',NULL,'is any of the ff.','matches',NULL,NULL,NULL,NULL,NULL,NULL,'[[key:\"TOMBS\",value:\"TOMBS (SQM)\"]]',NULL,0),('RCONST-50300c99:15b7626649d:-730b','RCOND-50300c99:15b7626649d:-7355','obo.facts.OboDecimalInfo.value','value','CUM',NULL,NULL,NULL,NULL,NULL,NULL,NULL,NULL,NULL,NULL,1),('RCONST-50300c99:15b7626649d:-7348','RCOND-50300c99:15b7626649d:-7355','obo.facts.OboDecimalInfo.name','name',NULL,'is any of the ff.','matches',NULL,NULL,NULL,NULL,NULL,NULL,'[[key:\"REINFORCED_CONCRETE_OR_STEEL_TANK_ABOVE_GROUND\",value:\"REINFORCED CONCRETE OR STEEL TANK ABOVE GROUND (cuM)\"]]',NULL,0),('RCONST-50300c99:15b7626649d:-73ca','RCOND-50300c99:15b7626649d:-73ec','treasury.facts.BillItem.txntype','txntype',NULL,'is any of the ff.','matches',NULL,NULL,NULL,NULL,NULL,NULL,'[[key:\"BLDG_ACCESSORY\",value:\"BLDG ACCESSORY FEE\"]]',NULL,0),('RCONST-50300c99:15b7626649d:-7601','RCOND-50300c99:15b7626649d:-7649','obo.facts.OboDecimalInfo.value','value','CUM',NULL,NULL,NULL,NULL,NULL,NULL,NULL,NULL,NULL,NULL,1),('RCONST-50300c99:15b7626649d:-763c','RCOND-50300c99:15b7626649d:-7649','obo.facts.OboDecimalInfo.name','name',NULL,'is any of the ff.','matches',NULL,NULL,NULL,NULL,NULL,NULL,'[[key:\"KILN_FURNACE\",value:\"KILN / FURNACE (cuM)\"]]',NULL,0),('RCONST-50300c99:15b7626649d:-7737','RCOND-50300c99:15b7626649d:-7759','treasury.facts.BillItem.txntype','txntype',NULL,'is any of the ff.','matches',NULL,NULL,NULL,NULL,NULL,NULL,'[[key:\"BLDG_ACCESSORY\",value:\"BLDG ACCESSORY FEE\"]]',NULL,0),('RCONST-50300c99:15b7626649d:-7b32','RCOND-50300c99:15b7626649d:-7b79','obo.facts.OboIntegerInfo.value','value','UNIT',NULL,NULL,NULL,NULL,NULL,NULL,NULL,NULL,NULL,NULL,1),('RCONST-50300c99:15b7626649d:-7b6d','RCOND-50300c99:15b7626649d:-7b79','obo.facts.OboIntegerInfo.name','name',NULL,'is any of the ff.','matches',NULL,NULL,NULL,NULL,NULL,NULL,'[[key:\"SHOWER_LOCKER_ROOM\",value:\"SHOWER/LOCKER ROOMS (UNIT)\"]]',NULL,0),('RCONST-50300c99:15b7626649d:-7d6b','RCOND-50300c99:15b7626649d:-7d8d','treasury.facts.BillItem.txntype','txntype',NULL,'is any of the ff.','matches',NULL,NULL,NULL,NULL,NULL,NULL,'[[key:\"BLDG_ACCESSORY\",value:\"BLDG ACCESSORY FEE\"]]',NULL,0),('RCONST-580c0202:1796dc1fd5f:-7d93','RCOND-580c0202:1796dc1fd5f:-7e19','workflow.facts.WfTaskResult.state','state',NULL,'equal to','==',NULL,NULL,NULL,NULL,NULL,'inspection-wait-state',NULL,NULL,1),('RCONST-580c0202:1796dc1fd5f:-7de5','RCOND-580c0202:1796dc1fd5f:-7e19','workflow.facts.WfTaskResult.processname','processname',NULL,'equal to','==',NULL,NULL,NULL,NULL,NULL,'occupancy_certificate',NULL,NULL,0),('RCONST-5b99cee3:1763b4d0bec:-7913','RCOND-5b99cee3:1763b4d0bec:-7923','obo.facts.OccupancyState.operational','operational',NULL,'is true','== true',NULL,NULL,NULL,NULL,NULL,NULL,NULL,NULL,0),('RCONST-5b99cee3:1763b4d0bec:-7a35','RCOND-5b99cee3:1763b4d0bec:-7a45','obo.facts.OboDocument.doctype','doctype',NULL,'is any of the ff.','matches',NULL,NULL,NULL,NULL,NULL,NULL,'[[key:\"OCCUPANCY_CERTIFICATE\",value:\"OCCUPANCY CERTIFICATE\"]]',NULL,0),('RCONST-64949ac3:17987dbd3a5:-7451','RCOND-64949ac3:17987dbd3a5:-7491','obo.facts.BuildingInfo.projectcost','projectcost','PROJCOST',NULL,NULL,NULL,NULL,NULL,NULL,NULL,NULL,NULL,NULL,0),('RCONST-64949ac3:17987dbd3a5:-7533','RCOND-64949ac3:17987dbd3a5:-758b','obo.facts.OboLookupInfo.value','value',NULL,'not exist in','not matches',NULL,NULL,NULL,NULL,NULL,NULL,'[[key:\"ZONECLASS:A\",value:\"AGRICULTURAL\"]]',NULL,1),('RCONST-64949ac3:17987dbd3a5:-7575','RCOND-64949ac3:17987dbd3a5:-758b','obo.facts.OboLookupInfo.name','name',NULL,'is any of the ff.','matches',NULL,NULL,NULL,NULL,NULL,NULL,'[[key:\"ZONECLASS\",value:\"Zone Class\"]]',NULL,0),('RCONST-64949ac3:17987dbd3a5:-7631','RCOND-64949ac3:17987dbd3a5:-7641','obo.facts.OboDocument.doctype','doctype',NULL,'is any of the ff.','matches',NULL,NULL,NULL,NULL,NULL,NULL,'[[key:\"LOCATIONAL_CLEARANCE\",value:\"LOCATIONAL CLEARANCE\"]]',NULL,0),('RCONST-64949ac3:17987dbd3a5:-78b6','RCOND-64949ac3:17987dbd3a5:-7937','obo.facts.BuildingInfo.projectcost','projectcost','PROJCOST',NULL,NULL,NULL,NULL,NULL,NULL,NULL,NULL,NULL,NULL,0),('RCONST-64949ac3:17987dbd3a5:-79d5','RCOND-64949ac3:17987dbd3a5:-7a2d','obo.facts.OboLookupInfo.value','value',NULL,'is any of the ff.','matches',NULL,NULL,NULL,NULL,NULL,NULL,'[[key:\"ZONECLASS:A\",value:\"AGRICULTURAL\"]]',NULL,1),('RCONST-64949ac3:17987dbd3a5:-7a17','RCOND-64949ac3:17987dbd3a5:-7a2d','obo.facts.OboLookupInfo.name','name',NULL,'is any of the ff.','matches',NULL,NULL,NULL,NULL,NULL,NULL,'[[key:\"ZONECLASS\",value:\"Zone Class\"]]',NULL,0),('RCONST-64949ac3:17987dbd3a5:-7b08','RCOND-64949ac3:17987dbd3a5:-7b18','obo.facts.OboDocument.doctype','doctype',NULL,'is any of the ff.','matches',NULL,NULL,NULL,NULL,NULL,NULL,'[[key:\"LOCATIONAL_CLEARANCE\",value:\"LOCATIONAL CLEARANCE\"]]',NULL,0),('RCONST-685b3759:16a2fd8270e:-357e','RC33115abb:15b366b9fbd:-7f99','treasury.facts.BillItem.billcode','billcode',NULL,'is any of the ff.','matches',NULL,NULL,NULL,NULL,NULL,NULL,'[[key:\"MECHANICAL_FEE\",value:\"MECHANICAL FEE\"]]',NULL,0),('RCONST-685b3759:16a2fd8270e:-3694','RCOND544e84a6:15b372b5faf:-7e18','treasury.facts.BillItem.billcode','billcode',NULL,'is any of the ff.','matches',NULL,NULL,NULL,NULL,NULL,NULL,'[[key:\"MECHANICAL_FEE\",value:\"MECHANICAL FEE\"]]',NULL,0),('RCONST-685b3759:16a2fd8270e:-3873','RCOND-108b4192:15b3d234d5c:-7bb0','treasury.facts.BillItem.billcode','billcode',NULL,'is any of the ff.','matches',NULL,NULL,NULL,NULL,NULL,NULL,'[[key:\"MECHANICAL_FEE\",value:\"MECHANICAL FEE\"]]',NULL,0),('RCONST-685b3759:16a2fd8270e:-39b4','RC-52beabf2:15b3c40641b:-7fc5','treasury.facts.BillItem.billcode','billcode',NULL,'is any of the ff.','matches',NULL,NULL,NULL,NULL,NULL,NULL,'[[key:\"MECHANICAL_FEE\",value:\"MECHANICAL FEE\"]]',NULL,0),('RCONST-685b3759:16a2fd8270e:-3c66','RCOND-108b4192:15b3d234d5c:-7989','treasury.facts.BillItem.billcode','billcode',NULL,'is any of the ff.','matches',NULL,NULL,NULL,NULL,NULL,NULL,'[[key:\"MECHANICAL_FEE\",value:\"MECHANICAL FEE\"]]',NULL,0),('RCONST-685b3759:16a2fd8270e:-3dda','RC-52beabf2:15b3c40641b:-7fe0','treasury.facts.BillItem.billcode','billcode',NULL,'is any of the ff.','matches',NULL,NULL,NULL,NULL,NULL,NULL,'[[key:\"MECHANICAL_FEE\",value:\"MECHANICAL FEE\"]]',NULL,0),('RCONST-685b3759:16a2fd8270e:-3f6c','RCOND-108b4192:15b3d234d5c:-71fc','treasury.facts.BillItem.billcode','billcode',NULL,'is any of the ff.','matches',NULL,NULL,NULL,NULL,NULL,NULL,'[[key:\"MECHANICAL_FEE\",value:\"MECHANICAL FEE\"]]',NULL,0),('RCONST-685b3759:16a2fd8270e:-40d4','RCOND-108b4192:15b3d234d5c:-6f02','treasury.facts.BillItem.billcode','billcode',NULL,'is any of the ff.','matches',NULL,NULL,NULL,NULL,NULL,NULL,'[[key:\"MECHANICAL_FEE\",value:\"MECHANICAL FEE\"]]',NULL,0),('RCONST-685b3759:16a2fd8270e:-423c','RC-52beabf2:15b3c40641b:-7fd4','treasury.facts.BillItem.billcode','billcode',NULL,'is any of the ff.','matches',NULL,NULL,NULL,NULL,NULL,NULL,'[[key:\"MECHANICAL_FEE\",value:\"MECHANICAL FEE\"]]',NULL,0),('RCONST-685b3759:16a2fd8270e:-43f8','RC-52beabf2:15b3c40641b:-7fcb','treasury.facts.BillItem.billcode','billcode',NULL,'is any of the ff.','matches',NULL,NULL,NULL,NULL,NULL,NULL,'[[key:\"MECHANICAL_FEE\",value:\"MECHANICAL FEE\"]]',NULL,0),('RCONST-685b3759:16a2fd8270e:-568b','RC-53717d20:15b4db8478f:-7fba','treasury.facts.BillItem.billcode','billcode',NULL,'is any of the ff.','matches',NULL,NULL,NULL,NULL,NULL,NULL,'[[key:\"PLUMBING_FEE\",value:\"PLUMBING FEE\"]]',NULL,1),('RCONST-685b3759:16a2fd8270e:-57be','RC-53717d20:15b4db8478f:-7fcf','treasury.facts.BillItem.billcode','billcode',NULL,'is any of the ff.','matches',NULL,NULL,NULL,NULL,NULL,NULL,'[[key:\"PLUMBING_FEE\",value:\"PLUMBING FEE\"]]',NULL,1),('RCONST-685b3759:16a2fd8270e:-591f','RC-53717d20:15b4db8478f:-7fd8','treasury.facts.BillItem.billcode','billcode',NULL,'is any of the ff.','matches',NULL,NULL,NULL,NULL,NULL,NULL,'[[key:\"PLUMBING_FEE\",value:\"PLUMBING FEE\"]]',NULL,0),('RCONST-685b3759:16a2fd8270e:-5a8d','RC-53717d20:15b4db8478f:-7fe7','treasury.facts.BillItem.billcode','billcode',NULL,'is any of the ff.','matches',NULL,NULL,NULL,NULL,NULL,NULL,'[[key:\"PLUMBING_FEE\",value:\"PLUMBING FEE\"]]',NULL,0),('RCONST-685b3759:16a2fd8270e:-604b','RC-53717d20:15b4db8478f:-7fe1','treasury.facts.BillItem.billcode','billcode',NULL,'is any of the ff.','matches',NULL,NULL,NULL,NULL,NULL,NULL,'[[key:\"PLUMBING_FEE\",value:\"PLUMBING FEE\"]]',NULL,0),('RCONST-685b3759:16a2fd8270e:-6468','RC-53717d20:15b4db8478f:-7ff0','treasury.facts.BillItem.billcode','billcode',NULL,'is any of the ff.','matches',NULL,NULL,NULL,NULL,NULL,NULL,'[[key:\"PLUMBING_FEE\",value:\"PLUMBING FEE\"]]',NULL,1),('RCONST-685b3759:16a2fd8270e:-6830','RC-10cfc191:15b48bf8d6b:-7ff2','treasury.facts.BillItem.billcode','billcode',NULL,'is any of the ff.','matches',NULL,NULL,NULL,NULL,NULL,NULL,'[[key:\"PLUMBING_FEE\",value:\"PLUMBING FEE\"]]',NULL,1),('RCONST-685b3759:16a2fd8270e:-726b','RCOND-685b3759:16a2fd8270e:-7281','obo.facts.OccupancyType.division','division',NULL,'is any of the ff.','matches',NULL,NULL,NULL,NULL,NULL,NULL,'[[key:\"B1\",value:\"B1\"],[key:\"C1\",value:\"C1\"],[key:\"E1\",value:\"E1\"],[key:\"E2\",value:\"E2\"],[key:\"E3\",value:\"E3\"],[key:\"F1\",value:\"F1\"],[key:\"G1\",value:\"G1\"],[key:\"G2\",value:\"G2\"],[key:\"G3\",value:\"G3\"],[key:\"G4\",value:\"G4\"],[key:\"G5\",value:\"G5\"],[key:\"H1\",value:\"H1\"],[key:\"H2\",value:\"H2\"],[key:\"H3\",value:\"H3\"],[key:\"H4\",value:\"H4\"],[key:\"I1\",value:\"I1\"],[key:\"J1\",value:\"J1\"],[key:\"J2\",value:\"J2\"],[key:\"J3\",value:\"J3\"]]',NULL,0),('RCONST-685b3759:16a2fd8270e:-74a7','RCOND-685b3759:16a2fd8270e:-74bd','obo.facts.OccupancyType.division','division',NULL,'is any of the ff.','matches',NULL,NULL,NULL,NULL,NULL,NULL,'[[key:\"C2\",value:\"C2\"],[key:\"D1\",value:\"D1\"],[key:\"D2\",value:\"D2\"],[key:\"D3\",value:\"D3\"]]',NULL,0),('RCONST-685b3759:16a2fd8270e:-7735','RCOND-685b3759:16a2fd8270e:-7757','obo.facts.OccupancyType.division','division',NULL,'is any of the ff.','matches',NULL,NULL,NULL,NULL,NULL,NULL,'[[key:\"A1\",value:\"A1\"]]',NULL,0),('RCONST-685b3759:16a2fd8270e:-79e3','RCOND-685b3759:16a2fd8270e:-79f9','obo.facts.OccupancyType.division','division',NULL,'is any of the ff.','matches',NULL,NULL,NULL,NULL,NULL,NULL,'[[key:\"A2\",value:\"A2\"]]',NULL,0),('RCONST-7385ffbe:16a438b05b7:-5e33','RCOND-7385ffbe:16a438b05b7:-5e9b','obo.facts.OboDecimalInfo.value','value','HEIGHT',NULL,NULL,NULL,NULL,NULL,NULL,NULL,NULL,NULL,NULL,1),('RCONST-7385ffbe:16a438b05b7:-5e7f','RCOND-7385ffbe:16a438b05b7:-5e9b','obo.facts.OboDecimalInfo.name','name',NULL,'is any of the ff.','matches',NULL,NULL,NULL,NULL,NULL,NULL,'[[key:\"STORAGE_SILO\",value:\"STORAGE SILO\"]]',NULL,0),('RCONST-7385ffbe:16a438b05b7:-5f1a','RCOND-7385ffbe:16a438b05b7:-5f5a','treasury.facts.BillItem.billcode','billcode',NULL,'is any of the ff.','matches',NULL,NULL,NULL,NULL,NULL,NULL,'[[key:\"ACCESSORY_STRUCTURE_FEE\",value:\"ACCESSORY STRUCTURE FEE\"]]',NULL,0),('RCONST-7385ffbe:16a438b05b7:-72ea','RCOND-7385ffbe:16a438b05b7:-7352','obo.facts.OboDecimalInfo.value','value','SQM',NULL,NULL,NULL,NULL,NULL,NULL,NULL,NULL,NULL,NULL,1),('RCONST-7385ffbe:16a438b05b7:-7336','RCOND-7385ffbe:16a438b05b7:-7352','obo.facts.OboDecimalInfo.name','name',NULL,'is any of the ff.','matches',NULL,NULL,NULL,NULL,NULL,NULL,'[[key:\"FIREWALL\",value:\"FIREWALL (SEPARATE FROM BUILDING)\"]]',NULL,0),('RCONST-7385ffbe:16a438b05b7:-73db','RCOND-7385ffbe:16a438b05b7:-741b','treasury.facts.BillItem.billcode','billcode',NULL,'is any of the ff.','matches',NULL,NULL,NULL,NULL,NULL,NULL,'[[key:\"ACCESSORY_STRUCTURE_FEE\",value:\"ACCESSORY STRUCTURE FEE\"]]',NULL,0),('RCONST-7c063a88:16a0c629dde:-75dd','RC-66680c7b:15b3c241e07:-7ff2','treasury.facts.BillItem.billcode','billcode',NULL,'is any of the ff.','matches',NULL,NULL,NULL,NULL,NULL,NULL,'[[key:\"ELECTRICAL_FEE\",value:\"ELECTRICAL FEE\"]]',NULL,1),('RCONST-7c063a88:16a0c629dde:-7710','RCOND75928924:15b1d4d1c53:-7328','treasury.facts.BillItem.billcode','billcode',NULL,'is any of the ff.','matches',NULL,NULL,NULL,NULL,NULL,NULL,'[[key:\"ELECTRICAL_FEE\",value:\"ELECTRICAL FEE\"]]',NULL,1),('RCONST-7c063a88:16a0c629dde:-7843','RCOND-41499999:15b23048395:-7df2','treasury.facts.BillItem.billcode','billcode',NULL,'is any of the ff.','matches',NULL,NULL,NULL,NULL,NULL,NULL,'[[key:\"ELECTRICAL_FEE\",value:\"ELECTRICAL FEE\"]]',NULL,1),('RCONST-7c063a88:16a0c629dde:-79d0','RC7a7a989e:15b22fce173:-7ff2','treasury.facts.BillItem.billcode','billcode',NULL,'is any of the ff.','matches',NULL,NULL,NULL,NULL,NULL,NULL,'[[key:\"ELECTRICAL_FEE\",value:\"ELECTRICAL FEE\"]]',NULL,1),('RCONST-7c063a88:16a0c629dde:-7acf','RC7a7a989e:15b22fce173:-7fd6','treasury.facts.BillItem.billcode','billcode',NULL,'is any of the ff.','matches',NULL,NULL,NULL,NULL,NULL,NULL,'[[key:\"ELECTRICAL_FEE\",value:\"ELECTRICAL FEE\"]]',NULL,0),('RCONST-7c063a88:16a0c629dde:-7cff','RC7a7a989e:15b22fce173:-7fcc','treasury.facts.BillItem.billcode','billcode',NULL,'is any of the ff.','matches',NULL,NULL,NULL,NULL,NULL,NULL,'[[key:\"ELECTRICAL_FEE\",value:\"ELECTRICAL FEE\"]]',NULL,1),('RCONST-7c063a88:16a0c629dde:-7e51','RC7a7a989e:15b22fce173:-7fc2','treasury.facts.BillItem.billcode','billcode',NULL,'is any of the ff.','matches',NULL,NULL,NULL,NULL,NULL,NULL,'[[key:\"ELECTRICAL_FEE\",value:\"ELECTRICAL FEE\"]]',NULL,1),('RCONST-7c07cdf9:16a4d035b31:-6f0f','RCOND-181817d3:15bf4e3b890:-1bde','treasury.facts.BillItem.billcode','billcode',NULL,'is any of the ff.','matches',NULL,NULL,NULL,NULL,NULL,NULL,'[[key:\"SCAFFOLDING_FEE\",value:\"SCAFFOLDING FEE\"]]',NULL,1),('RCONST-7c07cdf9:16a4d035b31:-769d','RCOND-7c07cdf9:16a4d035b31:-76b9','obo.facts.OboIntegerInfo.name','name',NULL,'is any of the ff.','matches',NULL,NULL,NULL,NULL,NULL,NULL,'[[key:\"INSPECTION_AND_VERIFICATION\",value:\"INSPECTION AND VERIFICATION\"]]',NULL,0),('RCONST-7c07cdf9:16a4d035b31:-77de','RCOND-7c07cdf9:16a4d035b31:-781e','treasury.facts.BillItem.billcode','billcode',NULL,'is any of the ff.','matches',NULL,NULL,NULL,NULL,NULL,NULL,'[[key:\"EXCAVATION_FEE\",value:\"EXCAVATION FEE\"]]',NULL,0),('RCONST-7e113ca0:16be475dc7c:-791c','RCOND-7385ffbe:16a438b05b7:-7b9a','obo.facts.OccupancyType.type','type',NULL,'is any of the ff.','matches',NULL,NULL,NULL,NULL,NULL,NULL,'[[key:\"A104\",value:\"single (nuclear) family dwellings\"],[key:\"A102\",value:\"single-detached units\"]]',NULL,1),('RCONST-7e113ca0:16be475dc7c:-7b11','RC-37d558f5:16a4fd0d79e:-7ff8','obo.facts.OccupancyType.type','type',NULL,'is any of the ff.','matches',NULL,NULL,NULL,NULL,NULL,NULL,'[[key:\"B107\",value:\"accessorias (shop-houses), rowhouses, townhouses, tenements and apartments\"],[key:\"B108\",value:\"multiple privately-owned condominium units or tenement houses (residential building for thex exclusive use of non-leasing occupants not exceeding ten (10) persons and of low-rise type (up to five (5) storeys maximum building height)\"],[key:\"B105\",value:\"townhouses ( each privately owned )\"],[key:\"A201\",value:\"single-attached or duplex or town-houses each privately owned\"]]',NULL,1),('RCONST-7e113ca0:16be475dc7c:-7d1f','RC-37d558f5:16a4fd0d79e:-7fd9','obo.facts.OccupancyType.type','type',NULL,'is any of the ff.','matches',NULL,NULL,NULL,NULL,NULL,NULL,'[[key:\"A202\",value:\"school dormitories (on campus)\"],[key:\"B103\",value:\"boarding and lodging houses\"],[key:\"B110\",value:\"private or off-campus dormitories\"]]',NULL,1),('RCONST-bff0b01:1763bb6a5a1:-59b1','RCOND-bff0b01:1763bb6a5a1:-59c1','obo.facts.OboDocument.doctype','doctype',NULL,'is any of the ff.','matches',NULL,NULL,NULL,NULL,NULL,NULL,'[[key:\"BFP_SALES_TAX\",value:\"BFP SALES TAX (OCCUPANCY)\"]]',NULL,0),('RCONST-c8891ba:178e3c52288:-64a0','RCOND-c8891ba:178e3c52288:-64fe','workflow.facts.WfTransition.fromstate','fromstate',NULL,'matches','matches',NULL,NULL,NULL,NULL,NULL,'zoning-evaluation|trade-evaluation.*|inspection',NULL,NULL,1),('RCONST-c8891ba:178e3c52288:-64dc','RCOND-c8891ba:178e3c52288:-64fe','workflow.facts.WfTransition.processname','processname',NULL,'matches','matches',NULL,NULL,NULL,NULL,NULL,'building_permit|occupancy_certificate',NULL,NULL,0),('RCONST1b6db00d:1763c2807b2:-7b6e','RCOND1b6db00d:1763c2807b2:-7b7e','obo.facts.OboDocument.doctype','doctype',NULL,'is any of the ff.','matches',NULL,NULL,NULL,NULL,NULL,NULL,'[[key:\"OCCUPANCY_CERTIFICATE\",value:\"OCCUPANCY CERTIFICATE\"]]',NULL,0),('RCONST1fc2e40d:169eb7a6037:-5fc1','RCOND1fc2e40d:169eb7a6037:-5fd7','obo.facts.OccupancyType.division','division',NULL,'is any of the ff.','matches',NULL,NULL,NULL,NULL,NULL,NULL,'[[key:\"A2\",value:\"A2\"]]',NULL,0),('RCONST1fc2e40d:169eb7a6037:-64ec','RCOND1fc2e40d:169eb7a6037:-6502','obo.facts.OccupancyType.division','division',NULL,'is any of the ff.','matches',NULL,NULL,NULL,NULL,NULL,NULL,'[[key:\"A1\",value:\"A1\"]]',NULL,0),('RCONST1fc2e40d:169eb7a6037:-6c38','RCOND1fc2e40d:169eb7a6037:-6c54','obo.facts.OccupancyType.group','group',NULL,'is any of the ff.','matches',NULL,NULL,NULL,NULL,NULL,NULL,'[[key:\"C\",value:\"C\"],[key:\"D\",value:\"D\"]]',NULL,0),('RCONST1fc2e40d:169eb7a6037:-6dc1','RCOND1fc2e40d:169eb7a6037:-6ddd','obo.facts.OccupancyType.group','group',NULL,'is any of the ff.','matches',NULL,NULL,NULL,NULL,NULL,NULL,'[[key:\"E\",value:\"E\"],[key:\"F\",value:\"F\"]]',NULL,0),('RCONST1fc2e40d:169eb7a6037:-6fa0','RCOND1fc2e40d:169eb7a6037:-6fbc','obo.facts.OccupancyType.group','group',NULL,'is any of the ff.','matches',NULL,NULL,NULL,NULL,NULL,NULL,'[[key:\"A\",value:\"A\"],[key:\"B\",value:\"B\"]]',NULL,0),('RCONST2017e4e8:16e5e7415f5:-79d0','RCOND2017e4e8:16e5e7415f5:-7a19','obo.facts.RpuCount.byownercount','byownercount','BYOWNER',NULL,NULL,NULL,NULL,NULL,NULL,NULL,NULL,NULL,NULL,1),('RCONST2017e4e8:16e5e7415f5:-7a03','RCOND2017e4e8:16e5e7415f5:-7a19','obo.facts.RpuCount.totalcount','totalcount','TOTAL',NULL,NULL,NULL,NULL,NULL,NULL,NULL,NULL,NULL,NULL,0),('RCONST27507843:178eaf790ed:-7d6c','RCONDa4090ca:178e495ba55:-7ad2','workflow.facts.WfTaskResult.fromstate','fromstate',NULL,'equal to','==',NULL,NULL,NULL,NULL,NULL,'check-has-findings',NULL,NULL,1),('RCONST27db1036:16a38f07d48:-6f7d','RC-1b89c680:16a38f14701:-7f42','obo.facts.OboIntegerInfo.name','name',NULL,'is any of the ff.','matches',NULL,NULL,NULL,NULL,NULL,NULL,'[[key:\"ANTENNA_TOWER_COMMUNICATION\",value:\"ANTENNA TOWERS/MASTS OR OTHER STRUCTURES FOR COMMUNICATIONS TRANSMISSION\"]]',NULL,1),('RCONST27db1036:16a38f07d48:-70df','RC-1b89c680:16a38f14701:-7f39','obo.facts.OboIntegerInfo.name','name',NULL,'is any of the ff.','matches',NULL,NULL,NULL,NULL,NULL,NULL,'[[key:\"ELECTRONIC_SIGNAGE\",value:\"ELECTRONIC INDOOR AND OUTDOOR SIGNAGES AND DISPLAY SYSTEMS\"]]',NULL,1),('RCONST27db1036:16a38f07d48:-7817','RC-1b89c680:16a38f14701:-7fba','obo.facts.OboIntegerInfo.category','category',NULL,'equal to','==',NULL,NULL,NULL,NULL,NULL,'A',NULL,NULL,1),('RCONST2bdcadbe:16c2d9fc74a:-5c8c','RCOND2bdcadbe:16c2d9fc74a:-5cb4','obo.facts.OccupancyType.division','division',NULL,'is any of the ff.','matches',NULL,NULL,NULL,NULL,NULL,NULL,'[[key:\"A1\",value:\"A1\"],[key:\"A2\",value:\"A2\"]]',NULL,0),('RCONST2bdcadbe:16c2d9fc74a:-5f04','RCOND2bdcadbe:16c2d9fc74a:-5f2c','obo.facts.OccupancyType.division','division',NULL,'is any of the ff.','matches',NULL,NULL,NULL,NULL,NULL,NULL,'[[key:\"B1\",value:\"B1\"],[key:\"E1\",value:\"E1\"],[key:\"E2\",value:\"E2\"],[key:\"E3\",value:\"E3\"],[key:\"F1\",value:\"F1\"],[key:\"G1\",value:\"G1\"],[key:\"G2\",value:\"G2\"],[key:\"G3\",value:\"G3\"],[key:\"G4\",value:\"G4\"],[key:\"G5\",value:\"G5\"],[key:\"H1\",value:\"H1\"],[key:\"H2\",value:\"H2\"],[key:\"H3\",value:\"H3\"],[key:\"I1\",value:\"I1\"]]',NULL,0),('RCONST2bdcadbe:16c2d9fc74a:-611d','RCOND2bdcadbe:16c2d9fc74a:-6145','obo.facts.OccupancyType.division','division',NULL,'is any of the ff.','matches',NULL,NULL,NULL,NULL,NULL,NULL,'[[key:\"C1\",value:\"C1\"],[key:\"C2\",value:\"C2\"],[key:\"D1\",value:\"D1\"],[key:\"D2\",value:\"D2\"],[key:\"D3\",value:\"D3\"]]',NULL,0),('RCONST2bdcadbe:16c2d9fc74a:-646e','RCOND2bdcadbe:16c2d9fc74a:-6498','obo.facts.OccupancyType.division','division',NULL,'is any of the ff.','matches',NULL,NULL,NULL,NULL,NULL,NULL,'[[key:\"J1\",value:\"J1\"]]',NULL,0),('RCONST2bdcadbe:16c2d9fc74a:-6568','RCOND2bdcadbe:16c2d9fc74a:-6590','obo.facts.OccupancyType.division','division',NULL,'is any of the ff.','matches',NULL,NULL,NULL,NULL,NULL,NULL,'[[key:\"A1\",value:\"A1\"],[key:\"A2\",value:\"A2\"]]',NULL,0),('RCONST36ece640:15b3cf0a031:-7667','RCOND36ece640:15b3cf0a031:-76c3','obo.facts.OboDecimalInfo.value','value','KW',NULL,NULL,NULL,NULL,NULL,NULL,NULL,NULL,NULL,NULL,1),('RCONST36ece640:15b3cf0a031:-76b6','RCOND36ece640:15b3cf0a031:-76c3','obo.facts.OboDecimalInfo.name','name',NULL,'is any of the ff.','matches',NULL,NULL,NULL,NULL,NULL,NULL,'[[key:\"DIESEL_GASOLINE_ENGINE\",value:\"DIESEL/GASOLINE ENGINE\"],[key:\"STEAM_GAS_TURBINE_ENGINE\",value:\"STEAM/GAS TURBINE ENGINE\"],[key:\"HYDRO_NUCLEAR_SOLAR_GEN_UNIT\",value:\"HYDRO NUCLEAR OR SOLAR GENERATING UNIT\"]]',NULL,0),('RCONST36ece640:15b3cf0a031:-7a48','RCOND36ece640:15b3cf0a031:-7a90','obo.facts.OboIntegerInfo.value','value','HEAD',NULL,NULL,NULL,NULL,NULL,NULL,NULL,NULL,NULL,NULL,1),('RCONST36ece640:15b3cf0a031:-7a83','RCOND36ece640:15b3cf0a031:-7a90','obo.facts.OboIntegerInfo.name','name',NULL,'is any of the ff.','matches',NULL,NULL,NULL,NULL,NULL,NULL,'[[key:\"FIRE_SPRINKLER\",value:\"AUTOMATIC FIRE SPRINKLER\"]]',NULL,0),('RCONST36ece640:15b3cf0a031:-7b50','RCOND36ece640:15b3cf0a031:-7b97','obo.facts.OboDecimalInfo.value','value','KW',NULL,NULL,NULL,NULL,NULL,NULL,NULL,NULL,NULL,NULL,1),('RCONST36ece640:15b3cf0a031:-7b8b','RCOND36ece640:15b3cf0a031:-7b97','obo.facts.OboDecimalInfo.name','name',NULL,'is any of the ff.','matches',NULL,NULL,NULL,NULL,NULL,NULL,'[[key:\"WATER_SUMP\",value:\"WATER SUMP\"],[key:\"SEWAGE_PUMP\",value:\"SEWAGE PUMP\"]]',NULL,0),('RCONST36ece640:15b3cf0a031:-7c91','RCOND36ece640:15b3cf0a031:-7cd8','obo.facts.OboIntegerInfo.value','value','UNIT',NULL,NULL,NULL,NULL,NULL,NULL,NULL,NULL,NULL,NULL,1),('RCONST36ece640:15b3cf0a031:-7ccc','RCOND36ece640:15b3cf0a031:-7cd8','obo.facts.OboIntegerInfo.name','name',NULL,'is any of the ff.','matches',NULL,NULL,NULL,NULL,NULL,NULL,'[[key:\"PRESSURIZED_WATER_HEATER\",value:\"PRESSURIZED WATER HEATER\"]]',NULL,0),('RCONST3b31d1e8:16a5826cfa5:-7b8b','RCOND48d65dac:169e67264db:-7ec5','obo.facts.BuildingInfo.totalfloorarea','totalfloorarea','AREA',NULL,NULL,NULL,NULL,NULL,NULL,NULL,NULL,NULL,NULL,1),('RCONST3b31d1e8:16a5826cfa5:-7c46','RCOND3b31d1e8:16a5826cfa5:-7c8d','obo.facts.BuildingInfo.totalfloorarea','totalfloorarea','AREA',NULL,NULL,NULL,NULL,NULL,NULL,NULL,NULL,NULL,NULL,0),('RCONST3b31d1e8:16a5826cfa5:-7cd8','RCOND3b31d1e8:16a5826cfa5:-7d02','obo.facts.OccupancyType.group','group',NULL,'is any of the ff.','matches',NULL,NULL,NULL,NULL,NULL,NULL,'[[key:\"F\",value:\"F\"]]',NULL,0),('RCONST3b3fed41:16bdd640b5c:-7320','RCOND3b3fed41:16bdd640b5c:-7351','obo.facts.OccupancyType.group','group',NULL,'is any of the ff.','matches',NULL,NULL,NULL,NULL,NULL,NULL,'[[key:\"J\",value:\"J\"]]',NULL,0),('RCONST3b3fed41:16bdd640b5c:-746a','RCOND3b3fed41:16bdd640b5c:-74b1','obo.facts.BuildingInfo.totalfloorarea','totalfloorarea','AREA',NULL,NULL,NULL,NULL,NULL,NULL,NULL,NULL,NULL,NULL,0),('RCONST3f65f585:15b74b1144b:-5dca','RCOND3f65f585:15b74b1144b:-5e11','obo.facts.OboDecimalInfo.value','value','AREA',NULL,NULL,NULL,NULL,NULL,NULL,NULL,NULL,NULL,NULL,1),('RCONST3f65f585:15b74b1144b:-5e05','RCOND3f65f585:15b74b1144b:-5e11','obo.facts.OboDecimalInfo.name','name',NULL,'is any of the ff.','matches',NULL,NULL,NULL,NULL,NULL,NULL,'[[key:\"FIXED_OVEN\",value:\"FIXED OVEN (SQM)\"]]',NULL,0),('RCONST3f65f585:15b74b1144b:-5f34','RCOND3f65f585:15b74b1144b:-5f56','treasury.facts.BillItem.txntype','txntype',NULL,'is any of the ff.','matches',NULL,NULL,NULL,NULL,NULL,NULL,'[[key:\"BLDG_ACCESSORY\",value:\"BLDG ACCESSORY FEE\"]]',NULL,0),('RCONST3f65f585:15b74b1144b:-6054','RCOND3f65f585:15b74b1144b:-609b','obo.facts.OboDecimalInfo.value','value','HEIGHT',NULL,NULL,NULL,NULL,NULL,NULL,NULL,NULL,NULL,NULL,1),('RCONST3f65f585:15b74b1144b:-608f','RCOND3f65f585:15b74b1144b:-609b','obo.facts.OboDecimalInfo.name','name',NULL,'is any of the ff.','matches',NULL,NULL,NULL,NULL,NULL,NULL,'[[key:\"CHIMNEY\",value:\"CHIMNEY (HEIGHT IN M)\"]]',NULL,0),('RCONST3f65f585:15b74b1144b:-6107','RCOND3f65f585:15b74b1144b:-6129','treasury.facts.BillItem.txntype','txntype',NULL,'is any of the ff.','matches',NULL,NULL,NULL,NULL,NULL,NULL,'[[key:\"BLDG_ACCESSORY\",value:\"BLDG ACCESSORY FEE\"]]',NULL,0),('RCONST3f65f585:15b74b1144b:-6278','RCOND3f65f585:15b74b1144b:-62bf','obo.facts.OboDecimalInfo.value','value','HEIGHT',NULL,NULL,NULL,NULL,NULL,NULL,NULL,NULL,NULL,NULL,1),('RCONST3f65f585:15b74b1144b:-62b3','RCOND3f65f585:15b74b1144b:-62bf','obo.facts.OboDecimalInfo.name','name',NULL,'is any of the ff.','matches',NULL,NULL,NULL,NULL,NULL,NULL,'[[key:\"SMOKESTACK\",value:\"SMOKE STACK (HEIGHT IN M)\"]]',NULL,0),('RCONST3f65f585:15b74b1144b:-6327','RCOND3f65f585:15b74b1144b:-6349','treasury.facts.BillItem.txntype','txntype',NULL,'is any of the ff.','matches',NULL,NULL,NULL,NULL,NULL,NULL,'[[key:\"BLDG_ACCESSORY\",value:\"BLDG ACCESSORY FEE\"]]',NULL,0),('RCONST3f65f585:15b74b1144b:-6473','RCOND3f65f585:15b74b1144b:-64dd','obo.facts.OboDecimalInfo.value','value','HEIGHT',NULL,NULL,NULL,NULL,NULL,NULL,NULL,NULL,NULL,NULL,1),('RCONST3f65f585:15b74b1144b:-64d1','RCOND3f65f585:15b74b1144b:-64dd','obo.facts.OboDecimalInfo.name','name',NULL,'is any of the ff.','matches',NULL,NULL,NULL,NULL,NULL,NULL,'[[key:\"STORAGE_SILOS\",value:\"STORAGE SILOS (HEIGHT IN M)\"]]',NULL,0),('RCONST3f65f585:15b74b1144b:-6545','RCOND3f65f585:15b74b1144b:-6567','treasury.facts.BillItem.txntype','txntype',NULL,'is any of the ff.','matches',NULL,NULL,NULL,NULL,NULL,NULL,'[[key:\"BLDG_ACCESSORY\",value:\"BLDG ACCESSORY FEE\"]]',NULL,0),('RCONST3f65f585:15b74b1144b:-7151','RCOND3f65f585:15b74b1144b:-71c9','obo.facts.OboDecimalInfo.value','value','M',NULL,NULL,NULL,NULL,NULL,NULL,NULL,NULL,NULL,NULL,1),('RCONST3f65f585:15b74b1144b:-718f','RCOND3f65f585:15b74b1144b:-71c9','obo.facts.OboDecimalInfo.name','name',NULL,'is any of the ff.','matches',NULL,NULL,NULL,NULL,NULL,NULL,'[[key:\"ERECTION_OF_TOWER_SELF_SUPPORTING\",value:\"ERECTION OF TOWER - SELF SUPPORTING (HEIGHT IN M)\"]]',NULL,0),('RCONST3f65f585:15b74b1144b:-7231','RCOND3f65f585:15b74b1144b:-7253','treasury.facts.BillItem.txntype','txntype',NULL,'is any of the ff.','matches',NULL,NULL,NULL,NULL,NULL,NULL,'[[key:\"BLDG_ACCESSORY\",value:\"BLDG ACCESSORY FEE\"]]',NULL,0),('RCONST3f65f585:15b74b1144b:-7528','RCOND3f65f585:15b74b1144b:-756f','obo.facts.OboDecimalInfo.value','value','SQM',NULL,NULL,NULL,NULL,NULL,NULL,NULL,NULL,NULL,NULL,1),('RCONST3f65f585:15b74b1144b:-7563','RCOND3f65f585:15b74b1144b:-756f','obo.facts.OboDecimalInfo.name','name',NULL,'is any of the ff.','matches',NULL,NULL,NULL,NULL,NULL,NULL,'[[key:\"FIREWALL_SEPARATE_FROM_BLDG\",value:\"CONSTRUCTION OF FIREWALL SEPARATE FROM BLDG (sqm)\"]]',NULL,0),('RCONST3f65f585:15b74b1144b:-75d8','RCOND3f65f585:15b74b1144b:-75fa','treasury.facts.BillItem.txntype','txntype',NULL,'is any of the ff.','matches',NULL,NULL,NULL,NULL,NULL,NULL,'[[key:\"BLDG_ACCESSORY\",value:\"BLDG ACCESSORY FEE\"]]',NULL,0),('RCONST40323fc0:16be40fb66a:-7cab','RC-37d558f5:16a4fd0d79e:-7f6d','obo.facts.OccupancyType.type','type',NULL,'is any of the ff.','matches',NULL,NULL,NULL,NULL,NULL,NULL,'[[key:\"E102\",value:\"gasoline filling and service stations\"],[key:\"E220\",value:\"cell (mobile) phone towers\"]]',NULL,1),('RCONST4404e751:1701e755e4b:-7a13','RCOND4404e751:1701e755e4b:-7a23','obo.facts.OboDocument.doctype','doctype',NULL,'is any of the ff.','matches',NULL,NULL,NULL,NULL,NULL,NULL,'[[key:\"ELECTRONIC\",value:\"ELECTRONICS PERMIT\"]]',NULL,0),('RCONST4404e751:1701e755e4b:-7db9','RCOND4404e751:1701e755e4b:-7e00','obo.facts.OboDocument.doctype','doctype',NULL,'is any of the ff.','matches',NULL,NULL,NULL,NULL,NULL,NULL,'[[key:\"PLUMBING\",value:\"PLUMBING PERMIT\"]]',NULL,0),('RCONST482f4d8b:17635283290:-6fbc','RCOND482f4d8b:17635283290:-70b7','obo.facts.OboDecimalInfo.value','value','COST',NULL,NULL,NULL,NULL,NULL,NULL,NULL,NULL,NULL,NULL,1),('RCONST482f4d8b:17635283290:-709b','RCOND482f4d8b:17635283290:-70b7','obo.facts.OboDecimalInfo.name','name',NULL,'is any of the ff.','matches',NULL,NULL,NULL,NULL,NULL,NULL,'[[key:\"FIRE_SUPP_COST\",value:\"FIRE SUPP. COST\"],[key:\"FIRE_ALARM_COST\",value:\"FIRE ALARM COST\"],[key:\"SPRINKLER_COST\",value:\"SPRINKLER COST\"],[key:\"LPG_PIPING_COST\",value:\"LPG PIPING COST\"]]',NULL,0),('RCONST482f4d8b:17635283290:-78aa','RCOND482f4d8b:17635283290:-78ea','treasury.facts.BillItem.billcode','billcode',NULL,'is any of the ff.','matches',NULL,NULL,NULL,NULL,NULL,NULL,'[[key:\"BFP_SALES_TAX\",value:\"BFP SALES TAX\"]]',NULL,0),('RCONST4cf13b0:15b4dbc7b17:-755d','RCOND4cf13b0:15b4dbc7b17:-75c5','obo.facts.OboDecimalInfo.value','value','CUM',NULL,NULL,NULL,NULL,NULL,NULL,NULL,NULL,NULL,NULL,1),('RCONST4cf13b0:15b4dbc7b17:-75b9','RCOND4cf13b0:15b4dbc7b17:-75c5','obo.facts.OboDecimalInfo.name','name',NULL,'is any of the ff.','matches',NULL,NULL,NULL,NULL,NULL,NULL,'[[key:\"SEPTIC_TANK\",value:\"SEPTIC TANK\"]]',NULL,0),('RCONST4d067882:1701e80e652:-7310','RCOND4d067882:1701e80e652:-7320','obo.facts.OboDocument.doctype','doctype',NULL,'is any of the ff.','matches',NULL,NULL,NULL,NULL,NULL,NULL,'[[key:\"BUILDING_PERMIT\",value:\"BUILDING PERMIT\"]]',NULL,0),('RCONST4d067882:1701e80e652:-7501','RCOND4d067882:1701e80e652:-7511','obo.facts.OboDocument.doctype','doctype',NULL,'is any of the ff.','matches',NULL,NULL,NULL,NULL,NULL,NULL,'[[key:\"BUILDING_PERMIT\",value:\"BUILDING PERMIT\"]]',NULL,0),('RCONST4d067882:1701e80e652:-75fe','RCOND4d067882:1701e80e652:-760e','obo.facts.OboDocument.doctype','doctype',NULL,'is any of the ff.','matches',NULL,NULL,NULL,NULL,NULL,NULL,'[[key:\"BUILDING_PERMIT\",value:\"BUILDING PERMIT\"]]',NULL,0),('RCONST4d067882:1701e80e652:-779f','RCOND4d067882:1701e80e652:-77af','obo.facts.OboDocument.doctype','doctype',NULL,'is any of the ff.','matches',NULL,NULL,NULL,NULL,NULL,NULL,'[[key:\"BUILDING_PERMIT\",value:\"BUILDING PERMIT\"]]',NULL,0),('RCONST4d067882:1701e80e652:-79d8','RCOND4d067882:1701e80e652:-79e8','obo.facts.OboDocument.doctype','doctype',NULL,'is any of the ff.','matches',NULL,NULL,NULL,NULL,NULL,NULL,'[[key:\"BUILDING_PERMIT\",value:\"Building Permit\"]]',NULL,0),('RCONST51c2b1c4:15b69a42d57:-7555','RCOND51c2b1c4:15b69a42d57:-7630','obo.facts.OboDecimalInfo.value','value','CUM',NULL,NULL,NULL,NULL,NULL,NULL,NULL,NULL,NULL,NULL,1),('RCONST51c2b1c4:15b69a42d57:-7624','RCOND51c2b1c4:15b69a42d57:-7630','obo.facts.OboDecimalInfo.name','name',NULL,'is any of the ff.','matches',NULL,NULL,NULL,NULL,NULL,NULL,'[[key:\"BLDG_HEIGHT_ABOVE_8_METERS\",value:\"BLDG HEIGHT ABOVE 8 METERS (cuM)\"]]',NULL,0),('RCONST53dfe0fc:178d9b96507:-7531','RCOND53dfe0fc:178d9b96507:-77f3','workflow.facts.WfDecision.name','name',NULL,'equal to','==',NULL,NULL,NULL,NULL,NULL,'check-has-findings',NULL,NULL,2),('RCONST53dfe0fc:178d9b96507:-77d7','RCOND53dfe0fc:178d9b96507:-77f3','workflow.facts.WfDecision.processname','processname',NULL,'equal to','==',NULL,NULL,NULL,NULL,NULL,'obo_app_taskitem',NULL,NULL,0),('RCONST556b1af5:16a3311c7aa:-648c','RCOND36ece640:15b3cf0a031:-774c','treasury.facts.BillItem.billcode','billcode',NULL,'is any of the ff.','matches',NULL,NULL,NULL,NULL,NULL,NULL,'[[key:\"MECHANICAL_FEE\",value:\"MECHANICAL FEE\"]]',NULL,0),('RCONST556b1af5:16a3311c7aa:-6697','RC33115abb:15b366b9fbd:-7f56','treasury.facts.BillItem.billcode','billcode',NULL,'is any of the ff.','matches',NULL,NULL,NULL,NULL,NULL,NULL,'[[key:\"MECHANICAL_FEE\",value:\"MECHANICAL FEE\"]]',NULL,0),('RCONST556b1af5:16a3311c7aa:-6850','RC33115abb:15b366b9fbd:-7f5e','treasury.facts.BillItem.billcode','billcode',NULL,'is any of the ff.','matches',NULL,NULL,NULL,NULL,NULL,NULL,'[[key:\"MECHANICAL_FEE\",value:\"MECHANICAL FEE\"]]',NULL,0),('RCONST556b1af5:16a3311c7aa:-69be','RC33115abb:15b366b9fbd:-7f68','treasury.facts.BillItem.billcode','billcode',NULL,'is any of the ff.','matches',NULL,NULL,NULL,NULL,NULL,NULL,'[[key:\"MECHANICAL_FEE\",value:\"MECHANICAL FEE\"]]',NULL,0),('RCONST556b1af5:16a3311c7aa:-6b71','RCOND4e513a84:15b291a0165:-7eba','treasury.facts.BillItem.billcode','billcode',NULL,'is any of the ff.','matches',NULL,NULL,NULL,NULL,NULL,NULL,'[[key:\"MECHANICAL_FEE\",value:\"MECHANICAL FEE\"]]',NULL,0),('RCONST556b1af5:16a3311c7aa:-6dbb','RC-52beabf2:15b3c40641b:-7ff4','treasury.facts.BillItem.billcode','billcode',NULL,'is any of the ff.','matches',NULL,NULL,NULL,NULL,NULL,NULL,'[[key:\"MECHANICAL_FEE\",value:\"MECHANICAL FEE\"]]',NULL,0),('RCONST556b1af5:16a3311c7aa:-6f2f','RC33115abb:15b366b9fbd:-7f88','treasury.facts.BillItem.billcode','billcode',NULL,'is any of the ff.','matches',NULL,NULL,NULL,NULL,NULL,NULL,'[[key:\"MECHANICAL_FEE\",value:\"MECHANICAL FEE\"]]',NULL,0),('RCONST556b1af5:16a3311c7aa:-7098','RC33115abb:15b366b9fbd:-7f90','treasury.facts.BillItem.billcode','billcode',NULL,'is any of the ff.','matches',NULL,NULL,NULL,NULL,NULL,NULL,'[[key:\"MECHANICAL_FEE\",value:\"MECHANICAL FEE\"]]',NULL,0),('RCONST556b1af5:16a3311c7aa:-72e5','RC33115abb:15b366b9fbd:-7fca','treasury.facts.BillItem.billcode','billcode',NULL,'is any of the ff.','matches',NULL,NULL,NULL,NULL,NULL,NULL,'[[key:\"MECHANICAL_FEE\",value:\"MECHANICAL FEE\"]]',NULL,0),('RCONST556b1af5:16a3311c7aa:-7491','RC33115abb:15b366b9fbd:-7fd2','treasury.facts.BillItem.billcode','billcode',NULL,'is any of the ff.','matches',NULL,NULL,NULL,NULL,NULL,NULL,'[[key:\"MECHANICAL_FEE\",value:\"MECHANICAL FEE\"]]',NULL,0),('RCONST556b1af5:16a3311c7aa:-76d5','RC33115abb:15b366b9fbd:-7fda','treasury.facts.BillItem.billcode','billcode',NULL,'is any of the ff.','matches',NULL,NULL,NULL,NULL,NULL,NULL,'[[key:\"MECHANICAL_FEE\",value:\"MECHANICAL FEE\"]]',NULL,0),('RCONST556b1af5:16a3311c7aa:-7cf3','RC33115abb:15b366b9fbd:-7fe2','treasury.facts.BillItem.billcode','billcode',NULL,'is any of the ff.','matches',NULL,NULL,NULL,NULL,NULL,NULL,'[[key:\"MECHANICAL_FEE\",value:\"MECHANICAL FEE\"]]',NULL,0),('RCONST59515aa4:16a3a32fa5e:-433c','RC16c3fcb:16a3a19e4b9:-7aff','obo.facts.OccupancyType.group','group',NULL,'is any of the ff.','matches',NULL,NULL,NULL,NULL,NULL,NULL,'[[key:\"A\",value:\"A\"]]',NULL,0),('RCONST59515aa4:16a3a32fa5e:-4656','RCOND59515aa4:16a3a32fa5e:-4696','treasury.facts.BillItem.billcode','billcode',NULL,'is any of the ff.','matches',NULL,NULL,NULL,NULL,NULL,NULL,'[[key:\"ACCESSORY_STRUCTURE_FEE\",value:\"ACCESSORY STRUCTURE FEE\"]]',NULL,0),('RCONST59515aa4:16a3a32fa5e:-5ef4','RCOND59515aa4:16a3a32fa5e:-5f34','treasury.facts.BillItem.billcode','billcode',NULL,'is any of the ff.','matches',NULL,NULL,NULL,NULL,NULL,NULL,'[[key:\"ACCESSORY_STRUCTURE_FEE\",value:\"ACCESSORY STRUCTURE FEE\"]]',NULL,0),('RCONST59515aa4:16a3a32fa5e:-5fd2','RCOND59515aa4:16a3a32fa5e:-6012','treasury.facts.BillItem.billcode','billcode',NULL,'is any of the ff.','matches',NULL,NULL,NULL,NULL,NULL,NULL,'[[key:\"ACCESSORY_STRUCTURE_FEE\",value:\"ACCESSORY STRUCTURE FEE\"]]',NULL,0),('RCONST59515aa4:16a3a32fa5e:-60b0','RCOND59515aa4:16a3a32fa5e:-60f0','treasury.facts.BillItem.billcode','billcode',NULL,'is any of the ff.','matches',NULL,NULL,NULL,NULL,NULL,NULL,'[[key:\"ACCESSORY_STRUCTURE_FEE\",value:\"ACCESSORY STRUCTURE FEE\"]]',NULL,0),('RCONST59515aa4:16a3a32fa5e:-618e','RCOND59515aa4:16a3a32fa5e:-61ce','treasury.facts.BillItem.billcode','billcode',NULL,'is any of the ff.','matches',NULL,NULL,NULL,NULL,NULL,NULL,'[[key:\"ACCESSORY_STRUCTURE_FEE\",value:\"ACCESSORY STRUCTURE FEE\"]]',NULL,0),('RCONST59515aa4:16a3a32fa5e:-626c','RCOND59515aa4:16a3a32fa5e:-62ac','treasury.facts.BillItem.billcode','billcode',NULL,'is any of the ff.','matches',NULL,NULL,NULL,NULL,NULL,NULL,'[[key:\"ACCESSORY_STRUCTURE_FEE\",value:\"ACCESSORY STRUCTURE FEE\"]]',NULL,0),('RCONST59515aa4:16a3a32fa5e:-636a','RCOND59515aa4:16a3a32fa5e:-63aa','treasury.facts.BillItem.billcode','billcode',NULL,'is any of the ff.','matches',NULL,NULL,NULL,NULL,NULL,NULL,'[[key:\"ACCESSORY_STRUCTURE_FEE\",value:\"ACCESSORY STRUCTURE FEE\"]]',NULL,0),('RCONST59515aa4:16a3a32fa5e:-6c9a','RCOND59515aa4:16a3a32fa5e:-6d02','obo.facts.OboDecimalInfo.value','value','AREA',NULL,NULL,NULL,NULL,NULL,NULL,NULL,NULL,NULL,NULL,1),('RCONST59515aa4:16a3a32fa5e:-6ce6','RCOND59515aa4:16a3a32fa5e:-6d02','obo.facts.OboDecimalInfo.name','name',NULL,'is any of the ff.','matches',NULL,NULL,NULL,NULL,NULL,NULL,'[[key:\"BALCONY_TERRACE\",value:\"BALCONY, TERRACES, LANAI\"]]',NULL,0),('RCONST59515aa4:16a3a32fa5e:-6e00','RCOND59515aa4:16a3a32fa5e:-6e68','obo.facts.OboDecimalInfo.value','value','AREA',NULL,NULL,NULL,NULL,NULL,NULL,NULL,NULL,NULL,NULL,1),('RCONST59515aa4:16a3a32fa5e:-6e4c','RCOND59515aa4:16a3a32fa5e:-6e68','obo.facts.OboDecimalInfo.name','name',NULL,'is any of the ff.','matches',NULL,NULL,NULL,NULL,NULL,NULL,'[[key:\"BALCONY_TERRACE\",value:\"BALCONY, TERRACES, LANAI\"]]',NULL,0),('RCONST59515aa4:16a3a32fa5e:-6f63','RCOND59515aa4:16a3a32fa5e:-6fcb','obo.facts.OboDecimalInfo.value','value','AREA',NULL,NULL,NULL,NULL,NULL,NULL,NULL,NULL,NULL,NULL,1),('RCONST59515aa4:16a3a32fa5e:-6faf','RCOND59515aa4:16a3a32fa5e:-6fcb','obo.facts.OboDecimalInfo.name','name',NULL,'is any of the ff.','matches',NULL,NULL,NULL,NULL,NULL,NULL,'[[key:\"BALCONY_TERRACE\",value:\"BALCONY, TERRACES, LANAI\"]]',NULL,0),('RCONST59515aa4:16a3a32fa5e:-7154','RCOND59515aa4:16a3a32fa5e:-71bc','obo.facts.OboDecimalInfo.value','value','AREA',NULL,NULL,NULL,NULL,NULL,NULL,NULL,NULL,NULL,NULL,1),('RCONST59515aa4:16a3a32fa5e:-71a0','RCOND59515aa4:16a3a32fa5e:-71bc','obo.facts.OboDecimalInfo.name','name',NULL,'is any of the ff.','matches',NULL,NULL,NULL,NULL,NULL,NULL,'[[key:\"BALCONY_TERRACE\",value:\"BALCONY, TERRACES, LANAI\"]]',NULL,0),('RCONST59515aa4:16a3a32fa5e:-72f2','RCOND59515aa4:16a3a32fa5e:-735a','obo.facts.OboDecimalInfo.value','value','AREA',NULL,NULL,NULL,NULL,NULL,NULL,NULL,NULL,NULL,NULL,1),('RCONST59515aa4:16a3a32fa5e:-733e','RCOND59515aa4:16a3a32fa5e:-735a','obo.facts.OboDecimalInfo.name','name',NULL,'is any of the ff.','matches',NULL,NULL,NULL,NULL,NULL,NULL,'[[key:\"BALCONY_TERRACE\",value:\"BALCONY, TERRACES, LANAI\"]]',NULL,0),('RCONST59515aa4:16a3a32fa5e:-73fc','RCOND59515aa4:16a3a32fa5e:-7412','obo.facts.OccupancyType.division','division',NULL,'is any of the ff.','matches',NULL,NULL,NULL,NULL,NULL,NULL,'[[key:\"A1\",value:\"A1\"]]',NULL,0),('RCONST59515aa4:16a3a32fa5e:-74ed','RCOND59515aa4:16a3a32fa5e:-7555','obo.facts.OboDecimalInfo.value','value','AREA',NULL,NULL,NULL,NULL,NULL,NULL,NULL,NULL,NULL,NULL,1),('RCONST59515aa4:16a3a32fa5e:-7539','RCOND59515aa4:16a3a32fa5e:-7555','obo.facts.OboDecimalInfo.name','name',NULL,'is any of the ff.','matches',NULL,NULL,NULL,NULL,NULL,NULL,'[[key:\"BALCONY_TERRACE\",value:\"BALCONY, TERRACES, LANAI\"]]',NULL,0),('RCONST5c26d02a:178f398c3aa:-6e16','RCOND5c26d02a:178f398c3aa:-6ead','workflow.facts.WfTaskResult.fromaction','fromaction',NULL,'equal to','==',NULL,NULL,NULL,NULL,NULL,'approve-assessment',NULL,NULL,1),('RCONST5c26d02a:178f398c3aa:-6e79','RCOND5c26d02a:178f398c3aa:-6ead','workflow.facts.WfTaskResult.processname','processname',NULL,'matches','matches',NULL,NULL,NULL,NULL,NULL,'building_permit|occupancy_certificate',NULL,NULL,0),('RCONST5c26d02a:178f398c3aa:-758f','RCOND5c26d02a:178f398c3aa:-75ec','workflow.facts.WfTransition.fromstate','fromstate',NULL,'equal to','==',NULL,NULL,NULL,NULL,NULL,'assessment',NULL,NULL,1),('RCONST5c26d02a:178f398c3aa:-75ca','RCOND5c26d02a:178f398c3aa:-75ec','workflow.facts.WfTransition.processname','processname',NULL,'matches','matches',NULL,NULL,NULL,NULL,NULL,'building_permit|occupancy_certificate',NULL,NULL,0),('RCONST67f85531:15b22c52b19:-78d9','RCOND67f85531:15b22c52b19:-78f7','treasury.facts.BillItem.amount','amount',NULL,'equal to','==',NULL,NULL,NULL,0.00,NULL,NULL,NULL,NULL,0),('RCONST6cc4d33e:15b3c1e2e72:-4b93','RCOND6cc4d33e:15b3c1e2e72:-4bda','obo.facts.OboDecimalInfo.value','value','KW',NULL,NULL,NULL,NULL,NULL,NULL,NULL,NULL,NULL,NULL,1),('RCONST6cc4d33e:15b3c1e2e72:-4bce','RCOND6cc4d33e:15b3c1e2e72:-4bda','obo.facts.OboDecimalInfo.name','name',NULL,'is any of the ff.','matches',NULL,NULL,NULL,NULL,NULL,NULL,'[[key:\"BOILER\",value:\"BOILER\"]]',NULL,0),('RCONST6cc4d33e:15b3c1e2e72:-4cf8','RCOND6cc4d33e:15b3c1e2e72:-4d55','obo.facts.OboIntegerInfo.value','value','UNIT',NULL,NULL,NULL,NULL,NULL,NULL,NULL,NULL,NULL,NULL,1),('RCONST6cc4d33e:15b3c1e2e72:-4d49','RCOND6cc4d33e:15b3c1e2e72:-4d55','obo.facts.OboIntegerInfo.name','name',NULL,'is any of the ff.','matches',NULL,NULL,NULL,NULL,NULL,NULL,'[[key:\"PASSENGER_ELEVATOR\",value:\"PASSENGER ELEVATOR\"],[key:\"FREIGHT_ELEVATOR\",value:\"FREIGHT ELEVATOR\"],[key:\"CAR_ELEVATOR\",value:\"CAR ELEVATOR\"]]',NULL,0),('RCONST6cc4d33e:15b3c1e2e72:-4f5a','RCOND6cc4d33e:15b3c1e2e72:-4fa2','obo.facts.OboIntegerInfo.value','value','UNIT',NULL,NULL,NULL,NULL,NULL,NULL,NULL,NULL,NULL,NULL,1),('RCONST6cc4d33e:15b3c1e2e72:-4f95','RCOND6cc4d33e:15b3c1e2e72:-4fa2','obo.facts.OboIntegerInfo.name','name',NULL,'is any of the ff.','matches',NULL,NULL,NULL,NULL,NULL,NULL,'[[key:\"CONSTRUCTION_ELEVATOR\",value:\"CONSTRUCTION ELEVATOR (FOR MATERIALS)\"]]',NULL,0),('RCONST6cc4d33e:15b3c1e2e72:-50b2','RCOND6cc4d33e:15b3c1e2e72:-50f9','obo.facts.OboIntegerInfo.value','value','UNIT',NULL,NULL,NULL,NULL,NULL,NULL,NULL,NULL,NULL,NULL,1),('RCONST6cc4d33e:15b3c1e2e72:-50ed','RCOND6cc4d33e:15b3c1e2e72:-50f9','obo.facts.OboIntegerInfo.name','name',NULL,'is any of the ff.','matches',NULL,NULL,NULL,NULL,NULL,NULL,'[[key:\"DUMBWAITER\",value:\"DUMBWAITER\"]]',NULL,0),('RCONST6cc4d33e:15b3c1e2e72:-51f4','RCOND6cc4d33e:15b3c1e2e72:-523d','obo.facts.OboDecimalInfo.value','value','LNM',NULL,NULL,NULL,NULL,NULL,NULL,NULL,NULL,NULL,NULL,1),('RCONST6cc4d33e:15b3c1e2e72:-5231','RCOND6cc4d33e:15b3c1e2e72:-523d','obo.facts.OboDecimalInfo.name','name',NULL,'is any of the ff.','matches',NULL,NULL,NULL,NULL,NULL,NULL,'[[key:\"CABLE_CAR_LINEAL\",value:\"CABLE CAR LINEAL METER\"]]',NULL,0),('RCONST6cc4d33e:15b3c1e2e72:-52f1','RCOND6cc4d33e:15b3c1e2e72:-5338','obo.facts.OboDecimalInfo.value','value','KW',NULL,NULL,NULL,NULL,NULL,NULL,NULL,NULL,NULL,NULL,1),('RCONST6cc4d33e:15b3c1e2e72:-532c','RCOND6cc4d33e:15b3c1e2e72:-5338','obo.facts.OboDecimalInfo.name','name',NULL,'is any of the ff.','matches',NULL,NULL,NULL,NULL,NULL,NULL,'[[key:\"CABLE_CAR\",value:\"CABLE CAR (KW)\"]]',NULL,0),('RCONST6cc4d33e:15b3c1e2e72:-545e','RCOND6cc4d33e:15b3c1e2e72:-54dc','obo.facts.OboDecimalInfo.value','value','LNM',NULL,NULL,NULL,NULL,NULL,NULL,NULL,NULL,NULL,NULL,1),('RCONST6cc4d33e:15b3c1e2e72:-54a2','RCOND6cc4d33e:15b3c1e2e72:-54dc','obo.facts.OboDecimalInfo.name','name',NULL,'is any of the ff.','matches',NULL,NULL,NULL,NULL,NULL,NULL,'[[key:\"FUNICULAR_LINEAL\",value:\"FUNICULAR (LINEAL METER)\"]]',NULL,0),('RCONST6cc4d33e:15b3c1e2e72:-5599','RCOND6cc4d33e:15b3c1e2e72:-55e0','obo.facts.OboDecimalInfo.value','value','KW',NULL,NULL,NULL,NULL,NULL,NULL,NULL,NULL,NULL,NULL,1),('RCONST6cc4d33e:15b3c1e2e72:-55d4','RCOND6cc4d33e:15b3c1e2e72:-55e0','obo.facts.OboDecimalInfo.name','name',NULL,'is any of the ff.','matches',NULL,NULL,NULL,NULL,NULL,NULL,'[[key:\"FUNICULAR\",value:\"FUNICULAR (KW)\"]]',NULL,0),('RCONST6cc4d33e:15b3c1e2e72:-5746','RCOND6cc4d33e:15b3c1e2e72:-578f','obo.facts.OboDecimalInfo.value','value','LNM',NULL,NULL,NULL,NULL,NULL,NULL,NULL,NULL,NULL,NULL,1),('RCONST6cc4d33e:15b3c1e2e72:-5783','RCOND6cc4d33e:15b3c1e2e72:-578f','obo.facts.OboDecimalInfo.name','name',NULL,'is any of the ff.','matches',NULL,NULL,NULL,NULL,NULL,NULL,'[[key:\"ESCALATOR_LINEAL\",value:\"ESCALATOR AND MOVING WALK (LINEAL METER)\"]]',NULL,0),('RCONST6cc4d33e:15b3c1e2e72:-5856','RCOND6cc4d33e:15b3c1e2e72:-589d','obo.facts.OboDecimalInfo.value','value','KW',NULL,NULL,NULL,NULL,NULL,NULL,NULL,NULL,NULL,NULL,1),('RCONST6cc4d33e:15b3c1e2e72:-5891','RCOND6cc4d33e:15b3c1e2e72:-589d','obo.facts.OboDecimalInfo.name','name',NULL,'is any of the ff.','matches',NULL,NULL,NULL,NULL,NULL,NULL,'[[key:\"ESCALATOR\",value:\"ESCALATOR AND MOVING WALK (KW)\"]]',NULL,0),('RCONST6cc4d33e:15b3c1e2e72:-5a45','RCOND6cc4d33e:15b3c1e2e72:-5a98','obo.facts.OboDecimalInfo.value','value','KW',NULL,NULL,NULL,NULL,NULL,NULL,NULL,NULL,NULL,NULL,1),('RCONST6cc4d33e:15b3c1e2e72:-5a8c','RCOND6cc4d33e:15b3c1e2e72:-5a98','obo.facts.OboDecimalInfo.name','name',NULL,'is any of the ff.','matches',NULL,NULL,NULL,NULL,NULL,NULL,'[[key:\"MECHANICAL_VENTILATION\",value:\"MECHANICAL VENTILATION\"]]',NULL,0),('RCONST6cc4d33e:15b3c1e2e72:-5bd0','RCOND6cc4d33e:15b3c1e2e72:-5c17','obo.facts.OboIntegerInfo.value','value','UNITS',NULL,NULL,NULL,NULL,NULL,NULL,NULL,NULL,NULL,NULL,1),('RCONST6cc4d33e:15b3c1e2e72:-5c0b','RCOND6cc4d33e:15b3c1e2e72:-5c17','obo.facts.OboIntegerInfo.name','name',NULL,'is any of the ff.','matches',NULL,NULL,NULL,NULL,NULL,NULL,'[[key:\"WINDOW_TYPE_AIRCON\",value:\"WINDOW TYPE AIRCONDITIONING\"]]',NULL,0),('RCONST6cc4d33e:15b3c1e2e72:-5d83','RCOND6cc4d33e:15b3c1e2e72:-5dca','obo.facts.OboDecimalInfo.value','value','TONS',NULL,NULL,NULL,NULL,NULL,NULL,NULL,NULL,NULL,NULL,1),('RCONST6cc4d33e:15b3c1e2e72:-5dbe','RCOND6cc4d33e:15b3c1e2e72:-5dca','obo.facts.OboDecimalInfo.name','name',NULL,'is any of the ff.','matches',NULL,NULL,NULL,NULL,NULL,NULL,'[[key:\"PACKAGED_SPLIT_TYPE_AIRCON\",value:\"PACKAGED/SPLIT TYPE AIRCONDITIONG\"],[key:\"CENTRAILIZED_AIRCON\",value:\"CENTRALIZED AIRCONDITION\"]]',NULL,0),('RCONST6cc4d33e:15b3c1e2e72:-5ee5','RCOND6cc4d33e:15b3c1e2e72:-5f4e','obo.facts.OboDecimalInfo.value','value','TONS',NULL,NULL,NULL,NULL,NULL,NULL,NULL,NULL,NULL,NULL,1),('RCONST6cc4d33e:15b3c1e2e72:-5f42','RCOND6cc4d33e:15b3c1e2e72:-5f4e','obo.facts.OboDecimalInfo.name','name',NULL,'is any of the ff.','matches',NULL,NULL,NULL,NULL,NULL,NULL,'[[key:\"ICE_PLANT\",value:\"ICE PLANT\"]]',NULL,0),('RCONST6cc4d33e:15b3c1e2e72:-653a','RCOND6cc4d33e:15b3c1e2e72:-6581','obo.facts.OboDecimalInfo.value','value','TONS',NULL,NULL,NULL,NULL,NULL,NULL,NULL,NULL,NULL,NULL,1),('RCONST6cc4d33e:15b3c1e2e72:-6575','RCOND6cc4d33e:15b3c1e2e72:-6581','obo.facts.OboDecimalInfo.name','name',NULL,'is any of the ff.','matches',NULL,NULL,NULL,NULL,NULL,NULL,'[[key:\"REFRIGERATION\",value:\"REFRIGERATION\"]]',NULL,0),('RCONST6cc4d33e:15b3c1e2e72:-6fd9','RCOND6cc4d33e:15b3c1e2e72:-702e','obo.facts.OboDecimalInfo.value','value','KVA',NULL,NULL,NULL,NULL,NULL,NULL,NULL,NULL,NULL,NULL,1),('RCONST6cc4d33e:15b3c1e2e72:-7022','RCOND6cc4d33e:15b3c1e2e72:-702e','obo.facts.OboDecimalInfo.name','name',NULL,'is any of the ff.','matches',NULL,NULL,NULL,NULL,NULL,NULL,'[[key:\"TOTAL_TRANSFORMER_CAPACITY\",value:\"TOTAL TRANSFORMER CAPACITY\"],[key:\"TOTAL_GENERATOR_UPS_CAPACITY\",value:\"TOTAL GENERATOR/UPS CAPACITY\"]]',NULL,0),('RCONST6cc4d33e:15b3c1e2e72:-71b9','RCOND6cc4d33e:15b3c1e2e72:-7200','obo.facts.OboDecimalInfo.value','value','KVA',NULL,NULL,NULL,NULL,NULL,NULL,NULL,NULL,NULL,NULL,1),('RCONST6cc4d33e:15b3c1e2e72:-71f4','RCOND6cc4d33e:15b3c1e2e72:-7200','obo.facts.OboDecimalInfo.name','name',NULL,'is any of the ff.','matches',NULL,NULL,NULL,NULL,NULL,NULL,'[[key:\"TOTAL_CONNECTED_LOAD\",value:\"TOTAL CONNECTED LOAD\"]]',NULL,0),('RCONST6cc4d33e:15b3c1e2e72:-72ce','RCOND6cc4d33e:15b3c1e2e72:-7315','obo.facts.OboIntegerInfo.value','value','POLES',NULL,NULL,NULL,NULL,NULL,NULL,NULL,NULL,NULL,NULL,1),('RCONST6cc4d33e:15b3c1e2e72:-7309','RCOND6cc4d33e:15b3c1e2e72:-7315','obo.facts.OboIntegerInfo.name','name',NULL,'is any of the ff.','matches',NULL,NULL,NULL,NULL,NULL,NULL,'[[key:\"POWER_SUPPLY_POLE_LOCATION\",value:\"POWER SUPPLY POLE LOCATION\"]]',NULL,0),('RCONST6cc4d33e:15b3c1e2e72:-73e7','RCOND6cc4d33e:15b3c1e2e72:-7432','obo.facts.OboIntegerInfo.value','value','UNIT',NULL,NULL,NULL,NULL,NULL,NULL,NULL,NULL,NULL,NULL,1),('RCONST6cc4d33e:15b3c1e2e72:-7426','RCOND6cc4d33e:15b3c1e2e72:-7432','obo.facts.OboIntegerInfo.name','name',NULL,'is any of the ff.','matches',NULL,NULL,NULL,NULL,NULL,NULL,'[[key:\"GUYING_ATTACHMENT\",value:\"GUYING ATTACHMENT\"]]',NULL,0),('RCONST6cc4d33e:15b3c1e2e72:-7505','RCOND6cc4d33e:15b3c1e2e72:-754c','obo.facts.OboIntegerInfo.value','value','NUM_METER',NULL,NULL,NULL,NULL,NULL,NULL,NULL,NULL,NULL,NULL,1),('RCONST6cc4d33e:15b3c1e2e72:-7540','RCOND6cc4d33e:15b3c1e2e72:-754c','obo.facts.OboIntegerInfo.name','name',NULL,'is any of the ff.','matches',NULL,NULL,NULL,NULL,NULL,NULL,'[[key:\"ELECTRIC_METER\",value:\"ELECTRIC METER\"]]',NULL,0),('RCONST6cc4d33e:15b3c1e2e72:-761f','RCOND6cc4d33e:15b3c1e2e72:-7666','obo.facts.OboIntegerInfo.value','value','UNIT',NULL,NULL,NULL,NULL,NULL,NULL,NULL,NULL,NULL,NULL,1),('RCONST6cc4d33e:15b3c1e2e72:-765a','RCOND6cc4d33e:15b3c1e2e72:-7666','obo.facts.OboIntegerInfo.name','name',NULL,'is any of the ff.','matches',NULL,NULL,NULL,NULL,NULL,NULL,'[[key:\"ELECTRIC_METER\",value:\"ELECTRIC METER\"]]',NULL,0),('RCONST6cc4d33e:15b3c1e2e72:-7a67','RCOND6cc4d33e:15b3c1e2e72:-7ab0','obo.facts.OboIntegerInfo.value','value','UNIT',NULL,NULL,NULL,NULL,NULL,NULL,NULL,NULL,NULL,NULL,1),('RCONST6cc4d33e:15b3c1e2e72:-7aa4','RCOND6cc4d33e:15b3c1e2e72:-7ab0','obo.facts.OboIntegerInfo.name','name',NULL,'is any of the ff.','matches',NULL,NULL,NULL,NULL,NULL,NULL,'[[key:\"ELECTRIC_METER\",value:\"ELECTRIC METER\"]]',NULL,0),('RCONST6e008a5f:15b6c73a9f2:-7d46','RCOND6e008a5f:15b6c73a9f2:-7d8d','obo.facts.OboDecimalInfo.value','value','CUM',NULL,NULL,NULL,NULL,NULL,NULL,NULL,NULL,NULL,NULL,1),('RCONST6e008a5f:15b6c73a9f2:-7d81','RCOND6e008a5f:15b6c73a9f2:-7d8d','obo.facts.OboDecimalInfo.name','name',NULL,'is any of the ff.','matches',NULL,NULL,NULL,NULL,NULL,NULL,'[[key:\"SWIMMING_POOL\",value:\"SWIMMING POOL (cuM)\"]]',NULL,0),('RCONST6e008a5f:15b6c73a9f2:-7df4','RCOND6e008a5f:15b6c73a9f2:-7e16','treasury.facts.BillItem.txntype','txntype',NULL,'is any of the ff.','matches',NULL,NULL,NULL,NULL,NULL,NULL,'[[key:\"BLDG_ACCESSORY\",value:\"BLDG ACCESSORY FEE\"]]',NULL,0),('RCONST6e49d4a7:178df84116c:-7bd9','RCOND6e49d4a7:178df84116c:-7c75','workflow.facts.WfTaskResult.state','state',NULL,'equal to','==',NULL,NULL,NULL,NULL,NULL,'end',NULL,NULL,1),('RCONST6e49d4a7:178df84116c:-7c41','RCOND6e49d4a7:178df84116c:-7c75','workflow.facts.WfTaskResult.processname','processname',NULL,'equal to','==',NULL,NULL,NULL,NULL,NULL,'obo_app_taskitem',NULL,NULL,0),('RCONST7326c266:1763b5535c7:-7377','RCOND7326c266:1763b5535c7:-7443','treasury.facts.BillItem.amount','amount','PENALTY',NULL,NULL,NULL,NULL,NULL,NULL,NULL,NULL,NULL,NULL,1),('RCONST7326c266:1763b5535c7:-7403','RCOND7326c266:1763b5535c7:-7443','treasury.facts.BillItem.billcode','billcode',NULL,'is any of the ff.','matches',NULL,NULL,NULL,NULL,NULL,NULL,'[[key:\"PENALTY_BUILDING_PERMIT\",value:\"PENALTY ON BUILDING PERMIT\"]]',NULL,0),('RCONST7326c266:1763b5535c7:-74ff','RCOND7326c266:1763b5535c7:-750f','obo.facts.OboDocument.doctype','doctype',NULL,'is any of the ff.','matches',NULL,NULL,NULL,NULL,NULL,NULL,'[[key:\"OCCUPANCY_PERMIT\",value:\"OCCUPANCY PERMIT\"]]',NULL,0),('RCONST7326c266:1763b5535c7:-7634','RCOND7326c266:1763b5535c7:-7674','treasury.facts.BillItem.billcode','billcode',NULL,'is any of the ff.','matches',NULL,NULL,NULL,NULL,NULL,NULL,'[[key:\"FIRE_INSPECTION_FEE\",value:\"FIRE SAFETY INSPECTION FEE\"]]',NULL,0),('RCONST79522df:178f7318fbf:-7813','RCOND79522df:178f7318fbf:-78a2','workflow.facts.WfTaskResult.fromaction','fromaction',NULL,'equal to','==',NULL,NULL,NULL,NULL,NULL,'post-payment',NULL,NULL,1),('RCONST79522df:178f7318fbf:-786e','RCOND79522df:178f7318fbf:-78a2','workflow.facts.WfTaskResult.processname','processname',NULL,'matches','matches',NULL,NULL,NULL,NULL,NULL,'building_permit|occupancy_certificate',NULL,NULL,0),('RCONST7a4cba33:16a44844397:-7362','RCOND1fc2e40d:169eb7a6037:-6474','obo.facts.BuildingInfo.totalfloorarea','totalfloorarea','AREA',NULL,NULL,NULL,NULL,NULL,NULL,NULL,NULL,NULL,NULL,2),('RCONST7a4cba33:16a44844397:-756f','RCOND1fc2e40d:169eb7a6037:-5f53','obo.facts.BuildingInfo.totalfloorarea','totalfloorarea','AREA',NULL,NULL,NULL,NULL,NULL,NULL,NULL,NULL,NULL,NULL,2),('RCONST7a4cba33:16a44844397:-770a','RCOND-685b3759:16a2fd8270e:-7120','obo.facts.BuildingInfo.totalfloorarea','totalfloorarea','AREA',NULL,NULL,NULL,NULL,NULL,NULL,NULL,NULL,NULL,NULL,1),('RCONST7a4cba33:16a44844397:-7899','RCOND-685b3759:16a2fd8270e:-7411','obo.facts.BuildingInfo.totalfloorarea','totalfloorarea','AREA',NULL,NULL,NULL,NULL,NULL,NULL,NULL,NULL,NULL,NULL,1),('RCONST7a4cba33:16a44844397:-7a9a','RCOND-685b3759:16a2fd8270e:-76bd','obo.facts.BuildingInfo.totalfloorarea','totalfloorarea','AREA',NULL,NULL,NULL,NULL,NULL,NULL,NULL,NULL,NULL,NULL,2),('RCONST7a4cba33:16a44844397:-7d6c','RCOND-685b3759:16a2fd8270e:-796b','obo.facts.BuildingInfo.totalfloorarea','totalfloorarea','AREA',NULL,NULL,NULL,NULL,NULL,NULL,NULL,NULL,NULL,NULL,2),('RCONST7c39e053:1763abc2c56:-6c9b','RCOND7c39e053:1763abc2c56:-6cfd','obo.facts.BuildingInfo.highercost','highercost','COST',NULL,NULL,NULL,NULL,NULL,NULL,NULL,NULL,NULL,NULL,0),('RCONST7c39e053:1763abc2c56:-6e17','RCOND7c39e053:1763abc2c56:-6e27','obo.facts.OboDocument.doctype','doctype',NULL,'is any of the ff.','matches',NULL,NULL,NULL,NULL,NULL,NULL,'[[key:\"OCCUPANCY_CERTIFICATE\",value:\"OCCUPANCY CERTIFICATE\"]]',NULL,0),('RCONST7c39e053:1763abc2c56:-6f9c','RCOND7c39e053:1763abc2c56:-710a','obo.facts.BuildingInfo.totalfloorarea','totalfloorarea','AREA',NULL,NULL,NULL,NULL,NULL,NULL,NULL,NULL,NULL,NULL,1),('RCONST7c39e053:1763abc2c56:-736d','RCOND7c39e053:1763abc2c56:-73cf','obo.facts.BuildingInfo.highercost','highercost','COST',NULL,NULL,NULL,NULL,NULL,NULL,NULL,NULL,NULL,NULL,0),('RCONST7c39e053:1763abc2c56:-7487','RCOND7c39e053:1763abc2c56:-7497','obo.facts.OboDocument.doctype','doctype',NULL,'is any of the ff.','matches',NULL,NULL,NULL,NULL,NULL,NULL,'[[key:\"OCCUPANCY_CERTIFICATE\",value:\"OCCUPANCY CERTIFICATE\"]]',NULL,0),('RCONST7c39e053:1763abc2c56:-78c6','RCOND7c39e053:1763abc2c56:-78d6','obo.facts.OboDocument.doctype','doctype',NULL,'is any of the ff.','matches',NULL,NULL,NULL,NULL,NULL,NULL,'[[key:\"OCCUPANCY_CERTIFICATE\",value:\"OCCUPANCY CERTIFICATE\"]]',NULL,0),('RCONST7c39e053:1763abc2c56:-7975','RCOND7c39e053:1763abc2c56:-79d7','obo.facts.BuildingInfo.highercost','highercost','COST',NULL,NULL,NULL,NULL,NULL,NULL,NULL,NULL,NULL,NULL,0),('RCONST7c39e053:1763abc2c56:-7ace','RCOND7c39e053:1763abc2c56:-7ade','obo.facts.OboDocument.doctype','doctype',NULL,'is any of the ff.','matches',NULL,NULL,NULL,NULL,NULL,NULL,'[[key:\"OCCUPANCY_CERTIFICATE\",value:\"OCCUPANCY CERTIFICATE\"]]',NULL,0),('RCONST7c39e053:1763abc2c56:-7ba8','RCOND7c39e053:1763abc2c56:-7c0a','obo.facts.BuildingInfo.highercost','highercost','COST',NULL,NULL,NULL,NULL,NULL,NULL,NULL,NULL,NULL,NULL,0),('RCONST7c878a78:178fdeed45e:-799d','RCOND7c878a78:178fdeed45e:-7a3a','workflow.facts.WfTaskResult.state','state',NULL,'equal to','==',NULL,NULL,NULL,NULL,NULL,'end',NULL,NULL,1),('RCONST7c878a78:178fdeed45e:-7a06','RCOND7c878a78:178fdeed45e:-7a3a','workflow.facts.WfTaskResult.processname','processname',NULL,'equal to','==',NULL,NULL,NULL,NULL,NULL,'building_permit',NULL,NULL,0),('RCONST7c878a78:178fdeed45e:-7cfd','RCOND7c878a78:178fdeed45e:-7d77','workflow.facts.WfTransition.fromstate','fromstate',NULL,'equal to','==',NULL,NULL,NULL,NULL,NULL,'releasing',NULL,NULL,1),('RCONST7c878a78:178fdeed45e:-7d55','RCOND7c878a78:178fdeed45e:-7d77','workflow.facts.WfTransition.processname','processname',NULL,'matches','matches',NULL,NULL,NULL,NULL,NULL,'building_permit|occupancy_certificate',NULL,NULL,0),('RCONST7e3da671:17066bd1cac:-72b7','RC-37d558f5:16a4fd0d79e:-7f6b','obo.facts.BuildingInfo.projectcost','projectcost','COST',NULL,NULL,NULL,NULL,NULL,NULL,NULL,NULL,NULL,NULL,1),('RCONST7e3da671:17066bd1cac:-7471','RC-37d558f5:16a4fd0d79e:-7fa7','obo.facts.BuildingInfo.projectcost','projectcost','COST',NULL,NULL,NULL,NULL,NULL,NULL,NULL,NULL,NULL,NULL,1),('RCONST7e3da671:17066bd1cac:-761e','RC-37d558f5:16a4fd0d79e:-7fba','obo.facts.BuildingInfo.projectcost','projectcost','COST',NULL,NULL,NULL,NULL,NULL,NULL,NULL,NULL,NULL,NULL,1),('RCONST7e3da671:17066bd1cac:-77cb','RC-37d558f5:16a4fd0d79e:-7fdb','obo.facts.BuildingInfo.projectcost','projectcost','COST',NULL,NULL,NULL,NULL,NULL,NULL,NULL,NULL,NULL,NULL,1),('RCONST7e3da671:17066bd1cac:-7978','RC-37d558f5:16a4fd0d79e:-7ff6','obo.facts.BuildingInfo.projectcost','projectcost','COST',NULL,NULL,NULL,NULL,NULL,NULL,NULL,NULL,NULL,NULL,1),('RCONST7e3da671:17066bd1cac:-7cb3','RCOND-7385ffbe:16a438b05b7:-7c4e','obo.facts.BuildingInfo.projectcost','projectcost','COST',NULL,NULL,NULL,NULL,NULL,NULL,NULL,NULL,NULL,NULL,1),('RCONSTa4090ca:178e495ba55:-7a9e','RCONDa4090ca:178e495ba55:-7ad2','workflow.facts.WfTaskResult.processname','processname',NULL,'equal to','==',NULL,NULL,NULL,NULL,NULL,'obo_app_taskitem',NULL,NULL,0),('RCONSTb3b305a:176400527ad:-68b0','RCONDb3b305a:176400527ad:-68f0','treasury.facts.BillItem.billcode','billcode',NULL,'is any of the ff.','matches',NULL,NULL,NULL,NULL,NULL,NULL,'[[key:\"FINAL_ELECTRICAL_INSPECTION_FEE\",value:\"FINAL ELECTRICAL INSPECTION FEE (OCCUPANCY)\"]]',NULL,0);
/*!40000 ALTER TABLE `sys_rule_condition_constraint` ENABLE KEYS */;
UNLOCK TABLES;

--
-- Table structure for table `sys_rule_condition_var`
--

DROP TABLE IF EXISTS `sys_rule_condition_var`;
/*!40101 SET @saved_cs_client     = @@character_set_client */;
/*!40101 SET character_set_client = utf8 */;
CREATE TABLE `sys_rule_condition_var` (
  `objid` varchar(50) NOT NULL,
  `parentid` varchar(50) DEFAULT NULL,
  `ruleid` varchar(50) DEFAULT NULL,
  `varname` varchar(50) DEFAULT NULL,
  `datatype` varchar(50) DEFAULT NULL,
  `pos` int(11) DEFAULT NULL,
  PRIMARY KEY (`objid`) USING BTREE,
  KEY `parentid` (`parentid`) USING BTREE,
  CONSTRAINT `sys_rule_condition_var_ibfk_1` FOREIGN KEY (`parentid`) REFERENCES `sys_rule_condition` (`objid`)
) ENGINE=InnoDB DEFAULT CHARSET=utf8;
/*!40101 SET character_set_client = @saved_cs_client */;

--
-- Dumping data for table `sys_rule_condition_var`
--

LOCK TABLES `sys_rule_condition_var` WRITE;
/*!40000 ALTER TABLE `sys_rule_condition_var` DISABLE KEYS */;
INSERT INTO `sys_rule_condition_var` VALUES ('RC-10cfc191:15b48bf8d6b:-7ff2','RC-10cfc191:15b48bf8d6b:-7ff2','RUL2e43f3c6:15b48c07f72:-78ea','BILLITEM','treasury.facts.BillItem',1),('RC-1b89c680:16a38f14701:-7e90','RC-1b89c680:16a38f14701:-7e90','RUL27db1036:16a38f07d48:-6e8b','BILLITEM','treasury.facts.BillItem',1),('RC-1b89c680:16a38f14701:-7f3b','RC-1b89c680:16a38f14701:-7f3b','RUL27db1036:16a38f07d48:-75b1','BILLITEM','treasury.facts.BillItem',1),('RC-1b89c680:16a38f14701:-7f44','RC-1b89c680:16a38f14701:-7f44','RUL27db1036:16a38f07d48:-75c2','BILLITEM','treasury.facts.BillItem',1),('RC-1b89c680:16a38f14701:-7f56','RC-1b89c680:16a38f14701:-7f56','RUL27db1036:16a38f07d48:-75e4','BILLITEM','treasury.facts.BillItem',1),('RC-1b89c680:16a38f14701:-7f5f','RC-1b89c680:16a38f14701:-7f5f','RUL27db1036:16a38f07d48:-75f5','BILLITEM','treasury.facts.BillItem',1),('RC-1b89c680:16a38f14701:-7f68','RC-1b89c680:16a38f14701:-7f68','RUL27db1036:16a38f07d48:-7606','BILLITEM','treasury.facts.BillItem',1),('RC-1b89c680:16a38f14701:-7f71','RC-1b89c680:16a38f14701:-7f71','RUL27db1036:16a38f07d48:-7617','BILLITEM','treasury.facts.BillItem',1),('RC-1b89c680:16a38f14701:-7fb7','RC-1b89c680:16a38f14701:-7fb7','RUL27db1036:16a38f07d48:-7952','BILLITEM','treasury.facts.BillItem',1),('RC-3389760c:1763b5a1616:-8000','RC-3389760c:1763b5a1616:-8000','RUL7326c266:1763b5535c7:-7aa3','BD','obo.facts.OboDocument',2),('RC-3394437b:16a4396e5cb:-7a73','RC-3394437b:16a4396e5cb:-7a73','RUL-4267ff2c:16a444aba70:-6950','BILLITEM','treasury.facts.BillItem',1),('RC-3394437b:16a4396e5cb:-7a96','RC-3394437b:16a4396e5cb:-7a96','RUL-4267ff2c:16a444aba70:-6a5e','BILLITEM','treasury.facts.BillItem',1),('RC-3394437b:16a4396e5cb:-7ad5','RC-3394437b:16a4396e5cb:-7ad5','RUL-4267ff2c:16a444aba70:-6f9a','BILLITEM','treasury.facts.BillItem',2),('RC-3394437b:16a4396e5cb:-7af5','RC-3394437b:16a4396e5cb:-7af5','RUL-4267ff2c:16a444aba70:-7247','BILLITEM','treasury.facts.BillItem',2),('RC-3394437b:16a4396e5cb:-7b2b','RC-3394437b:16a4396e5cb:-7b2b','RUL-4267ff2c:16a444aba70:-744a','BILLITEM','treasury.facts.BillItem',2),('RC-3394437b:16a4396e5cb:-7b38','RC-3394437b:16a4396e5cb:-7b38','RUL-4267ff2c:16a444aba70:-7493','BILLITEM','treasury.facts.BillItem',2),('RC-3394437b:16a4396e5cb:-7bd6','RC-3394437b:16a4396e5cb:-7bd6','RUL-4267ff2c:16a444aba70:-7b89','BILLITEM','treasury.facts.BillItem',2),('RC-3394437b:16a4396e5cb:-7c14','RC-3394437b:16a4396e5cb:-7c14','RUL-4267ff2c:16a444aba70:-7d9d','BILLITEM','treasury.facts.BillItem',2),('RC-3394437b:16a4396e5cb:-7c89','RC-3394437b:16a4396e5cb:-7c89','RUL-7385ffbe:16a438b05b7:-5b9d','BILLITEM','treasury.facts.BillItem',2),('RC-3394437b:16a4396e5cb:-7cb0','RC-3394437b:16a4396e5cb:-7cb0','RUL-7385ffbe:16a438b05b7:-5cab','BILLITEM','treasury.facts.BillItem',2),('RC-3394437b:16a4396e5cb:-7ea0','RC-3394437b:16a4396e5cb:-7ea0','RUL-7385ffbe:16a438b05b7:-6f3a','BILLITEM','treasury.facts.BillItem',2),('RC-3394437b:16a4396e5cb:-7eb0','RC-3394437b:16a4396e5cb:-7eb0','RUL-7385ffbe:16a438b05b7:-6f77','BILLITEM','treasury.facts.BillItem',2),('RC-3394437b:16a4396e5cb:-7ebb','RC-3394437b:16a4396e5cb:-7ebb','RUL-7385ffbe:16a438b05b7:-6fb0','BILLITEM','treasury.facts.BillItem',2),('RC-3394437b:16a4396e5cb:-7ecd','RC-3394437b:16a4396e5cb:-7ecd','RUL-7385ffbe:16a438b05b7:-6feb','BILLITEM','treasury.facts.BillItem',2),('RC-3394437b:16a4396e5cb:-7ed7','RC-3394437b:16a4396e5cb:-7ed7','RUL-7385ffbe:16a438b05b7:-6ffc','BILLITEM','treasury.facts.BillItem',2),('RC-3394437b:16a4396e5cb:-7efa','RC-3394437b:16a4396e5cb:-7efa','RUL-7385ffbe:16a438b05b7:-7085','BILLITEM','treasury.facts.BillItem',2),('RC-39c9f5f6:16a4e3b1db2:-7fa0','RC-39c9f5f6:16a4e3b1db2:-7fa0','RUL-301ccfbb:16a4e3ad539:-7c37','BILLITEM','treasury.facts.BillItem',1),('RC-3d8191a1:17936ba3f16:-7ff0','RC-3d8191a1:17936ba3f16:-7ff0','RUL-49489680:17936c381df:-7717','WT','workflow.facts.WfTaskResult',0),('RC-4dbf9d19:15bf4e01a24:-7fc5','RC-4dbf9d19:15bf4e01a24:-7fc5','RUL-181817d3:15bf4e3b890:-7862','BILLITEM','treasury.facts.BillItem',2),('RC-4dbf9d19:15bf4e01a24:-7fd2','RC-4dbf9d19:15bf4e01a24:-7fd2','RUL-181817d3:15bf4e3b890:-7873','BILLITEM','treasury.facts.BillItem',2),('RC-4dbf9d19:15bf4e01a24:-7fdf','RC-4dbf9d19:15bf4e01a24:-7fdf','RUL-181817d3:15bf4e3b890:-7abf','BILLITEM','treasury.facts.BillItem',2),('RC-4dbf9d19:15bf4e01a24:-7fec','RC-4dbf9d19:15bf4e01a24:-7fec','RUL-181817d3:15bf4e3b890:-7ad0','BILLITEM','treasury.facts.BillItem',2),('RC-52beabf2:15b3c40641b:-7fc5','RC-52beabf2:15b3c40641b:-7fc5','RUL-108b4192:15b3d234d5c:-698a','BILLITEM','treasury.facts.BillItem',0),('RC-52beabf2:15b3c40641b:-7fcb','RC-52beabf2:15b3c40641b:-7fcb','RUL-108b4192:15b3d234d5c:-6ad6','BILLITEM','treasury.facts.BillItem',0),('RC-52beabf2:15b3c40641b:-7fd4','RC-52beabf2:15b3c40641b:-7fd4','RUL-108b4192:15b3d234d5c:-6c55','BILLITEM','treasury.facts.BillItem',0),('RC-52beabf2:15b3c40641b:-7fe0','RC-52beabf2:15b3c40641b:-7fe0','RUL-108b4192:15b3d234d5c:-73c4','BILLITEM','treasury.facts.BillItem',0),('RC-52beabf2:15b3c40641b:-7ff4','RC-52beabf2:15b3c40641b:-7ff4','RUL6cc4d33e:15b3c1e2e72:-4e7a','BILLITEM','treasury.facts.BillItem',1),('RC-53717d20:15b4db8478f:-7fba','RC-53717d20:15b4db8478f:-7fba','RUL4cf13b0:15b4dbc7b17:-769d','BILLITEM','treasury.facts.BillItem',1),('RC-53717d20:15b4db8478f:-7fcf','RC-53717d20:15b4db8478f:-7fcf','RUL4cf13b0:15b4dbc7b17:-78b3','BILLITEM','treasury.facts.BillItem',1),('RC-53717d20:15b4db8478f:-7fd8','RC-53717d20:15b4db8478f:-7fd8','RUL4cf13b0:15b4dbc7b17:-78c4','BILLITEM','treasury.facts.BillItem',1),('RC-53717d20:15b4db8478f:-7fe1','RC-53717d20:15b4db8478f:-7fe1','RUL4cf13b0:15b4dbc7b17:-7d2e','BILLITEM','treasury.facts.BillItem',1),('RC-53717d20:15b4db8478f:-7fe7','RC-53717d20:15b4db8478f:-7fe7','RUL4cf13b0:15b4dbc7b17:-7e4b','BILLITEM','treasury.facts.BillItem',1),('RC-53717d20:15b4db8478f:-7ff0','RC-53717d20:15b4db8478f:-7ff0','RUL4cf13b0:15b4dbc7b17:-7e5c','BILLITEM','treasury.facts.BillItem',1),('RC-59612f04:15b6c1c41a7:-7fc2','RC-59612f04:15b6c1c41a7:-7fc2','RUL6e008a5f:15b6c73a9f2:-71ec','BILLITEM','treasury.facts.BillItem',0),('RC-59612f04:15b6c1c41a7:-7fc5','RC-59612f04:15b6c1c41a7:-7fc5','RUL6e008a5f:15b6c73a9f2:-71ec','INFO','obo.facts.OboDecimalInfo',1),('RC-59612f04:15b6c1c41a7:-7fd2','RC-59612f04:15b6c1c41a7:-7fd2','RUL6e008a5f:15b6c73a9f2:-721e','BILLITEM','treasury.facts.BillItem',0),('RC-59612f04:15b6c1c41a7:-7fd8','RC-59612f04:15b6c1c41a7:-7fd8','RUL6e008a5f:15b6c73a9f2:-7250','BILLITEM','treasury.facts.BillItem',0),('RC-59612f04:15b6c1c41a7:-7fe8','RC-59612f04:15b6c1c41a7:-7fe8','RUL6e008a5f:15b6c73a9f2:-7ba0','BILLITEM','treasury.facts.BillItem',0),('RC-59612f04:15b6c1c41a7:-7fee','RC-59612f04:15b6c1c41a7:-7fee','RUL6e008a5f:15b6c73a9f2:-7bdf','BILLITEM','treasury.facts.BillItem',0),('RC-640d0dca:178e51a8ae8:-7ff4','RC-640d0dca:178e51a8ae8:-7ff4','RUL202450a2:178e51c747b:-7c39','WT','workflow.facts.WfTaskResult',1),('RC-640d0dca:178e51a8ae8:-7ffc','RC-640d0dca:178e51a8ae8:-7ffc','RUL202450a2:178e51c747b:-7c5a','WT','workflow.facts.WfTaskResult',1),('RC-66680c7b:15b3c241e07:-7ff2','RC-66680c7b:15b3c241e07:-7ff2','RUL6cc4d33e:15b3c1e2e72:-708f','BILLITEM','treasury.facts.BillItem',1),('RC-709c4bfe:17916efdcce:-8000','RC-709c4bfe:17916efdcce:-8000','RUL5df0950f:17916da5516:-6c0d','WT','workflow.facts.WfTransition',0),('RC-75b062b8:1796f05369d:-7fad','RC-75b062b8:1796f05369d:-7fad','RUL7ff72a12:1796f2a520c:-7c2c','WT','workflow.facts.WfTaskResult',0),('RC-7791fca7:1763ff8a714:-7fcd','RC-7791fca7:1763ff8a714:-7fcd','RULb3b305a:176400527ad:-6c3f','DOC','obo.facts.OboDocument',0),('RC-d96c4a7:15bf6365df9:-7fe8','RC-d96c4a7:15bf6365df9:-7fe8','RUL-181817d3:15bf4e3b890:-8e0','BILLITEM','treasury.facts.BillItem',0),('RC16c3fcb:16a3a19e4b9:-7a7f','RC16c3fcb:16a3a19e4b9:-7a7f','RUL59515aa4:16a3a32fa5e:-3fb8','BILLITEM','treasury.facts.BillItem',2),('RC16c3fcb:16a3a19e4b9:-7a8b','RC16c3fcb:16a3a19e4b9:-7a8b','RUL59515aa4:16a3a32fa5e:-3fec','BILLITEM','treasury.facts.BillItem',2),('RC16c3fcb:16a3a19e4b9:-7a94','RC16c3fcb:16a3a19e4b9:-7a94','RUL59515aa4:16a3a32fa5e:-4020','BILLITEM','treasury.facts.BillItem',2),('RC16c3fcb:16a3a19e4b9:-7acc','RC16c3fcb:16a3a19e4b9:-7acc','RUL59515aa4:16a3a32fa5e:-41fd','BILLITEM','treasury.facts.BillItem',2),('RC16c3fcb:16a3a19e4b9:-7ad6','RC16c3fcb:16a3a19e4b9:-7ad6','RUL59515aa4:16a3a32fa5e:-420e','BILLITEM','treasury.facts.BillItem',2),('RC16c3fcb:16a3a19e4b9:-7b01','RC16c3fcb:16a3a19e4b9:-7b01','RUL59515aa4:16a3a32fa5e:-43ab','BILLITEM','treasury.facts.BillItem',2),('RC16c3fcb:16a3a19e4b9:-7b2a','RC16c3fcb:16a3a19e4b9:-7b2a','RUL59515aa4:16a3a32fa5e:-4513','BILLITEM','treasury.facts.BillItem',1),('RC1af7b1b4:178ceda2daf:-8000','RC1af7b1b4:178ceda2daf:-8000','RUL15a848a4:178ce76b7fe:-71f9','WT','workflow.facts.WfTaskResult',0),('RC1cbabe6f:15bf507af61:-7fcc','RC1cbabe6f:15bf507af61:-7fcc','RUL-181817d3:15bf4e3b890:-29cc','BILLITEM','treasury.facts.BillItem',0),('RC1cbabe6f:15bf507af61:-7fd2','RC1cbabe6f:15bf507af61:-7fd2','RUL-181817d3:15bf4e3b890:-2b06','BILLITEM','treasury.facts.BillItem',0),('RC1cbabe6f:15bf507af61:-7fdb','RC1cbabe6f:15bf507af61:-7fdb','RUL-181817d3:15bf4e3b890:-3079','BILLITEM','treasury.facts.BillItem',1),('RC1cbabe6f:15bf507af61:-7fe7','RC1cbabe6f:15bf507af61:-7fe7','RUL-181817d3:15bf4e3b890:-3186','BILLITEM','treasury.facts.BillItem',1),('RC1cbabe6f:15bf507af61:-7ff4','RC1cbabe6f:15bf507af61:-7ff4','RUL-181817d3:15bf4e3b890:-415b','BILLITEM','treasury.facts.BillItem',0),('RC28a83f44:15b74c946cb:-7f3b','RC28a83f44:15b74c946cb:-7f3b','RUL-50300c99:15b7626649d:-5330','BILLITEM','treasury.facts.BillItem',0),('RC28a83f44:15b74c946cb:-7f44','RC28a83f44:15b74c946cb:-7f44','RUL-50300c99:15b7626649d:-56a6','BILLITEM','treasury.facts.BillItem',0),('RC28a83f44:15b74c946cb:-7f4a','RC28a83f44:15b74c946cb:-7f4a','RUL-50300c99:15b7626649d:-5807','BILLITEM','treasury.facts.BillItem',0),('RC28a83f44:15b74c946cb:-7f56','RC28a83f44:15b74c946cb:-7f56','RUL-50300c99:15b7626649d:-5c39','BILLITEM','treasury.facts.BillItem',0),('RC28a83f44:15b74c946cb:-7f5c','RC28a83f44:15b74c946cb:-7f5c','RUL-50300c99:15b7626649d:-66a4','BILLITEM','treasury.facts.BillItem',0),('RC28a83f44:15b74c946cb:-7f65','RC28a83f44:15b74c946cb:-7f65','RUL-50300c99:15b7626649d:-66b5','BILLITEM','treasury.facts.BillItem',0),('RC28a83f44:15b74c946cb:-7f6e','RC28a83f44:15b74c946cb:-7f6e','RUL-50300c99:15b7626649d:-66c6','BILLITEM','treasury.facts.BillItem',0),('RC28a83f44:15b74c946cb:-7f77','RC28a83f44:15b74c946cb:-7f77','RUL-50300c99:15b7626649d:-6710','BILLITEM','treasury.facts.BillItem',0),('RC28a83f44:15b74c946cb:-7f90','RC28a83f44:15b74c946cb:-7f90','RUL-50300c99:15b7626649d:-6cee','BILLITEM','treasury.facts.BillItem',0),('RC28a83f44:15b74c946cb:-7f96','RC28a83f44:15b74c946cb:-7f96','RUL-50300c99:15b7626649d:-6fe2','BILLITEM','treasury.facts.BillItem',0),('RC28a83f44:15b74c946cb:-7fa3','RC28a83f44:15b74c946cb:-7fa3','RUL-50300c99:15b7626649d:-7a5e','BILLITEM','treasury.facts.BillItem',1),('RC28a83f44:15b74c946cb:-7fae','RC28a83f44:15b74c946cb:-7fae','RUL-50300c99:15b7626649d:-7a6f','BILLITEM','treasury.facts.BillItem',1),('RC28a83f44:15b74c946cb:-7fc5','RC28a83f44:15b74c946cb:-7fc5','RUL3f65f585:15b74b1144b:-6ec2','BILLITEM','treasury.facts.BillItem',1),('RC28a83f44:15b74c946cb:-7fd1','RC28a83f44:15b74c946cb:-7fd1','RUL3f65f585:15b74b1144b:-6efb','BILLITEM','treasury.facts.BillItem',1),('RC28a83f44:15b74c946cb:-7fdc','RC28a83f44:15b74c946cb:-7fdc','RUL3f65f585:15b74b1144b:-6f38','BILLITEM','treasury.facts.BillItem',1),('RC28a83f44:15b74c946cb:-7fe6','RC28a83f44:15b74c946cb:-7fe6','RUL3f65f585:15b74b1144b:-6f6a','BILLITEM','treasury.facts.BillItem',1),('RC28a83f44:15b74c946cb:-7ff1','RC28a83f44:15b74c946cb:-7ff1','RUL3f65f585:15b74b1144b:-6fbc','BILLITEM','treasury.facts.BillItem',1),('RC2a995b4c:1792618d9c2:-8000','RC2a995b4c:1792618d9c2:-8000','RUL-2ff927e8:17926057293:-7ace','DOC','obo.facts.OboDocument',0),('RC33115abb:15b366b9fbd:-7f56','RC33115abb:15b366b9fbd:-7f56','RUL10bc2a9b:15b3805d39e:-6ef4','BILLITEM','treasury.facts.BillItem',1),('RC33115abb:15b366b9fbd:-7f5e','RC33115abb:15b366b9fbd:-7f5e','RUL10bc2a9b:15b3805d39e:-6f05','BILLITEM','treasury.facts.BillItem',1),('RC33115abb:15b366b9fbd:-7f68','RC33115abb:15b366b9fbd:-7f68','RUL10bc2a9b:15b3805d39e:-6f74','BILLITEM','treasury.facts.BillItem',1),('RC33115abb:15b366b9fbd:-7f88','RC33115abb:15b366b9fbd:-7f88','RUL10bc2a9b:15b3805d39e:-7cd0','BILLITEM','treasury.facts.BillItem',1),('RC33115abb:15b366b9fbd:-7f90','RC33115abb:15b366b9fbd:-7f90','RUL10bc2a9b:15b3805d39e:-7ce1','BILLITEM','treasury.facts.BillItem',1),('RC33115abb:15b366b9fbd:-7f99','RC33115abb:15b366b9fbd:-7f99','RUL-5a2a6f0f:15b37b47575:-72c2','BILLITEM','treasury.facts.BillItem',1),('RC33115abb:15b366b9fbd:-7fa1','RC33115abb:15b366b9fbd:-7fa1','RUL-5a2a6f0f:15b37b47575:-72d3','BILLITEM','treasury.facts.BillItem',1),('RC33115abb:15b366b9fbd:-7fa9','RC33115abb:15b366b9fbd:-7fa9','RUL-5a2a6f0f:15b37b47575:-72e4','BILLITEM','treasury.facts.BillItem',1),('RC33115abb:15b366b9fbd:-7fb1','RC33115abb:15b366b9fbd:-7fb1','RUL-5a2a6f0f:15b37b47575:-72f5','BILLITEM','treasury.facts.BillItem',1),('RC33115abb:15b366b9fbd:-7fb9','RC33115abb:15b366b9fbd:-7fb9','RUL-5a2a6f0f:15b37b47575:-7306','BILLITEM','treasury.facts.BillItem',1),('RC33115abb:15b366b9fbd:-7fc1','RC33115abb:15b366b9fbd:-7fc1','RUL-5a2a6f0f:15b37b47575:-7317','BILLITEM','treasury.facts.BillItem',1),('RC33115abb:15b366b9fbd:-7fca','RC33115abb:15b366b9fbd:-7fca','RUL544e84a6:15b372b5faf:-782f','BILLITEM','treasury.facts.BillItem',1),('RC33115abb:15b366b9fbd:-7fd2','RC33115abb:15b366b9fbd:-7fd2','RUL544e84a6:15b372b5faf:-7959','BILLITEM','treasury.facts.BillItem',1),('RC33115abb:15b366b9fbd:-7fda','RC33115abb:15b366b9fbd:-7fda','RUL544e84a6:15b372b5faf:-7c53','BILLITEM','treasury.facts.BillItem',1),('RC33115abb:15b366b9fbd:-7fe2','RC33115abb:15b366b9fbd:-7fe2','RUL544e84a6:15b372b5faf:-7d4b','BILLITEM','treasury.facts.BillItem',1),('RC55c282cb:178f73dbaa2:-7ff9','RC55c282cb:178f73dbaa2:-7ff9','RUL79522df:178f7318fbf:-7a74','WT','workflow.facts.WfTaskResult',0),('RC73b3316:15bf60d669e:-7f94','RC73b3316:15bf60d669e:-7f94','RUL-181817d3:15bf4e3b890:-af9','BILLITEM','treasury.facts.BillItem',0),('RC73b3316:15bf60d669e:-7f9a','RC73b3316:15bf60d669e:-7f9a','RUL-181817d3:15bf4e3b890:-b2e','BILLITEM','treasury.facts.BillItem',0),('RC73b3316:15bf60d669e:-7fc4','RC73b3316:15bf60d669e:-7fc4','RUL-181817d3:15bf4e3b890:-d87','BILLITEM','treasury.facts.BillItem',0),('RC73b3316:15bf60d669e:-7fd6','RC73b3316:15bf60d669e:-7fd6','RUL-181817d3:15bf4e3b890:-10f2','BILLITEM','treasury.facts.BillItem',0),('RC73b3316:15bf60d669e:-7fe2','RC73b3316:15bf60d669e:-7fe2','RUL-181817d3:15bf4e3b890:-1103','BILLITEM','treasury.facts.BillItem',0),('RC73b3316:15bf60d669e:-7fee','RC73b3316:15bf60d669e:-7fee','RUL-181817d3:15bf4e3b890:-1114','BILLITEM','treasury.facts.BillItem',0),('RC78f669e8:178e3c7b70b:-7fd1','RC78f669e8:178e3c7b70b:-7fd1','RUL-c8891ba:178e3c52288:-683f','WD','workflow.facts.WfDecision',2),('RC78f669e8:178e3c7b70b:-7fd2','RC78f669e8:178e3c7b70b:-7fd2','RUL-c8891ba:178e3c52288:-683f','WINFO','workflow.facts.WfInfo',1),('RC78f669e8:178e3c7b70b:-7fd8','RC78f669e8:178e3c7b70b:-7fd8','RUL-c8891ba:178e3c52288:-6892','WINFO','workflow.facts.WfInfo',1),('RC78f669e8:178e3c7b70b:-7fdb','RC78f669e8:178e3c7b70b:-7fdb','RUL-c8891ba:178e3c52288:-6892','WD','workflow.facts.WfDecision',2),('RC7a7a989e:15b22fce173:-7fc2','RC7a7a989e:15b22fce173:-7fc2','RUL-41499999:15b23048395:-77db','BILLITEM','treasury.facts.BillItem',2),('RC7a7a989e:15b22fce173:-7fcc','RC7a7a989e:15b22fce173:-7fcc','RUL-41499999:15b23048395:-77ec','BILLITEM','treasury.facts.BillItem',2),('RC7a7a989e:15b22fce173:-7fd6','RC7a7a989e:15b22fce173:-7fd6','RUL-41499999:15b23048395:-77fd','BILLITEM','treasury.facts.BillItem',2),('RC7a7a989e:15b22fce173:-7ff2','RC7a7a989e:15b22fce173:-7ff2','RUL-41499999:15b23048395:-7d1e','BILLITEM','treasury.facts.BillItem',1),('RC7e71e841:1763d1170f8:-8000','RC7e71e841:1763d1170f8:-8000','RUL-40697891:1763cd25bb2:-1a91','BD','obo.facts.OboDocument',1),('RCC-10cfc191:15b48bf8d6b:-7fef','RC-10cfc191:15b48bf8d6b:-7ff0','RUL2e43f3c6:15b48c07f72:-78ea','UNIT','integer',1),('RCC-1b89c680:16a38f14701:-7e92','RC-1b89c680:16a38f14701:-7e93','RUL27db1036:16a38f07d48:-6e8b','UNIT','integer',1),('RCC-1b89c680:16a38f14701:-7f38','RC-1b89c680:16a38f14701:-7f39','RUL27db1036:16a38f07d48:-75b1','UNIT','integer',1),('RCC-1b89c680:16a38f14701:-7f41','RC-1b89c680:16a38f14701:-7f42','RUL27db1036:16a38f07d48:-75c2','STRUC','integer',1),('RCC-1b89c680:16a38f14701:-7f53','RC-1b89c680:16a38f14701:-7f54','RUL27db1036:16a38f07d48:-75e4','TERM','integer',1),('RCC-1b89c680:16a38f14701:-7f5c','RC-1b89c680:16a38f14701:-7f5d','RUL27db1036:16a38f07d48:-75f5','OUTLET','integer',1),('RCC-1b89c680:16a38f14701:-7f65','RC-1b89c680:16a38f14701:-7f66','RUL27db1036:16a38f07d48:-7606','UNIT','integer',1),('RCC-1b89c680:16a38f14701:-7f6e','RC-1b89c680:16a38f14701:-7f6f','RUL27db1036:16a38f07d48:-7617','LOC','integer',1),('RCC-1b89c680:16a38f14701:-7fb9','RC-1b89c680:16a38f14701:-7fba','RUL27db1036:16a38f07d48:-7952','PORT','integer',1),('RCC-3389760c:1763b5a1616:-7ffd','RC-3389760c:1763b5a1616:-7ffe','RUL7326c266:1763b5535c7:-7aa3','COST','decimal',0),('RCC-3394437b:16a4396e5cb:-7a74','RC-3394437b:16a4396e5cb:-7a76','RUL-4267ff2c:16a444aba70:-6950','SQM','decimal',1),('RCC-3394437b:16a4396e5cb:-7a93','RC-3394437b:16a4396e5cb:-7a94','RUL-4267ff2c:16a444aba70:-6a5e','SQM','decimal',1),('RCC-3394437b:16a4396e5cb:-7bd7','RC-3394437b:16a4396e5cb:-7bd9','RUL-4267ff2c:16a444aba70:-7b89','CUM','decimal',1),('RCC-3394437b:16a4396e5cb:-7c0f','RC-3394437b:16a4396e5cb:-7c10','RUL-4267ff2c:16a444aba70:-7d9d','SQM','decimal',1),('RCC-3394437b:16a4396e5cb:-7c8c','RC-3394437b:16a4396e5cb:-7c8e','RUL-7385ffbe:16a438b05b7:-5b9d','HEIGHT','decimal',1),('RCC-3394437b:16a4396e5cb:-7cab','RC-3394437b:16a4396e5cb:-7cac','RUL-7385ffbe:16a438b05b7:-5cab','HEIGHT','decimal',1),('RCC-3394437b:16a4396e5cb:-7e9b','RC-3394437b:16a4396e5cb:-7e9c','RUL-7385ffbe:16a438b05b7:-6f3a','HEIGHT','decimal',1),('RCC-3394437b:16a4396e5cb:-7eab','RC-3394437b:16a4396e5cb:-7eac','RUL-7385ffbe:16a438b05b7:-6f77','HEIGHT','decimal',1),('RCC-3394437b:16a4396e5cb:-7ebe','RC-3394437b:16a4396e5cb:-7ec0','RUL-7385ffbe:16a438b05b7:-6fb0','HEIGHT','decimal',1),('RCC-3394437b:16a4396e5cb:-7ed0','RC-3394437b:16a4396e5cb:-7ed2','RUL-7385ffbe:16a438b05b7:-6feb','HEIGHT','decimal',1),('RCC-3394437b:16a4396e5cb:-7eda','RC-3394437b:16a4396e5cb:-7edc','RUL-7385ffbe:16a438b05b7:-6ffc','HEIGHT','decimal',1),('RCC-3394437b:16a4396e5cb:-7ef5','RC-3394437b:16a4396e5cb:-7ef6','RUL-7385ffbe:16a438b05b7:-7085','HEIGHT','decimal',1),('RCC-39c9f5f6:16a4e3b1db2:-7fa1','RC-39c9f5f6:16a4e3b1db2:-7fa3','RUL-301ccfbb:16a4e3ad539:-7c37','CUM','decimal',1),('RCC-4dbf9d19:15bf4e01a24:-7fc7','RC-4dbf9d19:15bf4e01a24:-7fc8','RUL-181817d3:15bf4e3b890:-7862','AREA','decimal',1),('RCC-4dbf9d19:15bf4e01a24:-7fd4','RC-4dbf9d19:15bf4e01a24:-7fd5','RUL-181817d3:15bf4e3b890:-7873','AREA','decimal',1),('RCC-4dbf9d19:15bf4e01a24:-7fe1','RC-4dbf9d19:15bf4e01a24:-7fe2','RUL-181817d3:15bf4e3b890:-7abf','AREA','decimal',1),('RCC-4dbf9d19:15bf4e01a24:-7fee','RC-4dbf9d19:15bf4e01a24:-7fef','RUL-181817d3:15bf4e3b890:-7ad0','AREA','decimal',1),('RCC-52beabf2:15b3c40641b:-7fc1','RC-52beabf2:15b3c40641b:-7fc3','RUL-108b4192:15b3d234d5c:-698a','TON','decimal',1),('RCC-52beabf2:15b3c40641b:-7fcd','RC-52beabf2:15b3c40641b:-7fce','RUL-108b4192:15b3d234d5c:-6ad6','LNM','decimal',1),('RCC-52beabf2:15b3c40641b:-7fd6','RC-52beabf2:15b3c40641b:-7fd7','RUL-108b4192:15b3d234d5c:-6c55','KW','decimal',1),('RCC-52beabf2:15b3c40641b:-7fdd','RC-52beabf2:15b3c40641b:-7fde','RUL-108b4192:15b3d234d5c:-73c4','VAL','decimal',1),('RCC-53717d20:15b4db8478f:-7fcc','RC-53717d20:15b4db8478f:-7fcd','RUL4cf13b0:15b4dbc7b17:-78b3','UNIT','integer',1),('RCC-53717d20:15b4db8478f:-7fd5','RC-53717d20:15b4db8478f:-7fd6','RUL4cf13b0:15b4dbc7b17:-78c4','UNIT','integer',1),('RCC-53717d20:15b4db8478f:-7fde','RC-53717d20:15b4db8478f:-7fdf','RUL4cf13b0:15b4dbc7b17:-7d2e','UNIT','integer',1),('RCC-53717d20:15b4db8478f:-7fe8','RC-53717d20:15b4db8478f:-7fea','RUL4cf13b0:15b4dbc7b17:-7e4b','UNIT','integer',1),('RCC-53717d20:15b4db8478f:-7ff1','RC-53717d20:15b4db8478f:-7ff3','RUL4cf13b0:15b4dbc7b17:-7e5c','UNIT','integer',1),('RCC-59612f04:15b6c1c41a7:-7fc4','RC-59612f04:15b6c1c41a7:-7fc5','RUL6e008a5f:15b6c73a9f2:-71ec','CUM','decimal',1),('RCC-59612f04:15b6c1c41a7:-7fce','RC-59612f04:15b6c1c41a7:-7fd0','RUL6e008a5f:15b6c73a9f2:-721e','CUM','decimal',1),('RCC-59612f04:15b6c1c41a7:-7fda','RC-59612f04:15b6c1c41a7:-7fdb','RUL6e008a5f:15b6c73a9f2:-7250','CUM','decimal',1),('RCC-59612f04:15b6c1c41a7:-7fe4','RC-59612f04:15b6c1c41a7:-7fe6','RUL6e008a5f:15b6c73a9f2:-7ba0','CUM','decimal',1),('RCC-59612f04:15b6c1c41a7:-7ff0','RC-59612f04:15b6c1c41a7:-7ff1','RUL6e008a5f:15b6c73a9f2:-7bdf','CUM','decimal',1),('RCC-d96c4a7:15bf6365df9:-7fe1','RC-d96c4a7:15bf6365df9:-7fe3','RUL-181817d3:15bf4e3b890:-8e0','SQM','decimal',1),('RCC16c3fcb:16a3a19e4b9:-7a7a','RC16c3fcb:16a3a19e4b9:-7a7b','RUL59515aa4:16a3a32fa5e:-3fb8','CUM','decimal',1),('RCC16c3fcb:16a3a19e4b9:-7a86','RC16c3fcb:16a3a19e4b9:-7a87','RUL59515aa4:16a3a32fa5e:-3fec','CUM','decimal',1),('RCC16c3fcb:16a3a19e4b9:-7a97','RC16c3fcb:16a3a19e4b9:-7a99','RUL59515aa4:16a3a32fa5e:-4020','CUM','decimal',1),('RCC16c3fcb:16a3a19e4b9:-7acf','RC16c3fcb:16a3a19e4b9:-7ad1','RUL59515aa4:16a3a32fa5e:-41fd','CUM','decimal',1),('RCC16c3fcb:16a3a19e4b9:-7ad9','RC16c3fcb:16a3a19e4b9:-7adb','RUL59515aa4:16a3a32fa5e:-420e','CUM','decimal',1),('RCC16c3fcb:16a3a19e4b9:-7afc','RC16c3fcb:16a3a19e4b9:-7afd','RUL59515aa4:16a3a32fa5e:-43ab','CUM','decimal',1),('RCC16c3fcb:16a3a19e4b9:-7b27','RC16c3fcb:16a3a19e4b9:-7b28','RUL59515aa4:16a3a32fa5e:-4513','CUM','decimal',1),('RCC1cbabe6f:15bf507af61:-7fc8','RC1cbabe6f:15bf507af61:-7fca','RUL-181817d3:15bf4e3b890:-29cc','LNM','decimal',1),('RCC1cbabe6f:15bf507af61:-7fd4','RC1cbabe6f:15bf507af61:-7fd5','RUL-181817d3:15bf4e3b890:-2b06','LM','decimal',1),('RCC1cbabe6f:15bf507af61:-7fdc','RC1cbabe6f:15bf507af61:-7fde','RUL-181817d3:15bf4e3b890:-3079','SQM','decimal',1),('RCC1cbabe6f:15bf507af61:-7fe4','RC1cbabe6f:15bf507af61:-7fe5','RUL-181817d3:15bf4e3b890:-3186','CUM','decimal',1),('RCC1cbabe6f:15bf507af61:-7ff0','RC1cbabe6f:15bf507af61:-7ff2','RUL-181817d3:15bf4e3b890:-415b','CUM','decimal',1),('RCC28a83f44:15b74c946cb:-7f37','RC28a83f44:15b74c946cb:-7f39','RUL-50300c99:15b7626649d:-5330','CUM','decimal',1),('RCC28a83f44:15b74c946cb:-7f4c','RC28a83f44:15b74c946cb:-7f4d','RUL-50300c99:15b7626649d:-5807','SQM','decimal',1),('RCC28a83f44:15b74c946cb:-7f53','RC28a83f44:15b74c946cb:-7f54','RUL-50300c99:15b7626649d:-5c39','SQM','decimal',1),('RCC28a83f44:15b74c946cb:-7f5e','RC28a83f44:15b74c946cb:-7f5f','RUL-50300c99:15b7626649d:-66a4','SQM','decimal',1),('RCC28a83f44:15b74c946cb:-7f67','RC28a83f44:15b74c946cb:-7f68','RUL-50300c99:15b7626649d:-66b5','SQM','decimal',1),('RCC28a83f44:15b74c946cb:-7f70','RC28a83f44:15b74c946cb:-7f71','RUL-50300c99:15b7626649d:-66c6','SQM','decimal',1),('RCC28a83f44:15b74c946cb:-7f8c','RC28a83f44:15b74c946cb:-7f8e','RUL-50300c99:15b7626649d:-6cee','CUM','decimal',1),('RCC28a83f44:15b74c946cb:-7f98','RC28a83f44:15b74c946cb:-7f99','RUL-50300c99:15b7626649d:-6fe2','CUM','decimal',1),('RCC28a83f44:15b74c946cb:-7fa5','RC28a83f44:15b74c946cb:-7fa6','RUL-50300c99:15b7626649d:-7a5e','UNIT','integer',1),('RCC28a83f44:15b74c946cb:-7fb0','RC28a83f44:15b74c946cb:-7fb1','RUL-50300c99:15b7626649d:-7a6f','UNIT','integer',1),('RCC28a83f44:15b74c946cb:-7fc7','RC28a83f44:15b74c946cb:-7fc8','RUL3f65f585:15b74b1144b:-6ec2','M','decimal',1),('RCC28a83f44:15b74c946cb:-7fcd','RC28a83f44:15b74c946cb:-7fcf','RUL3f65f585:15b74b1144b:-6efb','M','decimal',1),('RCC28a83f44:15b74c946cb:-7fd8','RC28a83f44:15b74c946cb:-7fda','RUL3f65f585:15b74b1144b:-6f38','M','decimal',1),('RCC28a83f44:15b74c946cb:-7fe8','RC28a83f44:15b74c946cb:-7fe9','RUL3f65f585:15b74b1144b:-6f6a','M','decimal',1),('RCC28a83f44:15b74c946cb:-7ff3','RC28a83f44:15b74c946cb:-7ff4','RUL3f65f585:15b74b1144b:-6fbc','M','decimal',1),('RCc4c09e7:1763c343c65:-7ffb','RCc4c09e7:1763c343c65:-7ffb','RUL1b6db00d:1763c2807b2:-7731','BD','obo.facts.OboDocument',1),('RCc4c09e7:1763c343c65:-8000','RCc4c09e7:1763c343c65:-8000','RUL1b6db00d:1763c2807b2:-77d3','BD','obo.facts.OboDocument',1),('RCC73b3316:15bf60d669e:-7f8d','RC73b3316:15bf60d669e:-7f8f','RUL-181817d3:15bf4e3b890:-af9','SQM','decimal',1),('RCC73b3316:15bf60d669e:-7f9f','RC73b3316:15bf60d669e:-7fa0','RUL-181817d3:15bf4e3b890:-b2e','SQM','decimal',1),('RCC73b3316:15bf60d669e:-7fbd','RC73b3316:15bf60d669e:-7fbf','RUL-181817d3:15bf4e3b890:-d87','SQM','decimal',1),('RCC73b3316:15bf60d669e:-7fdb','RC73b3316:15bf60d669e:-7fdc','RUL-181817d3:15bf4e3b890:-10f2','SQM','decimal',1),('RCC73b3316:15bf60d669e:-7fe7','RC73b3316:15bf60d669e:-7fe8','RUL-181817d3:15bf4e3b890:-1103','SQM','decimal',1),('RCC73b3316:15bf60d669e:-7ff3','RC73b3316:15bf60d669e:-7ff4','RUL-181817d3:15bf4e3b890:-1114','SQM','decimal',1),('RCOND-108b4192:15b3d234d5c:-6f02','RCOND-108b4192:15b3d234d5c:-6f02','RUL-108b4192:15b3d234d5c:-6fd2','BILLITEM','treasury.facts.BillItem',0),('RCOND-108b4192:15b3d234d5c:-71fc','RCOND-108b4192:15b3d234d5c:-71fc','RUL-108b4192:15b3d234d5c:-72b4','BILLITEM','treasury.facts.BillItem',0),('RCOND-108b4192:15b3d234d5c:-7989','RCOND-108b4192:15b3d234d5c:-7989','RUL-108b4192:15b3d234d5c:-79d6','BILLITEM','treasury.facts.BillItem',0),('RCOND-108b4192:15b3d234d5c:-7bb0','RCOND-108b4192:15b3d234d5c:-7bb0','RUL-108b4192:15b3d234d5c:-7bfd','BILLITEM','treasury.facts.BillItem',0),('RCOND-155dc47b:178d95f173e:-7d1a','RCOND-155dc47b:178d95f173e:-7d1a','RUL15a848a4:178ce76b7fe:-6255','WT','workflow.facts.WfTaskResult',1),('RCOND-15c23d77:1706680029a:-7e26','RCOND-15c23d77:1706680029a:-7e26','RUL3b31d1e8:16a5826cfa5:-72a3','BILLITEM','treasury.facts.BillItem',2),('RCOND-181817d3:15bf4e3b890:-147b','RCOND-181817d3:15bf4e3b890:-147b','RUL-181817d3:15bf4e3b890:-14ca','BILLITEM','treasury.facts.BillItem',0),('RCOND-181817d3:15bf4e3b890:-19c4','RCOND-181817d3:15bf4e3b890:-19c4','RUL-181817d3:15bf4e3b890:-1a11','BILLITEM','treasury.facts.BillItem',0),('RCOND-181817d3:15bf4e3b890:-1bde','RCOND-181817d3:15bf4e3b890:-1bde','RUL-181817d3:15bf4e3b890:-1cec','BILLITEM','treasury.facts.BillItem',1),('RCOND-181817d3:15bf4e3b890:-2178','RCOND-181817d3:15bf4e3b890:-2178','RUL-181817d3:15bf4e3b890:-21c5','BILLITEM','treasury.facts.BillItem',0),('RCOND-181817d3:15bf4e3b890:-272c','RCOND-181817d3:15bf4e3b890:-272c','RUL-181817d3:15bf4e3b890:-27e7','BILLITEM','treasury.facts.BillItem',0),('RCOND-181817d3:15bf4e3b890:-2cb9','RCOND-181817d3:15bf4e3b890:-2cb9','RUL-181817d3:15bf4e3b890:-2d08','BILLITEM','treasury.facts.BillItem',0),('RCOND-181817d3:15bf4e3b890:-3260','RCOND-181817d3:15bf4e3b890:-3260','RUL-181817d3:15bf4e3b890:-3397','BILLITEM','treasury.facts.BillItem',1),('RCOND-181817d3:15bf4e3b890:-3a97','RCOND-181817d3:15bf4e3b890:-3a97','RUL-181817d3:15bf4e3b890:-3cc8','BILLITEM','treasury.facts.BillItem',0),('RCOND-2287b2ad:1701dc18f22:-7572','RCOND-2287b2ad:1701dc18f22:-7572','RUL-7385ffbe:16a438b05b7:-7cab','BD','obo.facts.BuildingSubdoc',3),('RCOND-2287b2ad:1701dc18f22:-775e','RCOND-2287b2ad:1701dc18f22:-775e','RUL-29595738:16a4fbe79ee:-7ef1','BD','obo.facts.BuildingSubdoc',3),('RCOND-2287b2ad:1701dc18f22:-7854','RCOND-2287b2ad:1701dc18f22:-7854','RUL-29595738:16a4fbe79ee:-7de3','BD','obo.facts.BuildingSubdoc',3),('RCOND-2287b2ad:1701dc18f22:-794a','RCOND-2287b2ad:1701dc18f22:-794a','RUL-29595738:16a4fbe79ee:-7d01','BD','obo.facts.BuildingSubdoc',3),('RCOND-2287b2ad:1701dc18f22:-7a40','RCOND-2287b2ad:1701dc18f22:-7a40','RUL-29595738:16a4fbe79ee:-7bd1','BD','obo.facts.BuildingSubdoc',3),('RCOND-2287b2ad:1701dc18f22:-7c15','RCOND-2287b2ad:1701dc18f22:-7c15','RUL-29595738:16a4fbe79ee:-79fe','BD','obo.facts.BuildingSubdoc',3),('RCOND-263a2c10:17969526f5a:-6e90','RCOND-263a2c10:17969526f5a:-6e90','RUL-263a2c10:17969526f5a:-6eca','WT','workflow.facts.WfTaskResult',0),('RCOND-2fbca757:15bf25c4add:-7625','RCOND-2fbca757:15bf25c4add:-7625','RUL-2fbca757:15bf25c4add:-7b95','BILLITEM','treasury.facts.BillItem',2),('RCOND-2fbca757:15bf25c4add:-770f','RCOND-2fbca757:15bf25c4add:-770f','RUL-2fbca757:15bf25c4add:-7bbe','BILLITEM','treasury.facts.BillItem',2),('RCOND-2ff927e8:17926057293:-780f','RCOND-2ff927e8:17926057293:-780f','RUL-2ff927e8:17926057293:-7974','RPU','obo.facts.RpuEntry',0),('RCOND-364c55f2:1763c44119c:-10dc','RCOND-364c55f2:1763c44119c:-10dc','RUL-364c55f2:1763c44119c:-115d','DOC','obo.facts.OboDocument',0),('RCOND-364c55f2:1763c44119c:-4c4d','RCOND-364c55f2:1763c44119c:-4c4d','RUL-364c55f2:1763c44119c:-4ccc','DOC','obo.facts.OboDocument',0),('RCOND-40697891:1763cd25bb2:-3290','RCOND-40697891:1763cd25bb2:-3290','RUL-40697891:1763cd25bb2:-330f','DOC','obo.facts.OboDocument',0),('RCOND-40697891:1763cd25bb2:-33c7','RCOND-40697891:1763cd25bb2:-33c7','RUL-181817d3:15bf4e3b890:-357d','DOC','obo.facts.OboDocument',2),('RCOND-40697891:1763cd25bb2:-7ac8','RCOND-40697891:1763cd25bb2:-7ac8','RUL-40697891:1763cd25bb2:-7b81','DOC','obo.facts.OboDocument',0),('RCOND-412b6ac3:17060a030aa:-7c65','RCOND-412b6ac3:17060a030aa:-7c65','RUL-412b6ac3:17060a030aa:-7ccb','BD','obo.facts.BuildingSubdoc',0),('RCOND-41499999:15b23048395:-7df2','RCOND-41499999:15b23048395:-7df2','RUL-41499999:15b23048395:-7ed8','BILLITEM','treasury.facts.BillItem',1),('RCOND-41516f3a:178f3866074:-7638','RCOND-41516f3a:178f3866074:-7638','RUL-41516f3a:178f3866074:-76be','DOC','obo.facts.OboDocument',0),('RCOND-4267ff2c:16a444aba70:-6bde','RCOND-4267ff2c:16a444aba70:-6bde','RUL-4267ff2c:16a444aba70:-6d3b','BILLITEM','treasury.facts.BillItem',1),('RCOND-497dd1bf:15b6a2553bf:-77f2','RCOND-497dd1bf:15b6a2553bf:-77f2','RUL-497dd1bf:15b6a2553bf:-783f','BILLITEM','treasury.facts.BillItem',0),('RCOND-50300c99:15b7626649d:-59b5','RCOND-50300c99:15b7626649d:-59b5','RUL-50300c99:15b7626649d:-5a02','BILLITEM','treasury.facts.BillItem',0),('RCOND-50300c99:15b7626649d:-73ec','RCOND-50300c99:15b7626649d:-73ec','RUL-50300c99:15b7626649d:-7440','BILLITEM','treasury.facts.BillItem',0),('RCOND-50300c99:15b7626649d:-7759','RCOND-50300c99:15b7626649d:-7759','RUL-50300c99:15b7626649d:-77a6','BILLITEM','treasury.facts.BillItem',0),('RCOND-50300c99:15b7626649d:-7d8d','RCOND-50300c99:15b7626649d:-7d8d','RUL-50300c99:15b7626649d:-7ebc','BILLITEM','treasury.facts.BillItem',1),('RCOND-580c0202:1796dc1fd5f:-7e19','RCOND-580c0202:1796dc1fd5f:-7e19','RUL-580c0202:1796dc1fd5f:-7e53','WT','workflow.facts.WfTaskResult',0),('RCOND-5b99cee3:1763b4d0bec:-7a45','RCOND-5b99cee3:1763b4d0bec:-7a45','RUL-5b99cee3:1763b4d0bec:-7b11','DOC','obo.facts.OboDocument',0),('RCOND-64949ac3:17987dbd3a5:-7641','RCOND-64949ac3:17987dbd3a5:-7641','RUL-64949ac3:17987dbd3a5:-76d0','DOC','obo.facts.OboDocument',0),('RCOND-64949ac3:17987dbd3a5:-7b18','RCOND-64949ac3:17987dbd3a5:-7b18','RUL-64949ac3:17987dbd3a5:-7ba5','DOC','obo.facts.OboDocument',0),('RCOND-7385ffbe:16a438b05b7:-5f5a','RCOND-7385ffbe:16a438b05b7:-5f5a','RUL-7385ffbe:16a438b05b7:-5fc5','BILLITEM','treasury.facts.BillItem',0),('RCOND-7385ffbe:16a438b05b7:-741b','RCOND-7385ffbe:16a438b05b7:-741b','RUL-7385ffbe:16a438b05b7:-7482','BILLITEM','treasury.facts.BillItem',0),('RCOND-7c07cdf9:16a4d035b31:-781e','RCOND-7c07cdf9:16a4d035b31:-781e','RUL-181817d3:15bf4e3b890:-357d','BILLITEM','treasury.facts.BillItem',1),('RCOND-bff0b01:1763bb6a5a1:-59c1','RCOND-bff0b01:1763bb6a5a1:-59c1','RUL482f4d8b:17635283290:-7dcd','DOC','obo.facts.OboDocument',1),('RCOND-c8891ba:178e3c52288:-64fe','RCOND-c8891ba:178e3c52288:-64fe','RUL-c8891ba:178e3c52288:-66aa','WT','workflow.facts.WfTransition',0),('RCOND1b6db00d:1763c2807b2:-7b7e','RCOND1b6db00d:1763c2807b2:-7b7e','RUL67dafb9:15b5100218a:-7bbc','DOC','obo.facts.OboDocument',2),('RCOND36ece640:15b3cf0a031:-774c','RCOND36ece640:15b3cf0a031:-774c','RUL36ece640:15b3cf0a031:-779a','BILLITEM','treasury.facts.BillItem',0),('RCOND3b31d1e8:16a5826cfa5:-7c8d','RCOND3b31d1e8:16a5826cfa5:-7c8d','RUL-75b995c:15b18c6b9a6:-7087','APP','obo.facts.BuildingApplication',3),('RCOND3b3fed41:16bdd640b5c:-74b1','RCOND3b3fed41:16bdd640b5c:-74b1','RUL3b3fed41:16bdd640b5c:-74d3','APP','obo.facts.BuildingApplication',0),('RCOND3f65f585:15b74b1144b:-5f56','RCOND3f65f585:15b74b1144b:-5f56','RUL3f65f585:15b74b1144b:-5fa3','BILLITEM','treasury.facts.BillItem',0),('RCOND3f65f585:15b74b1144b:-6129','RCOND3f65f585:15b74b1144b:-6129','RUL3f65f585:15b74b1144b:-61c9','BILLITEM','treasury.facts.BillItem',0),('RCOND3f65f585:15b74b1144b:-6349','RCOND3f65f585:15b74b1144b:-6349','RUL3f65f585:15b74b1144b:-6396','BILLITEM','treasury.facts.BillItem',0),('RCOND3f65f585:15b74b1144b:-6567','RCOND3f65f585:15b74b1144b:-6567','RUL3f65f585:15b74b1144b:-65b4','BILLITEM','treasury.facts.BillItem',0),('RCOND3f65f585:15b74b1144b:-7253','RCOND3f65f585:15b74b1144b:-7253','RUL3f65f585:15b74b1144b:-73aa','BILLITEM','treasury.facts.BillItem',1),('RCOND3f65f585:15b74b1144b:-75fa','RCOND3f65f585:15b74b1144b:-75fa','RUL3f65f585:15b74b1144b:-7647','BILLITEM','treasury.facts.BillItem',0),('RCOND4404e751:1701e755e4b:-7a23','RCOND4404e751:1701e755e4b:-7a23','RUL55d9e7c7:16a3522d159:-7c8e','BD','obo.facts.BuildingSubdoc',1),('RCOND4404e751:1701e755e4b:-7e00','RCOND4404e751:1701e755e4b:-7e00','RUL-108b4192:15b3d234d5c:-67b1','BD','obo.facts.BuildingSubdoc',1),('RCOND482f4d8b:17635283290:-78ea','RCOND482f4d8b:17635283290:-78ea','RUL482f4d8b:17635283290:-7a18','BILLITEM','treasury.facts.BillItem',0),('RCOND48d65dac:169e67264db:-7ec5','RCOND48d65dac:169e67264db:-7ec5','RUL-75b995c:15b18c6b9a6:-73a0','APP','obo.facts.BuildingApplication',2),('RCOND4d067882:1701e80e652:-7320','RCOND4d067882:1701e80e652:-7320','RUL-46ef70e6:15b192ccb94:-7783','BD','obo.facts.OboDocument',2),('RCOND4d067882:1701e80e652:-7511','RCOND4d067882:1701e80e652:-7511','RUL-75b995c:15b18c6b9a6:-6dbc','BD','obo.facts.OboDocument',2),('RCOND4d067882:1701e80e652:-760e','RCOND4d067882:1701e80e652:-760e','RUL-46ef70e6:15b192ccb94:-78f4','BD','obo.facts.OboDocument',2),('RCOND4d067882:1701e80e652:-77af','RCOND4d067882:1701e80e652:-77af','RUL-46ef70e6:15b192ccb94:-755f','BD','obo.facts.OboDocument',2),('RCOND4d067882:1701e80e652:-79e8','RCOND4d067882:1701e80e652:-79e8','RUL-181817d3:15bf4e3b890:-73e2','BD','obo.facts.BuildingSubdoc',2),('RCOND4e513a84:15b291a0165:-7eba','RCOND4e513a84:15b291a0165:-7eba','RUL4e513a84:15b291a0165:-7eee','BILLITEM','treasury.facts.BillItem',0),('RCOND51c2b1c4:15b69a42d57:-779f','RCOND51c2b1c4:15b69a42d57:-779f','RUL51c2b1c4:15b69a42d57:-7855','BILLITEM','treasury.facts.BillItem',0),('RCOND53dfe0fc:178d9b96507:-7656','RCOND53dfe0fc:178d9b96507:-7656','RUL53dfe0fc:178d9b96507:-7b1a','WINFO','workflow.facts.WfInfo',1),('RCOND53dfe0fc:178d9b96507:-77f3','RCOND53dfe0fc:178d9b96507:-77f3','RUL53dfe0fc:178d9b96507:-7b1a','WD','workflow.facts.WfDecision',1),('RCOND544e84a6:15b372b5faf:-7e18','RCOND544e84a6:15b372b5faf:-7e18','RUL-26004fad:15b36e43946:-7e78','BILLITEM','treasury.facts.BillItem',1),('RCOND59515aa4:16a3a32fa5e:-4696','RCOND59515aa4:16a3a32fa5e:-4696','RUL59515aa4:16a3a32fa5e:-6790','BILLITEM','treasury.facts.BillItem',1),('RCOND59515aa4:16a3a32fa5e:-5f34','RCOND59515aa4:16a3a32fa5e:-5f34','RUL59515aa4:16a3a32fa5e:-7883','BILLITEM','treasury.facts.BillItem',2),('RCOND59515aa4:16a3a32fa5e:-6012','RCOND59515aa4:16a3a32fa5e:-6012','RUL59515aa4:16a3a32fa5e:-782e','BILLITEM','treasury.facts.BillItem',2),('RCOND59515aa4:16a3a32fa5e:-60f0','RCOND59515aa4:16a3a32fa5e:-60f0','RUL59515aa4:16a3a32fa5e:-77fa','BILLITEM','treasury.facts.BillItem',2),('RCOND59515aa4:16a3a32fa5e:-61ce','RCOND59515aa4:16a3a32fa5e:-61ce','RUL59515aa4:16a3a32fa5e:-77c6','BILLITEM','treasury.facts.BillItem',2),('RCOND59515aa4:16a3a32fa5e:-62ac','RCOND59515aa4:16a3a32fa5e:-62ac','RUL59515aa4:16a3a32fa5e:-7792','BILLITEM','treasury.facts.BillItem',2),('RCOND59515aa4:16a3a32fa5e:-63aa','RCOND59515aa4:16a3a32fa5e:-63aa','RUL59515aa4:16a3a32fa5e:-775e','BILLITEM','treasury.facts.BillItem',2),('RCOND5c26d02a:178f398c3aa:-6ead','RCOND5c26d02a:178f398c3aa:-6ead','RUL5c26d02a:178f398c3aa:-6f0c','WT','workflow.facts.WfTaskResult',0),('RCOND5c26d02a:178f398c3aa:-75ec','RCOND5c26d02a:178f398c3aa:-75ec','RUL5c26d02a:178f398c3aa:-7d10','WT','workflow.facts.WfTransition',1),('RCOND67f85531:15b22c52b19:-78f7','RCOND67f85531:15b22c52b19:-78f7','RUL67f85531:15b22c52b19:-7925','BILLITEM','treasury.facts.BillItem',0),('RCOND6e008a5f:15b6c73a9f2:-7e16','RCOND6e008a5f:15b6c73a9f2:-7e16','RUL6e008a5f:15b6c73a9f2:-7e6e','BILLITEM','treasury.facts.BillItem',0),('RCOND6e49d4a7:178df84116c:-7c75','RCOND6e49d4a7:178df84116c:-7c75','RUL6e49d4a7:178df84116c:-7dbb','WT','workflow.facts.WfTaskResult',0),('RCOND7326c266:1763b5535c7:-7443','RCOND7326c266:1763b5535c7:-7443','RUL7326c266:1763b5535c7:-7719','BILLITEM','treasury.facts.BillItem',2),('RCOND7326c266:1763b5535c7:-750f','RCOND7326c266:1763b5535c7:-750f','RUL7326c266:1763b5535c7:-7719','DOC','obo.facts.OboDocument',1),('RCOND7326c266:1763b5535c7:-7674','RCOND7326c266:1763b5535c7:-7674','RUL7326c266:1763b5535c7:-7719','FIREFEE','treasury.facts.BillItem',0),('RCOND75928924:15b1d4d1c53:-7328','RCOND75928924:15b1d4d1c53:-7328','RUL6a083481:15b1d42e454:-7e47','BILLITEM','treasury.facts.BillItem',1),('RCOND79522df:178f7318fbf:-78a2','RCOND79522df:178f7318fbf:-78a2','RUL79522df:178f7318fbf:-79c9','WT','workflow.facts.WfTaskResult',0),('RCOND7c39e053:1763abc2c56:-6e27','RCOND7c39e053:1763abc2c56:-6e27','RUL67dafb9:15b5100218a:-7bcd','DOC','obo.facts.OboDocument',3),('RCOND7c39e053:1763abc2c56:-7497','RCOND7c39e053:1763abc2c56:-7497','RUL67dafb9:15b5100218a:-7bde','DOC','obo.facts.OboDocument',2),('RCOND7c39e053:1763abc2c56:-78d6','RCOND7c39e053:1763abc2c56:-78d6','RUL67dafb9:15b5100218a:-7bef','DOC','obo.facts.OboDocument',3),('RCOND7c39e053:1763abc2c56:-7ade','RCOND7c39e053:1763abc2c56:-7ade','RUL67dafb9:15b5100218a:-7ea4','DOC','obo.facts.OboDocument',2),('RCOND7c878a78:178fdeed45e:-7a3a','RCOND7c878a78:178fdeed45e:-7a3a','RUL7c878a78:178fdeed45e:-7a74','WT','workflow.facts.WfTaskResult',0),('RCOND7c878a78:178fdeed45e:-7d77','RCOND7c878a78:178fdeed45e:-7d77','RUL7c878a78:178fdeed45e:-7db9','WT','workflow.facts.WfTransition',0),('RCONDa4090ca:178e495ba55:-7ad2','RCONDa4090ca:178e495ba55:-7ad2','RULa4090ca:178e495ba55:-7b0a','WT','workflow.facts.WfTaskResult',0),('RCONDb3b305a:176400527ad:-68f0','RCONDb3b305a:176400527ad:-68f0','RULb3b305a:176400527ad:-6969','BILLITEM','treasury.facts.BillItem',0),('RCONST-108b4192:15b3d234d5c:-6e04','RCOND-108b4192:15b3d234d5c:-6e4b','RUL-108b4192:15b3d234d5c:-6fd2','CUM','decimal',1),('RCONST-108b4192:15b3d234d5c:-713a','RCOND-108b4192:15b3d234d5c:-7181','RUL-108b4192:15b3d234d5c:-72b4','KW','decimal',1),('RCONST-108b4192:15b3d234d5c:-78a9','RCOND-108b4192:15b3d234d5c:-78f2','RUL-108b4192:15b3d234d5c:-79d6','UNIT','integer',1),('RCONST-108b4192:15b3d234d5c:-7aea','RCOND-108b4192:15b3d234d5c:-7b31','RUL-108b4192:15b3d234d5c:-7bfd','OUTLET','integer',1),('RCONST-15c23d77:1706680029a:-7d8f','RCOND-15c23d77:1706680029a:-7e26','RUL3b31d1e8:16a5826cfa5:-72a3','AMT','decimal',1),('RCONST-181817d3:15bf4e3b890:-126e','RCOND-181817d3:15bf4e3b890:-12b7','RUL-181817d3:15bf4e3b890:-14ca','SQM','decimal',1),('RCONST-181817d3:15bf4e3b890:-18d7','RCOND-181817d3:15bf4e3b890:-191e','RUL-181817d3:15bf4e3b890:-1a11','SQM','decimal',1),('RCONST-181817d3:15bf4e3b890:-1c52','RCOND-181817d3:15bf4e3b890:-1c99','RUL-181817d3:15bf4e3b890:-1cec','LNM','decimal',1),('RCONST-181817d3:15bf4e3b890:-1fcf','RCOND-181817d3:15bf4e3b890:-2016','RUL-181817d3:15bf4e3b890:-21c5','SQM','decimal',1),('RCONST-181817d3:15bf4e3b890:-2083','RCOND-181817d3:15bf4e3b890:-20cb','RUL-181817d3:15bf4e3b890:-21c5','MONTHS','integer',1),('RCONST-181817d3:15bf4e3b890:-264b','RCOND-181817d3:15bf4e3b890:-2692','RUL-181817d3:15bf4e3b890:-27e7','SQM','decimal',1),('RCONST-181817d3:15bf4e3b890:-2bdf','RCOND-181817d3:15bf4e3b890:-2c28','RUL-181817d3:15bf4e3b890:-2d08','LNM','decimal',1),('RCONST-181817d3:15bf4e3b890:-32fb','RCOND-181817d3:15bf4e3b890:-3344','RUL-181817d3:15bf4e3b890:-3397','CUM','decimal',1),('RCONST-181817d3:15bf4e3b890:-38a0','RCOND-181817d3:15bf4e3b890:-38e9','RUL-181817d3:15bf4e3b890:-3cc8','METER','decimal',1),('RCONST-2fbca757:15bf25c4add:-6694','RCOND-2fbca757:15bf25c4add:-6723','RUL-2fbca757:15bf25c4add:-7bbe','AREA','decimal',1),('RCONST-2fbca757:15bf25c4add:-68bf','RCOND-2fbca757:15bf25c4add:-6932','RUL-2fbca757:15bf25c4add:-7b95','AREA','decimal',1),('RCONST-412b6ac3:17060a030aa:-7b71','RCOND-412b6ac3:17060a030aa:-7bcb','RUL-412b6ac3:17060a030aa:-7ccb','UNIT','integer',1),('RCONST-4267ff2c:16a444aba70:-589b','RCOND-4267ff2c:16a444aba70:-592c','RUL59515aa4:16a3a32fa5e:-6790','HEIGHT','decimal',1),('RCONST-4267ff2c:16a444aba70:-58f0','RCOND-4267ff2c:16a444aba70:-592c','RUL59515aa4:16a3a32fa5e:-6790','AREA','decimal',0),('RCONST-4267ff2c:16a444aba70:-5f34','RC-3394437b:16a4396e5cb:-7b36','RUL-4267ff2c:16a444aba70:-7493','CUM','decimal',2),('RCONST-4267ff2c:16a444aba70:-613c','RC-3394437b:16a4396e5cb:-7b29','RUL-4267ff2c:16a444aba70:-744a','CUM','decimal',2),('RCONST-4267ff2c:16a444aba70:-6c60','RCOND-4267ff2c:16a444aba70:-6cd2','RUL-4267ff2c:16a444aba70:-6d3b','SQM','decimal',1),('RCONST-4267ff2c:16a444aba70:-6e09','RCOND-4267ff2c:16a444aba70:-6eb7','RUL-4267ff2c:16a444aba70:-6f9a','CUM','decimal',1),('RCONST-4267ff2c:16a444aba70:-70e9','RCOND-4267ff2c:16a444aba70:-7151','RUL-4267ff2c:16a444aba70:-7247','UNIT','integer',1),('RCONST-497dd1bf:15b6a2553bf:-771c','RCOND-497dd1bf:15b6a2553bf:-7763','RUL-497dd1bf:15b6a2553bf:-783f','CUM','decimal',1),('RCONST-50300c99:15b7626649d:-559f','RCOND-50300c99:15b7626649d:-55e9','RUL-50300c99:15b7626649d:-56a6','UNIT','integer',1),('RCONST-50300c99:15b7626649d:-58e2','RCOND-50300c99:15b7626649d:-592b','RUL-50300c99:15b7626649d:-5a02','SQM','decimal',1),('RCONST-50300c99:15b7626649d:-623a','RCOND-50300c99:15b7626649d:-6283','RUL-50300c99:15b7626649d:-6710','SQM','decimal',1),('RCONST-50300c99:15b7626649d:-730b','RCOND-50300c99:15b7626649d:-7355','RUL-50300c99:15b7626649d:-7440','CUM','decimal',1),('RCONST-50300c99:15b7626649d:-7601','RCOND-50300c99:15b7626649d:-7649','RUL-50300c99:15b7626649d:-77a6','CUM','decimal',1),('RCONST-50300c99:15b7626649d:-7b32','RCOND-50300c99:15b7626649d:-7b79','RUL-50300c99:15b7626649d:-7ebc','UNIT','integer',1),('RCONST-64949ac3:17987dbd3a5:-7451','RCOND-64949ac3:17987dbd3a5:-7491','RUL-64949ac3:17987dbd3a5:-76d0','PROJCOST','decimal',0),('RCONST-64949ac3:17987dbd3a5:-78b6','RCOND-64949ac3:17987dbd3a5:-7937','RUL-64949ac3:17987dbd3a5:-7ba5','PROJCOST','decimal',0),('RCONST-7385ffbe:16a438b05b7:-5e33','RCOND-7385ffbe:16a438b05b7:-5e9b','RUL-7385ffbe:16a438b05b7:-5fc5','HEIGHT','decimal',1),('RCONST-7385ffbe:16a438b05b7:-72ea','RCOND-7385ffbe:16a438b05b7:-7352','RUL-7385ffbe:16a438b05b7:-7482','SQM','decimal',1),('RCONST2017e4e8:16e5e7415f5:-79d0','RCOND2017e4e8:16e5e7415f5:-7a19','RUL-70eb32d:16c2d244c23:-7a5e','BYOWNER','integer',1),('RCONST2017e4e8:16e5e7415f5:-7a03','RCOND2017e4e8:16e5e7415f5:-7a19','RUL-70eb32d:16c2d244c23:-7a5e','TOTAL','integer',0),('RCONST36ece640:15b3cf0a031:-7667','RCOND36ece640:15b3cf0a031:-76c3','RUL36ece640:15b3cf0a031:-779a','KW','decimal',1),('RCONST36ece640:15b3cf0a031:-7a48','RCOND36ece640:15b3cf0a031:-7a90','RUL10bc2a9b:15b3805d39e:-6ef4','HEAD','integer',1),('RCONST36ece640:15b3cf0a031:-7b50','RCOND36ece640:15b3cf0a031:-7b97','RUL10bc2a9b:15b3805d39e:-6f05','KW','decimal',1),('RCONST36ece640:15b3cf0a031:-7c91','RCOND36ece640:15b3cf0a031:-7cd8','RUL10bc2a9b:15b3805d39e:-6f74','UNIT','integer',1),('RCONST3b31d1e8:16a5826cfa5:-7b8b','RCOND48d65dac:169e67264db:-7ec5','RUL-75b995c:15b18c6b9a6:-73a0','AREA','decimal',1),('RCONST3b31d1e8:16a5826cfa5:-7c46','RCOND3b31d1e8:16a5826cfa5:-7c8d','RUL-75b995c:15b18c6b9a6:-7087','AREA','decimal',0),('RCONST3b3fed41:16bdd640b5c:-746a','RCOND3b3fed41:16bdd640b5c:-74b1','RUL3b3fed41:16bdd640b5c:-74d3','AREA','decimal',0),('RCONST3f65f585:15b74b1144b:-5dca','RCOND3f65f585:15b74b1144b:-5e11','RUL3f65f585:15b74b1144b:-5fa3','AREA','decimal',1),('RCONST3f65f585:15b74b1144b:-6054','RCOND3f65f585:15b74b1144b:-609b','RUL3f65f585:15b74b1144b:-61c9','HEIGHT','decimal',1),('RCONST3f65f585:15b74b1144b:-6278','RCOND3f65f585:15b74b1144b:-62bf','RUL3f65f585:15b74b1144b:-6396','HEIGHT','decimal',1),('RCONST3f65f585:15b74b1144b:-6473','RCOND3f65f585:15b74b1144b:-64dd','RUL3f65f585:15b74b1144b:-65b4','HEIGHT','decimal',1),('RCONST3f65f585:15b74b1144b:-7151','RCOND3f65f585:15b74b1144b:-71c9','RUL3f65f585:15b74b1144b:-73aa','M','decimal',1),('RCONST3f65f585:15b74b1144b:-7528','RCOND3f65f585:15b74b1144b:-756f','RUL3f65f585:15b74b1144b:-7647','SQM','decimal',1),('RCONST482f4d8b:17635283290:-6fbc','RCOND482f4d8b:17635283290:-70b7','RUL482f4d8b:17635283290:-7a18','COST','decimal',1),('RCONST4cf13b0:15b4dbc7b17:-755d','RCOND4cf13b0:15b4dbc7b17:-75c5','RUL4cf13b0:15b4dbc7b17:-769d','CUM','decimal',1),('RCONST51c2b1c4:15b69a42d57:-7555','RCOND51c2b1c4:15b69a42d57:-7630','RUL51c2b1c4:15b69a42d57:-7855','CUM','decimal',1),('RCONST59515aa4:16a3a32fa5e:-6c9a','RCOND59515aa4:16a3a32fa5e:-6d02','RUL59515aa4:16a3a32fa5e:-7883','AREA','decimal',1),('RCONST59515aa4:16a3a32fa5e:-6e00','RCOND59515aa4:16a3a32fa5e:-6e68','RUL59515aa4:16a3a32fa5e:-782e','AREA','decimal',1),('RCONST59515aa4:16a3a32fa5e:-6f63','RCOND59515aa4:16a3a32fa5e:-6fcb','RUL59515aa4:16a3a32fa5e:-77fa','AREA','decimal',1),('RCONST59515aa4:16a3a32fa5e:-7154','RCOND59515aa4:16a3a32fa5e:-71bc','RUL59515aa4:16a3a32fa5e:-77c6','AREA','decimal',1),('RCONST59515aa4:16a3a32fa5e:-72f2','RCOND59515aa4:16a3a32fa5e:-735a','RUL59515aa4:16a3a32fa5e:-7792','AREA','decimal',1),('RCONST59515aa4:16a3a32fa5e:-74ed','RCOND59515aa4:16a3a32fa5e:-7555','RUL59515aa4:16a3a32fa5e:-775e','AREA','decimal',1),('RCONST6cc4d33e:15b3c1e2e72:-4b93','RCOND6cc4d33e:15b3c1e2e72:-4bda','RUL4e513a84:15b291a0165:-7eee','KW','decimal',1),('RCONST6cc4d33e:15b3c1e2e72:-4cf8','RCOND6cc4d33e:15b3c1e2e72:-4d55','RUL6cc4d33e:15b3c1e2e72:-4e7a','UNIT','integer',1),('RCONST6cc4d33e:15b3c1e2e72:-4f5a','RCOND6cc4d33e:15b3c1e2e72:-4fa2','RUL10bc2a9b:15b3805d39e:-7cd0','UNIT','integer',1),('RCONST6cc4d33e:15b3c1e2e72:-50b2','RCOND6cc4d33e:15b3c1e2e72:-50f9','RUL10bc2a9b:15b3805d39e:-7ce1','UNIT','integer',1),('RCONST6cc4d33e:15b3c1e2e72:-51f4','RCOND6cc4d33e:15b3c1e2e72:-523d','RUL-5a2a6f0f:15b37b47575:-72c2','LNM','decimal',1),('RCONST6cc4d33e:15b3c1e2e72:-52f1','RCOND6cc4d33e:15b3c1e2e72:-5338','RUL-5a2a6f0f:15b37b47575:-72d3','KW','decimal',1),('RCONST6cc4d33e:15b3c1e2e72:-545e','RCOND6cc4d33e:15b3c1e2e72:-54dc','RUL-5a2a6f0f:15b37b47575:-72e4','LNM','decimal',1),('RCONST6cc4d33e:15b3c1e2e72:-5599','RCOND6cc4d33e:15b3c1e2e72:-55e0','RUL-5a2a6f0f:15b37b47575:-72f5','KW','decimal',1),('RCONST6cc4d33e:15b3c1e2e72:-5746','RCOND6cc4d33e:15b3c1e2e72:-578f','RUL-5a2a6f0f:15b37b47575:-7306','LNM','decimal',1),('RCONST6cc4d33e:15b3c1e2e72:-5856','RCOND6cc4d33e:15b3c1e2e72:-589d','RUL-5a2a6f0f:15b37b47575:-7317','KW','decimal',1),('RCONST6cc4d33e:15b3c1e2e72:-5a45','RCOND6cc4d33e:15b3c1e2e72:-5a98','RUL544e84a6:15b372b5faf:-782f','KW','decimal',1),('RCONST6cc4d33e:15b3c1e2e72:-5bd0','RCOND6cc4d33e:15b3c1e2e72:-5c17','RUL544e84a6:15b372b5faf:-7959','UNITS','integer',1),('RCONST6cc4d33e:15b3c1e2e72:-5d83','RCOND6cc4d33e:15b3c1e2e72:-5dca','RUL544e84a6:15b372b5faf:-7c53','TONS','decimal',1),('RCONST6cc4d33e:15b3c1e2e72:-5ee5','RCOND6cc4d33e:15b3c1e2e72:-5f4e','RUL544e84a6:15b372b5faf:-7d4b','TONS','decimal',1),('RCONST6cc4d33e:15b3c1e2e72:-653a','RCOND6cc4d33e:15b3c1e2e72:-6581','RUL-26004fad:15b36e43946:-7e78','TONS','decimal',1),('RCONST6cc4d33e:15b3c1e2e72:-6fd9','RCOND6cc4d33e:15b3c1e2e72:-702e','RUL6cc4d33e:15b3c1e2e72:-708f','KVA','decimal',1),('RCONST6cc4d33e:15b3c1e2e72:-71b9','RCOND6cc4d33e:15b3c1e2e72:-7200','RUL6a083481:15b1d42e454:-7e47','KVA','decimal',1),('RCONST6cc4d33e:15b3c1e2e72:-72ce','RCOND6cc4d33e:15b3c1e2e72:-7315','RUL-41499999:15b23048395:-7ed8','POLES','integer',1),('RCONST6cc4d33e:15b3c1e2e72:-73e7','RCOND6cc4d33e:15b3c1e2e72:-7432','RUL-41499999:15b23048395:-7d1e','UNIT','integer',1),('RCONST6cc4d33e:15b3c1e2e72:-7505','RCOND6cc4d33e:15b3c1e2e72:-754c','RUL-41499999:15b23048395:-77fd','NUM_METER','integer',1),('RCONST6cc4d33e:15b3c1e2e72:-761f','RCOND6cc4d33e:15b3c1e2e72:-7666','RUL-41499999:15b23048395:-77db','UNIT','integer',1),('RCONST6cc4d33e:15b3c1e2e72:-7a67','RCOND6cc4d33e:15b3c1e2e72:-7ab0','RUL-41499999:15b23048395:-77ec','UNIT','integer',1),('RCONST6e008a5f:15b6c73a9f2:-7d46','RCOND6e008a5f:15b6c73a9f2:-7d8d','RUL6e008a5f:15b6c73a9f2:-7e6e','CUM','decimal',1),('RCONST7326c266:1763b5535c7:-7377','RCOND7326c266:1763b5535c7:-7443','RUL7326c266:1763b5535c7:-7719','PENALTY','decimal',1),('RCONST7a4cba33:16a44844397:-7362','RCOND1fc2e40d:169eb7a6037:-6474','RUL-75b995c:15b18c6b9a6:-6dbc','AREA','decimal',2),('RCONST7a4cba33:16a44844397:-756f','RCOND1fc2e40d:169eb7a6037:-5f53','RUL-46ef70e6:15b192ccb94:-78f4','AREA','decimal',2),('RCONST7a4cba33:16a44844397:-770a','RCOND-685b3759:16a2fd8270e:-7120','RUL-46ef70e6:15b192ccb94:-7783','AREA','decimal',1),('RCONST7a4cba33:16a44844397:-7899','RCOND-685b3759:16a2fd8270e:-7411','RUL-46ef70e6:15b192ccb94:-755f','AREA','decimal',1),('RCONST7a4cba33:16a44844397:-7a9a','RCOND-685b3759:16a2fd8270e:-76bd','RUL-181817d3:15bf4e3b890:-75db','AREA','decimal',2),('RCONST7a4cba33:16a44844397:-7d6c','RCOND-685b3759:16a2fd8270e:-796b','RUL-181817d3:15bf4e3b890:-73e2','AREA','decimal',2),('RCONST7c39e053:1763abc2c56:-6c9b','RCOND7c39e053:1763abc2c56:-6cfd','RUL67dafb9:15b5100218a:-7bbc','COST','decimal',0),('RCONST7c39e053:1763abc2c56:-6f9c','RCOND7c39e053:1763abc2c56:-710a','RUL67dafb9:15b5100218a:-7bcd','AREA','decimal',1),('RCONST7c39e053:1763abc2c56:-736d','RCOND7c39e053:1763abc2c56:-73cf','RUL67dafb9:15b5100218a:-7bde','COST','decimal',0),('RCONST7c39e053:1763abc2c56:-7975','RCOND7c39e053:1763abc2c56:-79d7','RUL67dafb9:15b5100218a:-7bef','COST','decimal',0),('RCONST7c39e053:1763abc2c56:-7ba8','RCOND7c39e053:1763abc2c56:-7c0a','RUL67dafb9:15b5100218a:-7ea4','COST','decimal',0),('RCONST7e3da671:17066bd1cac:-72b7','RC-37d558f5:16a4fd0d79e:-7f6b','RUL-29595738:16a4fbe79ee:-79fe','COST','decimal',1),('RCONST7e3da671:17066bd1cac:-7471','RC-37d558f5:16a4fd0d79e:-7fa7','RUL-29595738:16a4fbe79ee:-7bd1','COST','decimal',1),('RCONST7e3da671:17066bd1cac:-761e','RC-37d558f5:16a4fd0d79e:-7fba','RUL-29595738:16a4fbe79ee:-7d01','COST','decimal',1),('RCONST7e3da671:17066bd1cac:-77cb','RC-37d558f5:16a4fd0d79e:-7fdb','RUL-29595738:16a4fbe79ee:-7de3','COST','decimal',1),('RCONST7e3da671:17066bd1cac:-7978','RC-37d558f5:16a4fd0d79e:-7ff6','RUL-29595738:16a4fbe79ee:-7ef1','COST','decimal',1),('RCONST7e3da671:17066bd1cac:-7cb3','RCOND-7385ffbe:16a438b05b7:-7c4e','RUL-7385ffbe:16a438b05b7:-7cab','COST','decimal',1);
/*!40000 ALTER TABLE `sys_rule_condition_var` ENABLE KEYS */;
UNLOCK TABLES;

--
-- Table structure for table `sys_rule_deployed`
--

DROP TABLE IF EXISTS `sys_rule_deployed`;
/*!40101 SET @saved_cs_client     = @@character_set_client */;
/*!40101 SET character_set_client = utf8 */;
CREATE TABLE `sys_rule_deployed` (
  `objid` varchar(50) NOT NULL,
  `ruletext` longtext,
  PRIMARY KEY (`objid`) USING BTREE,
  CONSTRAINT `sys_rule_deployed_ibfk_1` FOREIGN KEY (`objid`) REFERENCES `sys_rule` (`objid`)
) ENGINE=InnoDB DEFAULT CHARSET=utf8;
/*!40101 SET character_set_client = @saved_cs_client */;

--
-- Dumping data for table `sys_rule_deployed`
--

LOCK TABLES `sys_rule_deployed` WRITE;
/*!40000 ALTER TABLE `sys_rule_deployed` DISABLE KEYS */;
INSERT INTO `sys_rule_deployed` VALUES ('RUL-108b4192:15b3d234d5c:-67b1','\npackage oboassessment.ADD_PLUMBING_FEE;\nimport oboassessment.*;\nimport java.util.*;\nimport com.rameses.rules.common.*;\n\nglobal RuleAction action;\n\nrule \"ADD_PLUMBING_FEE\"\n	agenda-group \"initial\"\n	salience 50000\n	no-loop\n	when\n		\n		\n		BD: obo.facts.OboDocument (  doctype matches \"PLUMBING\" ) \n		\n	then\n		Map bindings = new HashMap();\n		\n		bindings.put(\"BD\", BD );\n		\n	Map _p0 = new HashMap();\n_p0.put( \"amount\", (new ActionExpression(\"0\", bindings)) );\n_p0.put( \"billcode\", new KeyValue(\"PLUMBING_FEE\", \"PLUMBING FEE\") );\naction.execute( \"add-billitem\",_p0,drools);\n\nend\n\n\n	'),('RUL-181817d3:15bf4e3b890:-29cc','\npackage oboassessment.FENCING_IND_MAT;\nimport oboassessment.*;\nimport java.util.*;\nimport com.rameses.rules.common.*;\n\nglobal RuleAction action;\n\nrule \"FENCING_IND_MAT\"\n	agenda-group \"compute-other-fee\"\n	salience 50000\n	no-loop\n	when\n		\n		\n		BILLITEM: treasury.facts.BillItem (  billcode matches \"FENCING_FEE\" ) \n		\n		 obo.facts.OboDecimalInfo (  name matches \"FENCE_MADE_OF_INDIGENOUS_MATERIAL\",LNM:value ) \n		\n	then\n		Map bindings = new HashMap();\n		\n		bindings.put(\"BILLITEM\", BILLITEM );\n		\n		bindings.put(\"LNM\", LNM );\n		\n	Map _p0 = new HashMap();\n_p0.put( \"billitem\", BILLITEM );\n_p0.put( \"type\", \"ADD\" );\n_p0.put( \"amount\", (new ActionExpression(\" LNM * 2.4\", bindings)) );\naction.execute( \"update-billitem-amount\",_p0,drools);\n\nend\n\n\n	'),('RUL-181817d3:15bf4e3b890:-2b06','\npackage oboassessment.FENCING_MASONRY_METAL_CONCRETE_ABOVE_1_8_M_HT;\nimport oboassessment.*;\nimport java.util.*;\nimport com.rameses.rules.common.*;\n\nglobal RuleAction action;\n\nrule \"FENCING_MASONRY_METAL_CONCRETE_ABOVE_1_8_M_HT\"\n	agenda-group \"compute-other-fee\"\n	salience 50000\n	no-loop\n	when\n		\n		\n		BILLITEM: treasury.facts.BillItem (  billcode matches \"FENCING_FEE\" ) \n		\n		 obo.facts.OboDecimalInfo (  name matches \"FENCE_MADE_OF_MASONRY_OR_METAL_ABOVE_1_8_M\",LM:value ) \n		\n	then\n		Map bindings = new HashMap();\n		\n		bindings.put(\"BILLITEM\", BILLITEM );\n		\n		bindings.put(\"LM\", LM );\n		\n	Map _p0 = new HashMap();\n_p0.put( \"billitem\", BILLITEM );\n_p0.put( \"type\", \"ADD\" );\n_p0.put( \"amount\", (new ActionExpression(\"Math.ceil( LM ) * 4\", bindings)) );\naction.execute( \"update-billitem-amount\",_p0,drools);\n\nend\n\n\n	'),('RUL-181817d3:15bf4e3b890:-2d08','\npackage oboassessment.FENCING_MASONRY_METAL_CONCRETE_UPTO_1_8_M_HT;\nimport oboassessment.*;\nimport java.util.*;\nimport com.rameses.rules.common.*;\n\nglobal RuleAction action;\n\nrule \"FENCING_MASONRY_METAL_CONCRETE_UPTO_1_8_M_HT\"\n	agenda-group \"compute-other-fee\"\n	salience 50000\n	no-loop\n	when\n		\n		\n		BILLITEM: treasury.facts.BillItem (  billcode matches \"FENCING_FEE\" ) \n		\n		 obo.facts.OboDecimalInfo (  name matches \"FENCE_MADE_OF_MASONRY_METAL_UPTO_1_8_M\",LNM:value ) \n		\n	then\n		Map bindings = new HashMap();\n		\n		bindings.put(\"BILLITEM\", BILLITEM );\n		\n		bindings.put(\"LNM\", LNM );\n		\n	Map _p0 = new HashMap();\n_p0.put( \"billitem\", BILLITEM );\n_p0.put( \"type\", \"ADD\" );\n_p0.put( \"amount\", (new ActionExpression(\"Math.ceil( LNM ) * 3\", bindings)) );\naction.execute( \"update-billitem-amount\",_p0,drools);\n\nend\n\n\n	'),('RUL-181817d3:15bf4e3b890:-3079','\npackage oboassessment.ACC_FEE_ENCROACHMENT_FOUNDATION_PUBLIC_AREAS;\nimport oboassessment.*;\nimport java.util.*;\nimport com.rameses.rules.common.*;\n\nglobal RuleAction action;\n\nrule \"ACC_FEE_ENCROACHMENT_FOUNDATION_PUBLIC_AREAS\"\n	agenda-group \"compute-accessory\"\n	salience 50000\n	no-loop\n	when\n		\n		\n		 obo.facts.OboDecimalInfo (  name matches \"ENCROACHMENT_FOOTING\",SQM:value ) \n		\n		BILLITEM: treasury.facts.BillItem (  billcode matches \"ACCESSORY_FEE\" ) \n		\n	then\n		Map bindings = new HashMap();\n		\n		bindings.put(\"BILLITEM\", BILLITEM );\n		\n		bindings.put(\"SQM\", SQM );\n		\n	Map _p0 = new HashMap();\n_p0.put( \"billitem\", BILLITEM );\n_p0.put( \"type\", \"ADD\" );\n_p0.put( \"amount\", (new ActionExpression(\"Math.ceil( SQM ) * 250\", bindings)) );\naction.execute( \"update-billitem-amount\",_p0,drools);\n\nend\n\n\n	'),('RUL-181817d3:15bf4e3b890:-357d','\npackage oboassessment.GPEP_INSPECTION_VERIFICATION_FEE;\nimport oboassessment.*;\nimport java.util.*;\nimport com.rameses.rules.common.*;\n\nglobal RuleAction action;\n\nrule \"GPEP_INSPECTION_VERIFICATION_FEE\"\n	agenda-group \"compute-accessory\"\n	salience 50000\n	no-loop\n	when\n		\n		\n		BILLITEM: treasury.facts.BillItem (  billcode matches \"EXCAVATION_FEE\" ) \n		\n		DOC: obo.facts.OboDocument (  doctype matches \"EXCAVATION\" ) \n		\n		 obo.facts.OboIntegerInfo (  name matches \"INSPECTION_AND_VERIFICATION\" ) \n		\n	then\n		Map bindings = new HashMap();\n		\n		bindings.put(\"BILLITEM\", BILLITEM );\n		\n		bindings.put(\"DOC\", DOC );\n		\n	Map _p0 = new HashMap();\n_p0.put( \"billitem\", BILLITEM );\n_p0.put( \"type\", \"ADD\" );\n_p0.put( \"amount\", (new ActionExpression(\"200\", bindings)) );\naction.execute( \"update-billitem-amount\",_p0,drools);\n\nend\n\n\n	'),('RUL-181817d3:15bf4e3b890:-3cc8','\npackage oboassessment.ACC_FEE_LINE_AND_GRADE;\nimport oboassessment.*;\nimport java.util.*;\nimport com.rameses.rules.common.*;\n\nglobal RuleAction action;\n\nrule \"ACC_FEE_LINE_AND_GRADE\"\n	agenda-group \"compute-line-and-grade-fee\"\n	salience 50000\n	no-loop\n	when\n		\n		\n		BILLITEM: treasury.facts.BillItem (  billcode matches \"LINE_AND_GRADE\" ) \n		\n		 obo.facts.OboDecimalInfo (  name matches \"LINE_AND_GRADE\",METER:value ) \n		\n	then\n		Map bindings = new HashMap();\n		\n		bindings.put(\"BILLITEM\", BILLITEM );\n		\n		bindings.put(\"METER\", METER );\n		\n	RangeEntry re0 = new RangeEntry(\"ACC_FEE_LINE_AND_GRADE\");\nre0.setBindings(bindings);\nre0.setDecimalvalue(METER);\nre0.getParams().put( \"billitem\", BILLITEM );\nre0.getParams().put( \"type\", \"ADD\" );\nre0.getParams().put( \"amount\", 0.0 );\ninsert(re0);\n\nend\n\n\n	\nrule \"update-billitem-amount_0_0\"\n	agenda-group \"compute-line-and-grade-fee\"\n	salience 50000\n	no-loop\n	when\n		\n		rv: RangeEntry( id==\"ACC_FEE_LINE_AND_GRADE\", decimalvalue > 0, decimalvalue <= 10.00 )\n		\n		\n	then\n		Map bindings = rv.getBindings();\n		Map params = rv.getParams();\n		params.put( \"amount\", (new ActionExpression(\"24\", bindings)) );	\n		 \n		action.execute( \"update-billitem-amount\",params, drools);\nend\n\n\n	\nrule \"update-billitem-amount_0_1\"\n	agenda-group \"compute-line-and-grade-fee\"\n	salience 50000\n	no-loop\n	when\n		\n		\n		rv: RangeEntry( id==\"ACC_FEE_LINE_AND_GRADE\", decimalvalue > 10.00 )\n		\n	then\n		Map bindings = rv.getBindings();\n		Map params = rv.getParams();\n		params.put( \"amount\", (new ActionExpression(\"24 + ( Math.ceil( METER-10) * 2.40 )\", bindings)) );	\n		 \n		action.execute( \"update-billitem-amount\",params, drools);\nend\n\n\n	'),('RUL-181817d3:15bf4e3b890:-73e2','\npackage oboassessment.BLDG_FEE_A2_NOT_NEW;\nimport oboassessment.*;\nimport java.util.*;\nimport com.rameses.rules.common.*;\n\nglobal RuleAction action;\n\nrule \"BLDG_FEE_A2_NOT_NEW\"\n	agenda-group \"compute-bldgfee\"\n	salience 50000\n	no-loop\n	when\n		\n		\n		BD: obo.facts.OboDocument (  doctype matches \"BUILDING_PERMIT\" ) \n		\n		 obo.facts.BuildingInfo (  worktype matches \"ADDITION|RENOVATION|ALTERATION\",AREA:totalfloorarea ) \n		\n		 obo.facts.OccupancyType (  division matches \"A2\" ) \n		\n	then\n		Map bindings = new HashMap();\n		\n		bindings.put(\"BD\", BD );\n		\n		bindings.put(\"AREA\", AREA );\n		\n	RangeEntry re0 = new RangeEntry(\"BLDG_FEE_A2_NOT_NEW\");\nre0.setBindings(bindings);\nre0.setDecimalvalue(AREA);\nre0.getParams().put( \"amount\", 0.0 );\nre0.getParams().put( \"billcode\", new KeyValue(\"BUILDING_PERMIT_FEE\", \"BUILDING PERMIT FEE\") );\ninsert(re0);\n\nend\n\n\n	\nrule \"add-billitem_0_0\"\n	agenda-group \"compute-bldgfee\"\n	salience 50000\n	no-loop\n	when\n		\n		rv: RangeEntry( id==\"BLDG_FEE_A2_NOT_NEW\", decimalvalue > 0, decimalvalue <= 20.00 )\n		\n		\n	then\n		Map bindings = rv.getBindings();\n		Map params = rv.getParams();\n		params.put( \"amount\", (new ActionExpression(\"3.4 * AREA\", bindings)) );	\n		 \n		action.execute( \"add-billitem\",params, drools);\nend\n\n\n	\nrule \"add-billitem_0_1\"\n	agenda-group \"compute-bldgfee\"\n	salience 50000\n	no-loop\n	when\n		\n		rv: RangeEntry( id==\"BLDG_FEE_A2_NOT_NEW\", decimalvalue > 20.00, decimalvalue <= 50.00 )\n		\n		\n	then\n		Map bindings = rv.getBindings();\n		Map params = rv.getParams();\n		params.put( \"amount\", (new ActionExpression(\"5.20 * AREA\", bindings)) );	\n		 \n		action.execute( \"add-billitem\",params, drools);\nend\n\n\n	\nrule \"add-billitem_0_2\"\n	agenda-group \"compute-bldgfee\"\n	salience 50000\n	no-loop\n	when\n		\n		rv: RangeEntry( id==\"BLDG_FEE_A2_NOT_NEW\", decimalvalue > 50.00, decimalvalue <= 150.00 )\n		\n		\n	then\n		Map bindings = rv.getBindings();\n		Map params = rv.getParams();\n		params.put( \"amount\", (new ActionExpression(\"8 * AREA\", bindings)) );	\n		 \n		action.execute( \"add-billitem\",params, drools);\nend\n\n\n	\nrule \"add-billitem_0_3\"\n	agenda-group \"compute-bldgfee\"\n	salience 50000\n	no-loop\n	when\n		\n		\n		rv: RangeEntry( id==\"BLDG_FEE_A2_NOT_NEW\", decimalvalue > 150.00 )\n		\n	then\n		Map bindings = rv.getBindings();\n		Map params = rv.getParams();\n		params.put( \"amount\", (new ActionExpression(\"8.40 * AREA\", bindings)) );	\n		 \n		action.execute( \"add-billitem\",params, drools);\nend\n\n\n	'),('RUL-181817d3:15bf4e3b890:-75db','\npackage oboassessment.BLDG_FEE_A1_NOT_NEW;\nimport oboassessment.*;\nimport java.util.*;\nimport com.rameses.rules.common.*;\n\nglobal RuleAction action;\n\nrule \"BLDG_FEE_A1_NOT_NEW\"\n	agenda-group \"compute-bldgfee\"\n	salience 50000\n	no-loop\n	when\n		\n		\n		 obo.facts.BuildingInfo (  worktype matches \"ADDITION|RENOVATION|ALTERATION\",AREA:totalfloorarea ) \n		\n		 obo.facts.OccupancyType (  division matches \"A1\" ) \n		\n	then\n		Map bindings = new HashMap();\n		\n		bindings.put(\"AREA\", AREA );\n		\n	RangeEntry re0 = new RangeEntry(\"BLDG_FEE_A1_NOT_NEW\");\nre0.setBindings(bindings);\nre0.setDecimalvalue(AREA);\nre0.getParams().put( \"amount\", 0.0 );\nre0.getParams().put( \"billcode\", new KeyValue(\"BUILDING_PERMIT_FEE\", \"BUILDING PERMIT FEE\") );\ninsert(re0);\n\nend\n\n\n	\nrule \"add-billitem_0_0\"\n	agenda-group \"compute-bldgfee\"\n	salience 50000\n	no-loop\n	when\n		\n		rv: RangeEntry( id==\"BLDG_FEE_A1_NOT_NEW\", decimalvalue > 0, decimalvalue <= 20.00 )\n		\n		\n	then\n		Map bindings = rv.getBindings();\n		Map params = rv.getParams();\n		params.put( \"amount\", (new ActionExpression(\"2.4 * AREA\", bindings)) );	\n		 \n		action.execute( \"add-billitem\",params, drools);\nend\n\n\n	\nrule \"add-billitem_0_1\"\n	agenda-group \"compute-bldgfee\"\n	salience 50000\n	no-loop\n	when\n		\n		rv: RangeEntry( id==\"BLDG_FEE_A1_NOT_NEW\", decimalvalue > 20.00, decimalvalue <= 50.00 )\n		\n		\n	then\n		Map bindings = rv.getBindings();\n		Map params = rv.getParams();\n		params.put( \"amount\", (new ActionExpression(\"3.40 * AREA\", bindings)) );	\n		 \n		action.execute( \"add-billitem\",params, drools);\nend\n\n\n	\nrule \"add-billitem_0_2\"\n	agenda-group \"compute-bldgfee\"\n	salience 50000\n	no-loop\n	when\n		\n		rv: RangeEntry( id==\"BLDG_FEE_A1_NOT_NEW\", decimalvalue > 50.00, decimalvalue <= 100.00 )\n		\n		\n	then\n		Map bindings = rv.getBindings();\n		Map params = rv.getParams();\n		params.put( \"amount\", (new ActionExpression(\"4.80 * AREA\", bindings)) );	\n		 \n		action.execute( \"add-billitem\",params, drools);\nend\n\n\n	\nrule \"add-billitem_0_3\"\n	agenda-group \"compute-bldgfee\"\n	salience 50000\n	no-loop\n	when\n		\n		rv: RangeEntry( id==\"BLDG_FEE_A1_NOT_NEW\", decimalvalue > 100.00, decimalvalue <= 150.00 )\n		\n		\n	then\n		Map bindings = rv.getBindings();\n		Map params = rv.getParams();\n		params.put( \"amount\", (new ActionExpression(\"6.0 * AREA\", bindings)) );	\n		 \n		action.execute( \"add-billitem\",params, drools);\nend\n\n\n	\nrule \"add-billitem_0_4\"\n	agenda-group \"compute-bldgfee\"\n	salience 50000\n	no-loop\n	when\n		\n		\n		rv: RangeEntry( id==\"BLDG_FEE_A1_NOT_NEW\", decimalvalue > 150.00 )\n		\n	then\n		Map bindings = rv.getBindings();\n		Map params = rv.getParams();\n		params.put( \"amount\", (new ActionExpression(\"7.20 * AREA\", bindings)) );	\n		 \n		action.execute( \"add-billitem\",params, drools);\nend\n\n\n	'),('RUL-263a2c10:17969526f5a:-6eca','\npackage oboworkflow.ACTIVATE_OCCUPANCY_RPU;\nimport oboworkflow.*;\nimport java.util.*;\nimport com.rameses.rules.common.*;\n\nglobal RuleAction action;\n\nrule \"ACTIVATE_OCCUPANCY_RPU\"\n	agenda-group \"initial\"\n	salience 50000\n	no-loop\n	when\n		\n		\n		WT: workflow.facts.WfTaskResult (  processname == \"occupancy_certificate\",action != \"reactivate\",state == \"inspection\" ) \n		\n	then\n		Map bindings = new HashMap();\n		\n		bindings.put(\"WT\", WT );\n		\n	Map _p0 = new HashMap();\n_p0.put( \"scriptname\", \"OccupancyRpuService\" );\n_p0.put( \"actionname\", \"activateTask\" );\n_p0.put( \"params\", (new ActionExpression(\"[  appid: WT.refid ]\", bindings)) );\naction.execute( \"execute-script\",_p0,drools);\n\nend\n\n\n	'),('RUL-2ff927e8:17926057293:-7974','\npackage oboassessment.RPT_ENTRY_FEE;\nimport oboassessment.*;\nimport java.util.*;\nimport com.rameses.rules.common.*;\n\nglobal RuleAction action;\n\nrule \"RPT_ENTRY_FEE\"\n	agenda-group \"pre-summary\"\n	salience 50000\n	no-loop\n	when\n		\n		\n		RPU: obo.facts.RpuEntry (   ) \n		\n	then\n		Map bindings = new HashMap();\n		\n		bindings.put(\"RPU\", RPU );\n		\n	Map _p0 = new HashMap();\n_p0.put( \"billitem\", RPU );\n_p0.put( \"fieldname\", \"truecopycertfee\" );\n_p0.put( \"value\", (new ActionExpression(\"50\", bindings)) );\naction.execute( \"set-rpu-entry-property\",_p0,drools);\nMap _p1 = new HashMap();\n_p1.put( \"billitem\", RPU );\n_p1.put( \"fieldname\", \"taxclearancefee\" );\n_p1.put( \"value\", (new ActionExpression(\"100\", bindings)) );\naction.execute( \"set-rpu-entry-property\",_p1,drools);\n\nend\n\n\n	'),('RUL-2ff927e8:17926057293:-7ace','\npackage oboassessment.ADD_RPU_FACTS;\nimport oboassessment.*;\nimport java.util.*;\nimport com.rameses.rules.common.*;\n\nglobal RuleAction action;\n\nrule \"ADD_RPU_FACTS\"\n	agenda-group \"initial\"\n	salience 50000\n	no-loop\n	when\n		\n		\n		DOC: obo.facts.OboDocument (  doctype matches \"BUILDING_RPT\" ) \n		\n	then\n		Map bindings = new HashMap();\n		\n		bindings.put(\"DOC\", DOC );\n		\n	Map _p0 = new HashMap();\n_p0.put( \"params\", (new ActionExpression(\"[ appid: DOC.appid ]\", bindings)) );\naction.execute( \"add-building-rpu\",_p0,drools);\n\nend\n\n\n	'),('RUL-364c55f2:1763c44119c:-115d','\npackage oboassessment.ADD_FENCING_FEE;\nimport oboassessment.*;\nimport java.util.*;\nimport com.rameses.rules.common.*;\n\nglobal RuleAction action;\n\nrule \"ADD_FENCING_FEE\"\n	agenda-group \"initial\"\n	salience 50000\n	no-loop\n	when\n		\n		\n		DOC: obo.facts.OboDocument (  doctype matches \"FENCING\" ) \n		\n	then\n		Map bindings = new HashMap();\n		\n		bindings.put(\"DOC\", DOC );\n		\n	Map _p0 = new HashMap();\n_p0.put( \"amount\", (new ActionExpression(\"0\", bindings)) );\n_p0.put( \"billcode\", new KeyValue(\"FENCING_FEE\", \"FENCING FEE\") );\naction.execute( \"add-billitem\",_p0,drools);\n\nend\n\n\n	'),('RUL-364c55f2:1763c44119c:-4ccc','\npackage oboassessment.ADD_SIGNAGE_FEE;\nimport oboassessment.*;\nimport java.util.*;\nimport com.rameses.rules.common.*;\n\nglobal RuleAction action;\n\nrule \"ADD_SIGNAGE_FEE\"\n	agenda-group \"initial\"\n	salience 50000\n	no-loop\n	when\n		\n		\n		DOC: obo.facts.OboDocument (  doctype matches \"SIGN\" ) \n		\n	then\n		Map bindings = new HashMap();\n		\n		bindings.put(\"DOC\", DOC );\n		\n	Map _p0 = new HashMap();\n_p0.put( \"amount\", (new ActionExpression(\"0\", bindings)) );\n_p0.put( \"billcode\", new KeyValue(\"null\", \"SIGNAGE FEE\") );\naction.execute( \"add-billitem\",_p0,drools);\n\nend\n\n\n	'),('RUL-40697891:1763cd25bb2:-1a91','\npackage oboassessment.ADD_SCAFFOLDING_FEE;\nimport oboassessment.*;\nimport java.util.*;\nimport com.rameses.rules.common.*;\n\nglobal RuleAction action;\n\nrule \"ADD_SCAFFOLDING_FEE\"\n	agenda-group \"initial\"\n	salience 50000\n	no-loop\n	when\n		\n		\n		BD: obo.facts.OboDocument (  doctype matches \"SCAFFOLDING\" ) \n		\n	then\n		Map bindings = new HashMap();\n		\n		bindings.put(\"BD\", BD );\n		\n	Map _p0 = new HashMap();\n_p0.put( \"amount\", (new ActionExpression(\"0\", bindings)) );\n_p0.put( \"billcode\", new KeyValue(\"null\", \"SCAFFOLDING FEE\") );\naction.execute( \"add-billitem\",_p0,drools);\n\nend\n\n\n	'),('RUL-40697891:1763cd25bb2:-330f','\npackage oboassessment.ADD_EXCAVATION_FEE;\nimport oboassessment.*;\nimport java.util.*;\nimport com.rameses.rules.common.*;\n\nglobal RuleAction action;\n\nrule \"ADD_EXCAVATION_FEE\"\n	agenda-group \"initial\"\n	salience 50000\n	no-loop\n	when\n		\n		\n		DOC: obo.facts.OboDocument (  doctype matches \"EXCAVATION\" ) \n		\n	then\n		Map bindings = new HashMap();\n		\n		bindings.put(\"DOC\", DOC );\n		\n	Map _p0 = new HashMap();\n_p0.put( \"amount\", (new ActionExpression(\"0\", bindings)) );\n_p0.put( \"billcode\", new KeyValue(\"EXCAVATION_FEE\", \"EXCAVATION FEE\") );\naction.execute( \"add-billitem\",_p0,drools);\n\nend\n\n\n	'),('RUL-40697891:1763cd25bb2:-7b81','\npackage oboassessment.ADD_LINE_AND_GRADE_FEE;\nimport oboassessment.*;\nimport java.util.*;\nimport com.rameses.rules.common.*;\n\nglobal RuleAction action;\n\nrule \"ADD_LINE_AND_GRADE_FEE\"\n	agenda-group \"initial\"\n	salience 50000\n	no-loop\n	when\n		\n		\n		DOC: obo.facts.OboDocument (  doctype matches \"LINE_AND_GRADE\" ) \n		\n	then\n		Map bindings = new HashMap();\n		\n		bindings.put(\"DOC\", DOC );\n		\n	Map _p0 = new HashMap();\n_p0.put( \"amount\", (new ActionExpression(\"0\", bindings)) );\n_p0.put( \"billcode\", new KeyValue(\"LINE_AND_GRADE\", \"LINE AND GRADE\") );\naction.execute( \"add-billitem\",_p0,drools);\n\nend\n\n\n	'),('RUL-412b6ac3:17060a030aa:-7ccb','\npackage oboassessment.COMPUTE_HOTWORKS_FEES;\nimport oboassessment.*;\nimport java.util.*;\nimport com.rameses.rules.common.*;\n\nglobal RuleAction action;\n\nrule \"COMPUTE_HOTWORKS_FEES\"\n	agenda-group \"compute-fire-fees\"\n	salience 50000\n	no-loop\n	when\n		\n		\n		BD: obo.facts.OboDocument (  doctype matches \"HOT_WORKS\" ) \n		\n		 obo.facts.OboIntegerInfo (  name matches \"WELDING_MACHINE\",UNIT:value ) \n		\n	then\n		Map bindings = new HashMap();\n		\n		bindings.put(\"BD\", BD );\n		\n		bindings.put(\"UNIT\", UNIT );\n		\n	Map _p0 = new HashMap();\n_p0.put( \"amount\", (new ActionExpression(\"if( UNIT <= 5 ) return 500.0; else if( UNIT <= 10 ) return 1000.0; return 1500.0;\", bindings)) );\n_p0.put( \"billcode\", new KeyValue(\"HOTWORKS\", \"HOT WORKS\") );\naction.execute( \"add-billitem\",_p0,drools);\n\nend\n\n\n	'),('RUL-41499999:15b23048395:-77db','\npackage oboassessment.ELECTRIC_METER_INSTIUTIONAL;\nimport oboassessment.*;\nimport java.util.*;\nimport com.rameses.rules.common.*;\n\nglobal RuleAction action;\n\nrule \"ELECTRIC_METER_INSTIUTIONAL\"\n	agenda-group \"compute-electrical-fee\"\n	salience 50000\n	no-loop\n	when\n		\n		\n		BILLITEM: treasury.facts.BillItem (  billcode matches \"ELECTRICAL_FEE\" ) \n		\n		 obo.facts.OccupancyType (  group matches \"C|D\" ) \n		\n		 obo.facts.OboIntegerInfo (  name matches \"ELECTRIC_METER\",UNIT:value ) \n		\n	then\n		Map bindings = new HashMap();\n		\n		bindings.put(\"UNIT\", UNIT );\n		\n		bindings.put(\"BILLITEM\", BILLITEM );\n		\n	Map _p0 = new HashMap();\n_p0.put( \"billitem\", BILLITEM );\n_p0.put( \"type\", \"ADD\" );\n_p0.put( \"amount\", (new ActionExpression(\"UNIT  * (30 + 12)\", bindings)) );\naction.execute( \"update-billitem-amount\",_p0,drools);\n\nend\n\n\n	'),('RUL-41499999:15b23048395:-77ec','\npackage oboassessment.ELECTRIC_METER_COMMERCIAL_INDUSTRIAL;\nimport oboassessment.*;\nimport java.util.*;\nimport com.rameses.rules.common.*;\n\nglobal RuleAction action;\n\nrule \"ELECTRIC_METER_COMMERCIAL_INDUSTRIAL\"\n	agenda-group \"compute-electrical-fee\"\n	salience 50000\n	no-loop\n	when\n		\n		\n		BILLITEM: treasury.facts.BillItem (  billcode matches \"ELECTRICAL_FEE\" ) \n		\n		 obo.facts.OccupancyType (  group matches \"E|F\" ) \n		\n		 obo.facts.OboIntegerInfo (  name matches \"ELECTRIC_METER\",UNIT:value ) \n		\n	then\n		Map bindings = new HashMap();\n		\n		bindings.put(\"UNIT\", UNIT );\n		\n		bindings.put(\"BILLITEM\", BILLITEM );\n		\n	Map _p0 = new HashMap();\n_p0.put( \"billitem\", BILLITEM );\n_p0.put( \"type\", \"ADD\" );\n_p0.put( \"amount\", (new ActionExpression(\"UNIT *  (60 + 36 )\", bindings)) );\naction.execute( \"update-billitem-amount\",_p0,drools);\n\nend\n\n\n	'),('RUL-41499999:15b23048395:-77fd','\npackage oboassessment.ELECTRIC_METER_RESIDENTIAL;\nimport oboassessment.*;\nimport java.util.*;\nimport com.rameses.rules.common.*;\n\nglobal RuleAction action;\n\nrule \"ELECTRIC_METER_RESIDENTIAL\"\n	agenda-group \"compute-electrical-fee\"\n	salience 50000\n	no-loop\n	when\n		\n		\n		BILLITEM: treasury.facts.BillItem (  billcode matches \"ELECTRICAL_FEE\" ) \n		\n		 obo.facts.OccupancyType (  group matches \"A|B\" ) \n		\n		 obo.facts.OboIntegerInfo (  name matches \"ELECTRIC_METER\",NUM_METER:value ) \n		\n	then\n		Map bindings = new HashMap();\n		\n		bindings.put(\"NUM_METER\", NUM_METER );\n		\n		bindings.put(\"BILLITEM\", BILLITEM );\n		\n	Map _p0 = new HashMap();\n_p0.put( \"billitem\", BILLITEM );\n_p0.put( \"type\", \"ADD\" );\n_p0.put( \"amount\", (new ActionExpression(\"NUM_METER * ( 15 + 15 )\", bindings)) );\naction.execute( \"update-billitem-amount\",_p0,drools);\n\nend\n\n\n	'),('RUL-41499999:15b23048395:-7d1e','\npackage oboassessment.GUYING_ATTACHMENT_FEE;\nimport oboassessment.*;\nimport java.util.*;\nimport com.rameses.rules.common.*;\n\nglobal RuleAction action;\n\nrule \"GUYING_ATTACHMENT_FEE\"\n	agenda-group \"compute-electrical-fee\"\n	salience 50000\n	no-loop\n	when\n		\n		\n		BILLITEM: treasury.facts.BillItem (  billcode matches \"ELECTRICAL_FEE\" ) \n		\n		 obo.facts.OboIntegerInfo (  name matches \"GUYING_ATTACHMENT\",UNIT:value ) \n		\n	then\n		Map bindings = new HashMap();\n		\n		bindings.put(\"BILLITEM\", BILLITEM );\n		\n		bindings.put(\"UNIT\", UNIT );\n		\n	Map _p0 = new HashMap();\n_p0.put( \"billitem\", BILLITEM );\n_p0.put( \"type\", \"ADD\" );\n_p0.put( \"amount\", (new ActionExpression(\"UNIT * 30\", bindings)) );\naction.execute( \"update-billitem-amount\",_p0,drools);\n\nend\n\n\n	'),('RUL-41499999:15b23048395:-7ed8','\npackage oboassessment.POLE_ATTACHMENT_FEE;\nimport oboassessment.*;\nimport java.util.*;\nimport com.rameses.rules.common.*;\n\nglobal RuleAction action;\n\nrule \"POLE_ATTACHMENT_FEE\"\n	agenda-group \"compute-electrical-fee\"\n	salience 50000\n	no-loop\n	when\n		\n		\n		 obo.facts.OboIntegerInfo (  name matches \"POWER_SUPPLY_POLE_LOCATION\",POLES:value ) \n		\n		BILLITEM: treasury.facts.BillItem (  billcode matches \"ELECTRICAL_FEE\" ) \n		\n	then\n		Map bindings = new HashMap();\n		\n		bindings.put(\"BILLITEM\", BILLITEM );\n		\n		bindings.put(\"POLES\", POLES );\n		\n	Map _p0 = new HashMap();\n_p0.put( \"billitem\", BILLITEM );\n_p0.put( \"type\", \"ADD\" );\n_p0.put( \"amount\", (new ActionExpression(\"POLES * 30\", bindings)) );\naction.execute( \"update-billitem-amount\",_p0,drools);\n\nend\n\n\n	'),('RUL-41516f3a:178f3866074:-76be','\npackage oboassessment.ADD_ACCESSORY_FEES;\nimport oboassessment.*;\nimport java.util.*;\nimport com.rameses.rules.common.*;\n\nglobal RuleAction action;\n\nrule \"ADD_ACCESSORY_FEES\"\n	agenda-group \"initial\"\n	salience 50000\n	no-loop\n	when\n		\n		\n		DOC: obo.facts.OboDocument (  doctype matches \"ACCESSORIES\" ) \n		\n	then\n		Map bindings = new HashMap();\n		\n		bindings.put(\"DOC\", DOC );\n		\n	Map _p0 = new HashMap();\n_p0.put( \"amount\", (new ActionExpression(\"0\", bindings)) );\n_p0.put( \"billcode\", new KeyValue(\"ACCESSORY_STRUCTURE_FEE\", \"ACCESSORY STRUCTURE FEE\") );\naction.execute( \"add-billitem\",_p0,drools);\nMap _p1 = new HashMap();\n_p1.put( \"amount\", (new ActionExpression(\"0\", bindings)) );\n_p1.put( \"billcode\", new KeyValue(\"ACCESSORY_FEE\", \"ACCESSORY FEE\") );\naction.execute( \"add-billitem\",_p1,drools);\n\nend\n\n\n	'),('RUL-4267ff2c:16a444aba70:-6950','\npackage oboassessment.COLUMBARIUM_FEE;\nimport oboassessment.*;\nimport java.util.*;\nimport com.rameses.rules.common.*;\n\nglobal RuleAction action;\n\nrule \"COLUMBARIUM_FEE\"\n	agenda-group \"compute-accessory-structure\"\n	salience 50000\n	no-loop\n	when\n		\n		\n		 obo.facts.OboDecimalInfo (  name matches \"COLUMBARIUM\",SQM:value ) \n		\n		BILLITEM: treasury.facts.BillItem (  billcode matches \"ACCESSORY_STRUCTURE_FEE\" ) \n		\n	then\n		Map bindings = new HashMap();\n		\n		bindings.put(\"BILLITEM\", BILLITEM );\n		\n		bindings.put(\"SQM\", SQM );\n		\n	Map _p0 = new HashMap();\n_p0.put( \"billitem\", BILLITEM );\n_p0.put( \"type\", \"ADD\" );\n_p0.put( \"amount\", (new ActionExpression(\"SQM * 18\", bindings)) );\naction.execute( \"update-billitem-amount\",_p0,drools);\n\nend\n\n\n	'),('RUL-4267ff2c:16a444aba70:-6a5e','\npackage oboassessment.TOTALLY_ENCLOSED_MAUSOLEUM_FEE;\nimport oboassessment.*;\nimport java.util.*;\nimport com.rameses.rules.common.*;\n\nglobal RuleAction action;\n\nrule \"TOTALLY_ENCLOSED_MAUSOLEUM_FEE\"\n	agenda-group \"compute-accessory-structure\"\n	salience 50000\n	no-loop\n	when\n		\n		\n		 obo.facts.OboDecimalInfo (  name matches \"TOTALLY_ENCLOSED_MAUSOLEUM\",SQM:value ) \n		\n		BILLITEM: treasury.facts.BillItem (  billcode matches \"ACCESSORY_STRUCTURE_FEE\" ) \n		\n	then\n		Map bindings = new HashMap();\n		\n		bindings.put(\"BILLITEM\", BILLITEM );\n		\n		bindings.put(\"SQM\", SQM );\n		\n	Map _p0 = new HashMap();\n_p0.put( \"billitem\", BILLITEM );\n_p0.put( \"type\", \"ADD\" );\n_p0.put( \"amount\", (new ActionExpression(\"SQM * 12\", bindings)) );\naction.execute( \"update-billitem-amount\",_p0,drools);\n\nend\n\n\n	'),('RUL-4267ff2c:16a444aba70:-6d3b','\npackage oboassessment.TOMBS_AND_SEMI_ENCLOSED_MAUSOLEUM_FEE;\nimport oboassessment.*;\nimport java.util.*;\nimport com.rameses.rules.common.*;\n\nglobal RuleAction action;\n\nrule \"TOMBS_AND_SEMI_ENCLOSED_MAUSOLEUM_FEE\"\n	agenda-group \"compute-accessory-structure\"\n	salience 50000\n	no-loop\n	when\n		\n		\n		 obo.facts.OboDecimalInfo (  name matches \"TOMB|SEMI_ENCLOSED_MAUSOLEUM\",SQM:value ) \n		\n		BILLITEM: treasury.facts.BillItem (  billcode matches \"ACCESSORY_STRUCTURE_FEE\" ) \n		\n	then\n		Map bindings = new HashMap();\n		\n		bindings.put(\"BILLITEM\", BILLITEM );\n		\n		bindings.put(\"SQM\", SQM );\n		\n	Map _p0 = new HashMap();\n_p0.put( \"billitem\", BILLITEM );\n_p0.put( \"type\", \"ADD\" );\n_p0.put( \"amount\", (new ActionExpression(\"SQM * 5\", bindings)) );\naction.execute( \"update-billitem-amount\",_p0,drools);\n\nend\n\n\n	'),('RUL-4267ff2c:16a444aba70:-6f9a','\npackage oboassessment.WATER_WASTEWATER_CISTERN_FEE;\nimport oboassessment.*;\nimport java.util.*;\nimport com.rameses.rules.common.*;\n\nglobal RuleAction action;\n\nrule \"WATER_WASTEWATER_CISTERN_FEE\"\n	agenda-group \"compute-accessory-structure\"\n	salience 50000\n	no-loop\n	when\n		\n		\n		BILLITEM: treasury.facts.BillItem (  billcode matches \"ACCESSORY_STRUCTURE_FEE\" ) \n		\n		 obo.facts.OboDecimalInfo (  name matches \"WATER_AND_WASTE_WATER_TREATMENT_TANK\",CUM:value ) \n		\n	then\n		Map bindings = new HashMap();\n		\n		bindings.put(\"CUM\", CUM );\n		\n		bindings.put(\"BILLITEM\", BILLITEM );\n		\n	Map _p0 = new HashMap();\n_p0.put( \"billitem\", BILLITEM );\n_p0.put( \"type\", \"ADD\" );\n_p0.put( \"amount\", (new ActionExpression(\"CUM * 7\", bindings)) );\naction.execute( \"update-billitem-amount\",_p0,drools);\n\nend\n\n\n	'),('RUL-4267ff2c:16a444aba70:-7247','\npackage oboassessment.SWIMMING_POOL_LOCKER_ROOM_FEE;\nimport oboassessment.*;\nimport java.util.*;\nimport com.rameses.rules.common.*;\n\nglobal RuleAction action;\n\nrule \"SWIMMING_POOL_LOCKER_ROOM_FEE\"\n	agenda-group \"compute-accessory-structure\"\n	salience 50000\n	no-loop\n	when\n		\n		\n		 obo.facts.OboIntegerInfo (  name matches \"SWIMMING_POOL_SHOWER_LOCKER_ROOM\",UNIT:value ) \n		\n		BILLITEM: treasury.facts.BillItem (  billcode matches \"ACCESSORY_STRUCTURE_FEE\" ) \n		\n	then\n		Map bindings = new HashMap();\n		\n		bindings.put(\"UNIT\", UNIT );\n		\n		bindings.put(\"BILLITEM\", BILLITEM );\n		\n	Map _p0 = new HashMap();\n_p0.put( \"billitem\", BILLITEM );\n_p0.put( \"type\", \"ADD\" );\n_p0.put( \"amount\", (new ActionExpression(\"UNIT * 60\", bindings)) );\naction.execute( \"update-billitem-amount\",_p0,drools);\n\nend\n\n\n	'),('RUL-4267ff2c:16a444aba70:-744a','\npackage oboassessment.CONCRETE_OR_STEEL_TANK_ACCESSORY_FEE_ABOVE_GROUND;\nimport oboassessment.*;\nimport java.util.*;\nimport com.rameses.rules.common.*;\n\nglobal RuleAction action;\n\nrule \"CONCRETE_OR_STEEL_TANK_ACCESSORY_FEE_ABOVE_GROUND\"\n	agenda-group \"compute-accessory-structure\"\n	salience 50000\n	no-loop\n	when\n		\n		\n		 obo.facts.OboDecimalInfo (  name matches \"CONCRETE_OR_STEEL_TANK\",CUM:value ) \n		\n		BILLITEM: treasury.facts.BillItem (  billcode matches \"ACCESSORY_STRUCTURE_FEE\" ) \n		\n	then\n		Map bindings = new HashMap();\n		\n		bindings.put(\"BILLITEM\", BILLITEM );\n		\n		bindings.put(\"CUM\", CUM );\n		\n	RangeEntry re0 = new RangeEntry(\"CONCRETE_OR_STEEL_TANK_ACCESSORY_FEE_ABOVE_GROUND\");\nre0.setBindings(bindings);\nre0.setDecimalvalue(CUM);\nre0.getParams().put( \"billitem\", BILLITEM );\nre0.getParams().put( \"type\", \"ADD\" );\nre0.getParams().put( \"amount\", 0.0 );\ninsert(re0);\n\nend\n\n\n	\nrule \"update-billitem-amount_0_0\"\n	agenda-group \"compute-accessory-structure\"\n	salience 50000\n	no-loop\n	when\n		\n		rv: RangeEntry( id==\"CONCRETE_OR_STEEL_TANK_ACCESSORY_FEE_ABOVE_GROUND\", decimalvalue > 0, decimalvalue <= 10.00 )\n		\n		\n	then\n		Map bindings = rv.getBindings();\n		Map params = rv.getParams();\n		params.put( \"amount\", (new ActionExpression(\"CUM * 480\", bindings)) );	\n		 \n		action.execute( \"update-billitem-amount\",params, drools);\nend\n\n\n	\nrule \"update-billitem-amount_0_1\"\n	agenda-group \"compute-accessory-structure\"\n	salience 50000\n	no-loop\n	when\n		\n		\n		rv: RangeEntry( id==\"CONCRETE_OR_STEEL_TANK_ACCESSORY_FEE_ABOVE_GROUND\", decimalvalue > 10.00 )\n		\n	then\n		Map bindings = rv.getBindings();\n		Map params = rv.getParams();\n		params.put( \"amount\", (new ActionExpression(\"4800 + (( CUM-10)* 24)\", bindings)) );	\n		 \n		action.execute( \"update-billitem-amount\",params, drools);\nend\n\n\n	'),('RUL-4267ff2c:16a444aba70:-7493','\npackage oboassessment.CONCRETE_OR_STEEL_TANK_ACCESSORY_FEE_UNDERGROUND;\nimport oboassessment.*;\nimport java.util.*;\nimport com.rameses.rules.common.*;\n\nglobal RuleAction action;\n\nrule \"CONCRETE_OR_STEEL_TANK_ACCESSORY_FEE_UNDERGROUND\"\n	agenda-group \"compute-accessory-structure\"\n	salience 50000\n	no-loop\n	when\n		\n		\n		 obo.facts.OboDecimalInfo (  name matches \"CONCRETE_OR_STEEL_TANK_UNDERGROUND\",CUM:value ) \n		\n		BILLITEM: treasury.facts.BillItem (  billcode matches \"ACCESSORY_STRUCTURE_FEE\" ) \n		\n	then\n		Map bindings = new HashMap();\n		\n		bindings.put(\"BILLITEM\", BILLITEM );\n		\n		bindings.put(\"CUM\", CUM );\n		\n	RangeEntry re0 = new RangeEntry(\"CONCRETE_OR_STEEL_TANK_ACCESSORY_FEE_UNDERGROUND\");\nre0.setBindings(bindings);\nre0.setDecimalvalue(CUM);\nre0.getParams().put( \"billitem\", BILLITEM );\nre0.getParams().put( \"type\", \"ADD\" );\nre0.getParams().put( \"amount\", 0.0 );\ninsert(re0);\n\nend\n\n\n	\nrule \"update-billitem-amount_0_0\"\n	agenda-group \"compute-accessory-structure\"\n	salience 50000\n	no-loop\n	when\n		\n		rv: RangeEntry( id==\"CONCRETE_OR_STEEL_TANK_ACCESSORY_FEE_UNDERGROUND\", decimalvalue > 0, decimalvalue <= 20.00 )\n		\n		\n	then\n		Map bindings = rv.getBindings();\n		Map params = rv.getParams();\n		params.put( \"amount\", (new ActionExpression(\"CUM * 540\", bindings)) );	\n		 \n		action.execute( \"update-billitem-amount\",params, drools);\nend\n\n\n	\nrule \"update-billitem-amount_0_1\"\n	agenda-group \"compute-accessory-structure\"\n	salience 50000\n	no-loop\n	when\n		\n		\n		rv: RangeEntry( id==\"CONCRETE_OR_STEEL_TANK_ACCESSORY_FEE_UNDERGROUND\", decimalvalue > 20.00 )\n		\n	then\n		Map bindings = rv.getBindings();\n		Map params = rv.getParams();\n		params.put( \"amount\", (new ActionExpression(\"10800 + ((CUM-20) * 24)\", bindings)) );	\n		 \n		action.execute( \"update-billitem-amount\",params, drools);\nend\n\n\n	'),('RUL-4267ff2c:16a444aba70:-7b89','\npackage oboassessment.KILN_ACCESSORY_FEE;\nimport oboassessment.*;\nimport java.util.*;\nimport com.rameses.rules.common.*;\n\nglobal RuleAction action;\n\nrule \"KILN_ACCESSORY_FEE\"\n	agenda-group \"compute-accessory-structure\"\n	salience 50000\n	no-loop\n	when\n		\n		\n		BILLITEM: treasury.facts.BillItem (  billcode matches \"ACCESSORY_STRUCTURE_FEE\" ) \n		\n		 obo.facts.OboDecimalInfo (  name matches \"KILN_FURNACE\",CUM:value ) \n		\n	then\n		Map bindings = new HashMap();\n		\n		bindings.put(\"CUM\", CUM );\n		\n		bindings.put(\"BILLITEM\", BILLITEM );\n		\n	Map _p0 = new HashMap();\n_p0.put( \"billitem\", BILLITEM );\n_p0.put( \"type\", \"ADD\" );\n_p0.put( \"amount\", (new ActionExpression(\"CUM * 12\", bindings)) );\naction.execute( \"update-billitem-amount\",_p0,drools);\n\nend\n\n\n	'),('RUL-4267ff2c:16a444aba70:-7d9d','\npackage oboassessment.FIXED_OVEN_ACCESSORY_FEE;\nimport oboassessment.*;\nimport java.util.*;\nimport com.rameses.rules.common.*;\n\nglobal RuleAction action;\n\nrule \"FIXED_OVEN_ACCESSORY_FEE\"\n	agenda-group \"compute-accessory-structure\"\n	salience 50000\n	no-loop\n	when\n		\n		\n		 obo.facts.OboDecimalInfo (  name matches \"FIXED_OVEN\",SQM:value ) \n		\n		BILLITEM: treasury.facts.BillItem (  billcode matches \"ACCESSORY_STRUCTURE_FEE\" ) \n		\n	then\n		Map bindings = new HashMap();\n		\n		bindings.put(\"SQM\", SQM );\n		\n		bindings.put(\"BILLITEM\", BILLITEM );\n		\n	Map _p0 = new HashMap();\n_p0.put( \"billitem\", BILLITEM );\n_p0.put( \"type\", \"ADD\" );\n_p0.put( \"amount\", (new ActionExpression(\"SQM * 48\", bindings)) );\naction.execute( \"update-billitem-amount\",_p0,drools);\n\nend\n\n\n	'),('RUL-46ef70e6:15b192ccb94:-755f','\npackage oboassessment.BLDG_FEE_C2_D123;\nimport oboassessment.*;\nimport java.util.*;\nimport com.rameses.rules.common.*;\n\nglobal RuleAction action;\n\nrule \"BLDG_FEE_C2_D123\"\n	agenda-group \"compute-bldgfee\"\n	salience 50000\n	no-loop\n	when\n		\n		\n		BD: obo.facts.OboDocument (  doctype matches \"BUILDING_PERMIT\" ) \n		\n		 obo.facts.BuildingInfo (  AREA:totalfloorarea ) \n		\n		 obo.facts.OccupancyType (  division matches \"C2|D1|D2|D3\" ) \n		\n	then\n		Map bindings = new HashMap();\n		\n		bindings.put(\"AREA\", AREA );\n		\n		bindings.put(\"BD\", BD );\n		\n	RangeEntry re0 = new RangeEntry(\"BLDG_FEE_C2_D123\");\nre0.setBindings(bindings);\nre0.setDecimalvalue(AREA);\nre0.getParams().put( \"amount\", 0.0 );\nre0.getParams().put( \"billcode\", new KeyValue(\"BUILDING_PERMIT_FEE\", \"BUILDING PERMIT FEE\") );\ninsert(re0);\n\nend\n\n\n	\nrule \"add-billitem_0_0\"\n	agenda-group \"compute-bldgfee\"\n	salience 50000\n	no-loop\n	when\n		\n		rv: RangeEntry( id==\"BLDG_FEE_C2_D123\", decimalvalue > 0, decimalvalue <= 500.00 )\n		\n		\n	then\n		Map bindings = rv.getBindings();\n		Map params = rv.getParams();\n		params.put( \"amount\", (new ActionExpression(\"AREA * 12\", bindings)) );	\n		 \n		action.execute( \"add-billitem\",params, drools);\nend\n\n\n	\nrule \"add-billitem_0_1\"\n	agenda-group \"compute-bldgfee\"\n	salience 50000\n	no-loop\n	when\n		\n		rv: RangeEntry( id==\"BLDG_FEE_C2_D123\", decimalvalue > 500.00, decimalvalue <= 600.00 )\n		\n		\n	then\n		Map bindings = rv.getBindings();\n		Map params = rv.getParams();\n		params.put( \"amount\", (new ActionExpression(\"6000 + ((AREA-500) * 11)\", bindings)) );	\n		 \n		action.execute( \"add-billitem\",params, drools);\nend\n\n\n	\nrule \"add-billitem_0_2\"\n	agenda-group \"compute-bldgfee\"\n	salience 50000\n	no-loop\n	when\n		\n		rv: RangeEntry( id==\"BLDG_FEE_C2_D123\", decimalvalue > 600.00, decimalvalue <= 700.00 )\n		\n		\n	then\n		Map bindings = rv.getBindings();\n		Map params = rv.getParams();\n		params.put( \"amount\", (new ActionExpression(\"6000 + 1100 + ((AREA-600) * 10.20)\", bindings)) );	\n		 \n		action.execute( \"add-billitem\",params, drools);\nend\n\n\n	\nrule \"add-billitem_0_3\"\n	agenda-group \"compute-bldgfee\"\n	salience 50000\n	no-loop\n	when\n		\n		rv: RangeEntry( id==\"BLDG_FEE_C2_D123\", decimalvalue > 700.00, decimalvalue <= 800.00 )\n		\n		\n	then\n		Map bindings = rv.getBindings();\n		Map params = rv.getParams();\n		params.put( \"amount\", (new ActionExpression(\"6000 + 1100 + 1020 + ((AREA-700) * 9.60)\", bindings)) );	\n		 \n		action.execute( \"add-billitem\",params, drools);\nend\n\n\n	\nrule \"add-billitem_0_4\"\n	agenda-group \"compute-bldgfee\"\n	salience 50000\n	no-loop\n	when\n		\n		rv: RangeEntry( id==\"BLDG_FEE_C2_D123\", decimalvalue > 800.00, decimalvalue <= 900.00 )\n		\n		\n	then\n		Map bindings = rv.getBindings();\n		Map params = rv.getParams();\n		params.put( \"amount\", (new ActionExpression(\"6000 + 1100 + 1020 + 960 + ((AREA-800) * 9)\", bindings)) );	\n		 \n		action.execute( \"add-billitem\",params, drools);\nend\n\n\n	\nrule \"add-billitem_0_5\"\n	agenda-group \"compute-bldgfee\"\n	salience 50000\n	no-loop\n	when\n		\n		rv: RangeEntry( id==\"BLDG_FEE_C2_D123\", decimalvalue > 900.00, decimalvalue <= 1000.00 )\n		\n		\n	then\n		Map bindings = rv.getBindings();\n		Map params = rv.getParams();\n		params.put( \"amount\", (new ActionExpression(\"6000 + 1100 + 1020 + 960  + 900 + ((AREA-900) * 8.40)\", bindings)) );	\n		 \n		action.execute( \"add-billitem\",params, drools);\nend\n\n\n	\nrule \"add-billitem_0_6\"\n	agenda-group \"compute-bldgfee\"\n	salience 50000\n	no-loop\n	when\n		\n		rv: RangeEntry( id==\"BLDG_FEE_C2_D123\", decimalvalue > 1000.00, decimalvalue <= 1500.00 )\n		\n		\n	then\n		Map bindings = rv.getBindings();\n		Map params = rv.getParams();\n		params.put( \"amount\", (new ActionExpression(\"6000 + 1100 + 1020 + 960  + 900 + 840 + ((AREA-1000) * 7.2)\", bindings)) );	\n		 \n		action.execute( \"add-billitem\",params, drools);\nend\n\n\n	\nrule \"add-billitem_0_7\"\n	agenda-group \"compute-bldgfee\"\n	salience 50000\n	no-loop\n	when\n		\n		rv: RangeEntry( id==\"BLDG_FEE_C2_D123\", decimalvalue > 1500.00, decimalvalue <= 2000.00 )\n		\n		\n	then\n		Map bindings = rv.getBindings();\n		Map params = rv.getParams();\n		params.put( \"amount\", (new ActionExpression(\"6000 + 1100 + 1020 + 960  + 900 + 840 +  3600 + ((AREA-1500) * 6.6)\", bindings)) );	\n		 \n		action.execute( \"add-billitem\",params, drools);\nend\n\n\n	\nrule \"add-billitem_0_8\"\n	agenda-group \"compute-bldgfee\"\n	salience 50000\n	no-loop\n	when\n		\n		rv: RangeEntry( id==\"BLDG_FEE_C2_D123\", decimalvalue > 2000.00, decimalvalue <= 3000.00 )\n		\n		\n	then\n		Map bindings = rv.getBindings();\n		Map params = rv.getParams();\n		params.put( \"amount\", (new ActionExpression(\"6000 + 1100 + 1020 + 960  + 900 + 840 +  3600 + 3300 + ((AREA-2000) * 6)\", bindings)) );	\n		 \n		action.execute( \"add-billitem\",params, drools);\nend\n\n\n	\nrule \"add-billitem_0_9\"\n	agenda-group \"compute-bldgfee\"\n	salience 50000\n	no-loop\n	when\n		\n		\n		rv: RangeEntry( id==\"BLDG_FEE_C2_D123\", decimalvalue > 3000.00 )\n		\n	then\n		Map bindings = rv.getBindings();\n		Map params = rv.getParams();\n		params.put( \"amount\", (new ActionExpression(\"6000 + 1100 + 1020 + 960  + 900 + 840 +  3600 + 3300 + 6000 + ((AREA-3000) * 5)\", bindings)) );	\n		 \n		action.execute( \"add-billitem\",params, drools);\nend\n\n\n	'),('RUL-46ef70e6:15b192ccb94:-7783','\npackage oboassessment.BLDG_FEE_B1_C1_E123_F1_G12345_H1234_I1_J123;\nimport oboassessment.*;\nimport java.util.*;\nimport com.rameses.rules.common.*;\n\nglobal RuleAction action;\n\nrule \"BLDG_FEE_B1_C1_E123_F1_G12345_H1234_I1_J123\"\n	agenda-group \"compute-bldgfee\"\n	salience 50000\n	no-loop\n	when\n		\n		\n		BD: obo.facts.OboDocument (  doctype matches \"BUILDING_PERMIT\" ) \n		\n		 obo.facts.BuildingInfo (  AREA:totalfloorarea ) \n		\n		 obo.facts.OccupancyType (  division matches \"B1|C1|E1|E2|E3|F1|G1|G2|G3|G4|G5|H1|H2|H3|H4|I1|J1|J2|J3\" ) \n		\n	then\n		Map bindings = new HashMap();\n		\n		bindings.put(\"AREA\", AREA );\n		\n		bindings.put(\"BD\", BD );\n		\n	RangeEntry re0 = new RangeEntry(\"BLDG_FEE_B1_C1_E123_F1_G12345_H1234_I1_J123\");\nre0.setBindings(bindings);\nre0.setDecimalvalue(AREA);\nre0.getParams().put( \"amount\", 0.0 );\nre0.getParams().put( \"billcode\", new KeyValue(\"BUILDING_PERMIT_FEE\", \"BUILDING PERMIT FEE\") );\ninsert(re0);\n\nend\n\n\n	\nrule \"add-billitem_0_0\"\n	agenda-group \"compute-bldgfee\"\n	salience 50000\n	no-loop\n	when\n		\n		rv: RangeEntry( id==\"BLDG_FEE_B1_C1_E123_F1_G12345_H1234_I1_J123\", decimalvalue > 0, decimalvalue <= 500.00 )\n		\n		\n	then\n		Map bindings = rv.getBindings();\n		Map params = rv.getParams();\n		params.put( \"amount\", (new ActionExpression(\"AREA * 23\", bindings)) );	\n		 \n		action.execute( \"add-billitem\",params, drools);\nend\n\n\n	\nrule \"add-billitem_0_1\"\n	agenda-group \"compute-bldgfee\"\n	salience 50000\n	no-loop\n	when\n		\n		rv: RangeEntry( id==\"BLDG_FEE_B1_C1_E123_F1_G12345_H1234_I1_J123\", decimalvalue > 500.00, decimalvalue <= 600.00 )\n		\n		\n	then\n		Map bindings = rv.getBindings();\n		Map params = rv.getParams();\n		params.put( \"amount\", (new ActionExpression(\"11500 + ((AREA-500) * 22)\", bindings)) );	\n		 \n		action.execute( \"add-billitem\",params, drools);\nend\n\n\n	\nrule \"add-billitem_0_2\"\n	agenda-group \"compute-bldgfee\"\n	salience 50000\n	no-loop\n	when\n		\n		rv: RangeEntry( id==\"BLDG_FEE_B1_C1_E123_F1_G12345_H1234_I1_J123\", decimalvalue > 600.00, decimalvalue <= 700.00 )\n		\n		\n	then\n		Map bindings = rv.getBindings();\n		Map params = rv.getParams();\n		params.put( \"amount\", (new ActionExpression(\"11500 + 2200 + ((AREA-600) * 20.50)\", bindings)) );	\n		 \n		action.execute( \"add-billitem\",params, drools);\nend\n\n\n	\nrule \"add-billitem_0_3\"\n	agenda-group \"compute-bldgfee\"\n	salience 50000\n	no-loop\n	when\n		\n		rv: RangeEntry( id==\"BLDG_FEE_B1_C1_E123_F1_G12345_H1234_I1_J123\", decimalvalue > 700.00, decimalvalue <= 800.00 )\n		\n		\n	then\n		Map bindings = rv.getBindings();\n		Map params = rv.getParams();\n		params.put( \"amount\", (new ActionExpression(\"11500 + 2200 + 2050 + ((AREA-700) * 19.50)\", bindings)) );	\n		 \n		action.execute( \"add-billitem\",params, drools);\nend\n\n\n	\nrule \"add-billitem_0_4\"\n	agenda-group \"compute-bldgfee\"\n	salience 50000\n	no-loop\n	when\n		\n		rv: RangeEntry( id==\"BLDG_FEE_B1_C1_E123_F1_G12345_H1234_I1_J123\", decimalvalue > 800.00, decimalvalue <= 900.00 )\n		\n		\n	then\n		Map bindings = rv.getBindings();\n		Map params = rv.getParams();\n		params.put( \"amount\", (new ActionExpression(\"11500 + 2200 + 2050 + 1950 + ((AREA-800) * 18)\", bindings)) );	\n		 \n		action.execute( \"add-billitem\",params, drools);\nend\n\n\n	\nrule \"add-billitem_0_5\"\n	agenda-group \"compute-bldgfee\"\n	salience 50000\n	no-loop\n	when\n		\n		rv: RangeEntry( id==\"BLDG_FEE_B1_C1_E123_F1_G12345_H1234_I1_J123\", decimalvalue > 900.00, decimalvalue <= 1000.00 )\n		\n		\n	then\n		Map bindings = rv.getBindings();\n		Map params = rv.getParams();\n		params.put( \"amount\", (new ActionExpression(\"11500 + 2200 + 2050 + 1950 + 1800 + ((AREA-900) * 17)\", bindings)) );	\n		 \n		action.execute( \"add-billitem\",params, drools);\nend\n\n\n	\nrule \"add-billitem_0_6\"\n	agenda-group \"compute-bldgfee\"\n	salience 50000\n	no-loop\n	when\n		\n		rv: RangeEntry( id==\"BLDG_FEE_B1_C1_E123_F1_G12345_H1234_I1_J123\", decimalvalue > 1000.00, decimalvalue <= 1500.00 )\n		\n		\n	then\n		Map bindings = rv.getBindings();\n		Map params = rv.getParams();\n		params.put( \"amount\", (new ActionExpression(\"11500 + 2200 + 2050 + 1950 + 1800 + 1700 + ((AREA-1000) * 16)\", bindings)) );	\n		 \n		action.execute( \"add-billitem\",params, drools);\nend\n\n\n	\nrule \"add-billitem_0_7\"\n	agenda-group \"compute-bldgfee\"\n	salience 50000\n	no-loop\n	when\n		\n		rv: RangeEntry( id==\"BLDG_FEE_B1_C1_E123_F1_G12345_H1234_I1_J123\", decimalvalue > 1500.00, decimalvalue <= 2000.00 )\n		\n		\n	then\n		Map bindings = rv.getBindings();\n		Map params = rv.getParams();\n		params.put( \"amount\", (new ActionExpression(\"11500 + 2200 + 2050 + 1950 + 1800 + 1700 + 8000 + ((AREA-1500) * 15)\", bindings)) );	\n		 \n		action.execute( \"add-billitem\",params, drools);\nend\n\n\n	\nrule \"add-billitem_0_8\"\n	agenda-group \"compute-bldgfee\"\n	salience 50000\n	no-loop\n	when\n		\n		rv: RangeEntry( id==\"BLDG_FEE_B1_C1_E123_F1_G12345_H1234_I1_J123\", decimalvalue > 2000.00, decimalvalue <= 3000.00 )\n		\n		\n	then\n		Map bindings = rv.getBindings();\n		Map params = rv.getParams();\n		params.put( \"amount\", (new ActionExpression(\"11500 + 2200 + 2050 + 1950 + 1800 + 1700 + 8000 + 7500 + ((AREA-2000) * 14)\", bindings)) );	\n		 \n		action.execute( \"add-billitem\",params, drools);\nend\n\n\n	\nrule \"add-billitem_0_9\"\n	agenda-group \"compute-bldgfee\"\n	salience 50000\n	no-loop\n	when\n		\n		\n		rv: RangeEntry( id==\"BLDG_FEE_B1_C1_E123_F1_G12345_H1234_I1_J123\", decimalvalue > 3000.00 )\n		\n	then\n		Map bindings = rv.getBindings();\n		Map params = rv.getParams();\n		params.put( \"amount\", (new ActionExpression(\"11500 + 2200 + 2050 + 1950 + 1800 + 1700 + 8000 + 7500 + 14000 + ((AREA-3000) * 12)\", bindings)) );	\n		 \n		action.execute( \"add-billitem\",params, drools);\nend\n\n\n	'),('RUL-46ef70e6:15b192ccb94:-78f4','\npackage oboassessment.BLDG_FEE_A2;\nimport oboassessment.*;\nimport java.util.*;\nimport com.rameses.rules.common.*;\n\nglobal RuleAction action;\n\nrule \"BLDG_FEE_A2\"\n	agenda-group \"compute-bldgfee\"\n	salience 50000\n	no-loop\n	when\n		\n		\n		 obo.facts.OccupancyType (  division matches \"A2\" ) \n		\n		 obo.facts.BuildingInfo (  AREA:totalfloorarea ) \n		\n		BD: obo.facts.OboDocument (  doctype matches \"BUILDING_PERMIT\" ) \n		\n	then\n		Map bindings = new HashMap();\n		\n		bindings.put(\"BD\", BD );\n		\n		bindings.put(\"AREA\", AREA );\n		\n	RangeEntry re0 = new RangeEntry(\"BLDG_FEE_A2\");\nre0.setBindings(bindings);\nre0.setDecimalvalue(AREA);\nre0.getParams().put( \"amount\", 0.0 );\nre0.getParams().put( \"billcode\", new KeyValue(\"BUILDING_PERMIT_FEE\", \"BUILDING PERMIT FEE\") );\ninsert(re0);\n\nend\n\n\n	\nrule \"add-billitem_0_0\"\n	agenda-group \"compute-bldgfee\"\n	salience 50000\n	no-loop\n	when\n		\n		rv: RangeEntry( id==\"BLDG_FEE_A2\", decimalvalue > 0, decimalvalue <= 20.00 )\n		\n		\n	then\n		Map bindings = rv.getBindings();\n		Map params = rv.getParams();\n		params.put( \"amount\", (new ActionExpression(\"3.0 * AREA\", bindings)) );	\n		 \n		action.execute( \"add-billitem\",params, drools);\nend\n\n\n	\nrule \"add-billitem_0_1\"\n	agenda-group \"compute-bldgfee\"\n	salience 50000\n	no-loop\n	when\n		\n		rv: RangeEntry( id==\"BLDG_FEE_A2\", decimalvalue > 20.00, decimalvalue <= 50.00 )\n		\n		\n	then\n		Map bindings = rv.getBindings();\n		Map params = rv.getParams();\n		params.put( \"amount\", (new ActionExpression(\"5.20 * AREA\", bindings)) );	\n		 \n		action.execute( \"add-billitem\",params, drools);\nend\n\n\n	\nrule \"add-billitem_0_2\"\n	agenda-group \"compute-bldgfee\"\n	salience 50000\n	no-loop\n	when\n		\n		rv: RangeEntry( id==\"BLDG_FEE_A2\", decimalvalue > 50.00, decimalvalue <= 150.00 )\n		\n		\n	then\n		Map bindings = rv.getBindings();\n		Map params = rv.getParams();\n		params.put( \"amount\", (new ActionExpression(\"8 * AREA\", bindings)) );	\n		 \n		action.execute( \"add-billitem\",params, drools);\nend\n\n\n	\nrule \"add-billitem_0_3\"\n	agenda-group \"compute-bldgfee\"\n	salience 50000\n	no-loop\n	when\n		\n		\n		rv: RangeEntry( id==\"BLDG_FEE_A2\", decimalvalue > 150.00 )\n		\n	then\n		Map bindings = rv.getBindings();\n		Map params = rv.getParams();\n		params.put( \"amount\", (new ActionExpression(\"8.40 * AREA\", bindings)) );	\n		 \n		action.execute( \"add-billitem\",params, drools);\nend\n\n\n	'),('RUL-49489680:17936c381df:-7717','\npackage oboworkflow.POST_RPT_PAYMENT;\nimport oboworkflow.*;\nimport java.util.*;\nimport com.rameses.rules.common.*;\n\nglobal RuleAction action;\n\nrule \"POST_RPT_PAYMENT\"\n	agenda-group \"initial\"\n	salience 50000\n	no-loop\n	when\n		\n		\n		WT: workflow.facts.WfTaskResult (  processname == \"building_permit\",fromaction == \"post-payment\" ) \n		\n	then\n		Map bindings = new HashMap();\n		\n		bindings.put(\"WT\", WT );\n		\n	Map _p0 = new HashMap();\n_p0.put( \"scriptname\", \"BuildingPermitRpuService\" );\n_p0.put( \"actionname\", \"postPayment\" );\n_p0.put( \"params\", (new ActionExpression(\"[    appid: WT.refid ]\", bindings)) );\naction.execute( \"execute-script\",_p0,drools);\n\nend\n\n\n	'),('RUL-580c0202:1796dc1fd5f:-7e53','\npackage oboworkflow.VALIDATE_BEFORE_INSPECTION;\nimport oboworkflow.*;\nimport java.util.*;\nimport com.rameses.rules.common.*;\n\nglobal RuleAction action;\n\nrule \"VALIDATE_BEFORE_INSPECTION\"\n	agenda-group \"initial\"\n	salience 50000\n	no-loop\n	when\n		\n		\n		WT: workflow.facts.WfTaskResult (  processname == \"occupancy_certificate\",state == \"inspection-wait-state\" ) \n		\n	then\n		Map bindings = new HashMap();\n		\n		bindings.put(\"WT\", WT );\n		\n	Map _p0 = new HashMap();\n_p0.put( \"scriptname\", \"OccupancyInspectionScheduleService\" );\n_p0.put( \"actionname\", \"transmitSchedule\" );\n_p0.put( \"params\", (new ActionExpression(\"[ appid: WT.refid, sendmail:true  ]\", bindings)) );\naction.execute( \"execute-script\",_p0,drools);\n\nend\n\n\n	'),('RUL-5b99cee3:1763b4d0bec:-7b11','\npackage oboassessment.OCCUPANCY_PENALTY;\nimport oboassessment.*;\nimport java.util.*;\nimport com.rameses.rules.common.*;\n\nglobal RuleAction action;\n\nrule \"OCCUPANCY_PENALTY\"\n	agenda-group \"compute-occupancyfee\"\n	salience 50000\n	no-loop\n	when\n		\n		\n		DOC: obo.facts.OboDocument (  doctype matches \"OCCUPANCY_CERTIFICATE\" ) \n		\n		 obo.facts.OccupancyState (  operational == true  ) \n		\n	then\n		Map bindings = new HashMap();\n		\n		bindings.put(\"DOC\", DOC );\n		\n	Map _p0 = new HashMap();\n_p0.put( \"amount\", (new ActionExpression(\"8000\", bindings)) );\n_p0.put( \"billcode\", new KeyValue(\"PENALTY_BUILDING_PERMIT\", \"PENALTY ON BUILDING PERMIT\") );\naction.execute( \"add-billitem\",_p0,drools);\n\nend\n\n\n	'),('RUL-64949ac3:17987dbd3a5:-76d0','\npackage oboassessment.NON_AGRCULTURAL;\nimport oboassessment.*;\nimport java.util.*;\nimport com.rameses.rules.common.*;\n\nglobal RuleAction action;\n\nrule \"NON_AGRCULTURAL\"\n	agenda-group \"compute-zoning-fee\"\n	salience 50000\n	no-loop\n	when\n		\n		\n		DOC: obo.facts.OboDocument (  doctype matches \"LOCATIONAL_CLEARANCE\" ) \n		\n		 obo.facts.OboLookupInfo (  name matches \"ZONECLASS\",value not matches \"ZONECLASS:A\" ) \n		\n		 obo.facts.BuildingInfo (  PROJCOST:projectcost ) \n		\n	then\n		Map bindings = new HashMap();\n		\n		bindings.put(\"DOC\", DOC );\n		\n		bindings.put(\"PROJCOST\", PROJCOST );\n		\n	Map _p0 = new HashMap();\n_p0.put( \"amount\", (new ActionExpression(\"PROJCOST * 0.01\", bindings)) );\n_p0.put( \"billcode\", new KeyValue(\"LOCATIONAL_CLEARANCE_FEE\", \"LOCATIONAL CLEARANCE FEE\") );\naction.execute( \"add-billitem\",_p0,drools);\n\nend\n\n\n	'),('RUL-64949ac3:17987dbd3a5:-7ba5','\npackage oboassessment.AGRICULTURAL_RATE;\nimport oboassessment.*;\nimport java.util.*;\nimport com.rameses.rules.common.*;\n\nglobal RuleAction action;\n\nrule \"AGRICULTURAL_RATE\"\n	agenda-group \"compute-zoning-fee\"\n	salience 50000\n	no-loop\n	when\n		\n		\n		DOC: obo.facts.OboDocument (  doctype matches \"LOCATIONAL_CLEARANCE\" ) \n		\n		 obo.facts.OboLookupInfo (  name matches \"ZONECLASS\",value matches \"ZONECLASS:A\" ) \n		\n		 obo.facts.BuildingInfo (  PROJCOST:projectcost ) \n		\n	then\n		Map bindings = new HashMap();\n		\n		bindings.put(\"DOC\", DOC );\n		\n		bindings.put(\"PROJCOST\", PROJCOST );\n		\n	Map _p0 = new HashMap();\n_p0.put( \"amount\", (new ActionExpression(\"PROJCOST * 0.02\", bindings)) );\n_p0.put( \"billcode\", new KeyValue(\"LOCATIONAL_CLEARANCE_FEE\", \"LOCATIONAL CLEARANCE FEE\") );\naction.execute( \"add-billitem\",_p0,drools);\n\nend\n\n\n	'),('RUL-70eb32d:16c2d244c23:-7a5e','\npackage oboassessment.TAX_CLEARANCE;\nimport oboassessment.*;\nimport java.util.*;\nimport com.rameses.rules.common.*;\n\nglobal RuleAction action;\n\nrule \"TAX_CLEARANCE\"\n	agenda-group \"pre-summary\"\n	salience 50000\n	no-loop\n	when\n		\n		\n		 obo.facts.RpuCount (  TOTAL:totalcount,BYOWNER:byownercount ) \n		\n	then\n		Map bindings = new HashMap();\n		\n		bindings.put(\"TOTAL\", TOTAL );\n		\n		bindings.put(\"BYOWNER\", BYOWNER );\n		\n	Map _p0 = new HashMap();\n_p0.put( \"amount\", (new ActionExpression(\"50 * TOTAL\", bindings)) );\n_p0.put( \"billcode\", new KeyValue(\"TAX_CLEARANCE\", \"TAX CLEARANCE\") );\naction.execute( \"add-billitem\",_p0,drools);\nMap _p1 = new HashMap();\n_p1.put( \"amount\", (new ActionExpression(\"50 * TOTAL\", bindings)) );\n_p1.put( \"billcode\", new KeyValue(\"TAX_DEC\", \"TAX DECLARATION\") );\naction.execute( \"add-billitem\",_p1,drools);\n\nend\n\n\n	'),('RUL-7385ffbe:16a438b05b7:-5b9d','\npackage oboassessment.CHIMNEY_ACCESSORY_FEE_GROUP_B_E_F_G;\nimport oboassessment.*;\nimport java.util.*;\nimport com.rameses.rules.common.*;\n\nglobal RuleAction action;\n\nrule \"CHIMNEY_ACCESSORY_FEE_GROUP_B_E_F_G\"\n	agenda-group \"compute-accessory-structure\"\n	salience 50000\n	no-loop\n	when\n		\n		\n		 obo.facts.OccupancyType (  group matches \"B|E|F|G\" ) \n		\n		BILLITEM: treasury.facts.BillItem (  billcode matches \"ACCESSORY_STRUCTURE_FEE\" ) \n		\n		 obo.facts.OboDecimalInfo (  name matches \"CHIMNEY\",HEIGHT:value ) \n		\n	then\n		Map bindings = new HashMap();\n		\n		bindings.put(\"HEIGHT\", HEIGHT );\n		\n		bindings.put(\"BILLITEM\", BILLITEM );\n		\n	RangeEntry re0 = new RangeEntry(\"CHIMNEY_ACCESSORY_FEE_GROUP_B_E_F_G\");\nre0.setBindings(bindings);\nre0.setDecimalvalue(HEIGHT);\nre0.getParams().put( \"billitem\", BILLITEM );\nre0.getParams().put( \"type\", \"ADD\" );\nre0.getParams().put( \"amount\", 0.0 );\ninsert(re0);\n\nend\n\n\n	\nrule \"update-billitem-amount_0_0\"\n	agenda-group \"compute-accessory-structure\"\n	salience 50000\n	no-loop\n	when\n		\n		rv: RangeEntry( id==\"CHIMNEY_ACCESSORY_FEE_GROUP_B_E_F_G\", decimalvalue > 0, decimalvalue <= 10.00 )\n		\n		\n	then\n		Map bindings = rv.getBindings();\n		Map params = rv.getParams();\n		params.put( \"amount\", (new ActionExpression(\"HEIGHT * 48\", bindings)) );	\n		 \n		action.execute( \"update-billitem-amount\",params, drools);\nend\n\n\n	\nrule \"update-billitem-amount_0_1\"\n	agenda-group \"compute-accessory-structure\"\n	salience 50000\n	no-loop\n	when\n		\n		\n		rv: RangeEntry( id==\"CHIMNEY_ACCESSORY_FEE_GROUP_B_E_F_G\", decimalvalue > 10.00 )\n		\n	then\n		Map bindings = rv.getBindings();\n		Map params = rv.getParams();\n		params.put( \"amount\", (new ActionExpression(\"480 + (( HEIGHT-10)*2)\", bindings)) );	\n		 \n		action.execute( \"update-billitem-amount\",params, drools);\nend\n\n\n	'),('RUL-7385ffbe:16a438b05b7:-5cab','\npackage oboassessment.SMOKESTACK_ACCESSORY_FEE_GROUP_B_E_F_G;\nimport oboassessment.*;\nimport java.util.*;\nimport com.rameses.rules.common.*;\n\nglobal RuleAction action;\n\nrule \"SMOKESTACK_ACCESSORY_FEE_GROUP_B_E_F_G\"\n	agenda-group \"compute-accessory-structure\"\n	salience 50000\n	no-loop\n	when\n		\n		\n		 obo.facts.OccupancyType (  group matches \"B|E|F|G\" ) \n		\n		 obo.facts.OboDecimalInfo (  name matches \"SMOKESTACK\",HEIGHT:value ) \n		\n		BILLITEM: treasury.facts.BillItem (  billcode matches \"ACCESSORY_STRUCTURE_FEE\" ) \n		\n	then\n		Map bindings = new HashMap();\n		\n		bindings.put(\"HEIGHT\", HEIGHT );\n		\n		bindings.put(\"BILLITEM\", BILLITEM );\n		\n	RangeEntry re0 = new RangeEntry(\"SMOKESTACK_ACCESSORY_FEE_GROUP_B_E_F_G\");\nre0.setBindings(bindings);\nre0.setDecimalvalue(HEIGHT);\nre0.getParams().put( \"billitem\", BILLITEM );\nre0.getParams().put( \"type\", \"ADD\" );\nre0.getParams().put( \"amount\", 0.0 );\ninsert(re0);\n\nend\n\n\n	\nrule \"update-billitem-amount_0_0\"\n	agenda-group \"compute-accessory-structure\"\n	salience 50000\n	no-loop\n	when\n		\n		rv: RangeEntry( id==\"SMOKESTACK_ACCESSORY_FEE_GROUP_B_E_F_G\", decimalvalue > 0, decimalvalue <= 10.00 )\n		\n		\n	then\n		Map bindings = rv.getBindings();\n		Map params = rv.getParams();\n		params.put( \"amount\", (new ActionExpression(\"HEIGHT * 240\", bindings)) );	\n		 \n		action.execute( \"update-billitem-amount\",params, drools);\nend\n\n\n	\nrule \"update-billitem-amount_0_1\"\n	agenda-group \"compute-accessory-structure\"\n	salience 50000\n	no-loop\n	when\n		\n		\n		rv: RangeEntry( id==\"SMOKESTACK_ACCESSORY_FEE_GROUP_B_E_F_G\", decimalvalue > 10.00 )\n		\n	then\n		Map bindings = rv.getBindings();\n		Map params = rv.getParams();\n		params.put( \"amount\", (new ActionExpression(\"2400 + (( HEIGHT-10)*12)\", bindings)) );	\n		 \n		action.execute( \"update-billitem-amount\",params, drools);\nend\n\n\n	'),('RUL-7385ffbe:16a438b05b7:-5fc5','\npackage oboassessment.STORAGE_SILO_ACCESSORY_FEE;\nimport oboassessment.*;\nimport java.util.*;\nimport com.rameses.rules.common.*;\n\nglobal RuleAction action;\n\nrule \"STORAGE_SILO_ACCESSORY_FEE\"\n	agenda-group \"compute-accessory-structure\"\n	salience 50000\n	no-loop\n	when\n		\n		\n		BILLITEM: treasury.facts.BillItem (  billcode matches \"ACCESSORY_STRUCTURE_FEE\" ) \n		\n		 obo.facts.OboDecimalInfo (  name matches \"STORAGE_SILO\",HEIGHT:value ) \n		\n	then\n		Map bindings = new HashMap();\n		\n		bindings.put(\"BILLITEM\", BILLITEM );\n		\n		bindings.put(\"HEIGHT\", HEIGHT );\n		\n	RangeEntry re0 = new RangeEntry(\"STORAGE_SILO_ACCESSORY_FEE\");\nre0.setBindings(bindings);\nre0.setDecimalvalue(HEIGHT);\nre0.getParams().put( \"billitem\", BILLITEM );\nre0.getParams().put( \"type\", \"ADD\" );\nre0.getParams().put( \"amount\", 0.0 );\ninsert(re0);\n\nend\n\n\n	\nrule \"update-billitem-amount_0_0\"\n	agenda-group \"compute-accessory-structure\"\n	salience 50000\n	no-loop\n	when\n		\n		rv: RangeEntry( id==\"STORAGE_SILO_ACCESSORY_FEE\", decimalvalue > 0, decimalvalue <= 10.00 )\n		\n		\n	then\n		Map bindings = rv.getBindings();\n		Map params = rv.getParams();\n		params.put( \"amount\", (new ActionExpression(\"HEIGHT * 2400\", bindings)) );	\n		 \n		action.execute( \"update-billitem-amount\",params, drools);\nend\n\n\n	\nrule \"update-billitem-amount_0_1\"\n	agenda-group \"compute-accessory-structure\"\n	salience 50000\n	no-loop\n	when\n		\n		\n		rv: RangeEntry( id==\"STORAGE_SILO_ACCESSORY_FEE\", decimalvalue > 10.00 )\n		\n	then\n		Map bindings = rv.getBindings();\n		Map params = rv.getParams();\n		params.put( \"amount\", (new ActionExpression(\"24000 + ((HEIGHT-10)*150)\", bindings)) );	\n		 \n		action.execute( \"update-billitem-amount\",params, drools);\nend\n\n\n	'),('RUL-7385ffbe:16a438b05b7:-6f3a','\npackage oboassessment.TOWER_TRILON_GUYED_ACCESSORY_FEE_GROUP_C_D_H;\nimport oboassessment.*;\nimport java.util.*;\nimport com.rameses.rules.common.*;\n\nglobal RuleAction action;\n\nrule \"TOWER_TRILON_GUYED_ACCESSORY_FEE_GROUP_C_D_H\"\n	agenda-group \"compute-accessory-structure\"\n	salience 50000\n	no-loop\n	when\n		\n		\n		 obo.facts.OccupancyType (  group matches \"C|D|H|I\" ) \n		\n		 obo.facts.OboDecimalInfo (  name matches \"TOWER_AND_OTHER_STRUCTURE_TRILON_GUYED\",HEIGHT:value ) \n		\n		BILLITEM: treasury.facts.BillItem (  billcode matches \"ACCESSORY_STRUCTURE_FEE\" ) \n		\n	then\n		Map bindings = new HashMap();\n		\n		bindings.put(\"HEIGHT\", HEIGHT );\n		\n		bindings.put(\"BILLITEM\", BILLITEM );\n		\n	RangeEntry re0 = new RangeEntry(\"TOWER_TRILON_GUYED_ACCESSORY_FEE_GROUP_C_D_H\");\nre0.setBindings(bindings);\nre0.setDecimalvalue(HEIGHT);\nre0.getParams().put( \"billitem\", BILLITEM );\nre0.getParams().put( \"type\", \"ADD\" );\nre0.getParams().put( \"amount\", 0.0 );\ninsert(re0);\n\nend\n\n\n	\nrule \"update-billitem-amount_0_0\"\n	agenda-group \"compute-accessory-structure\"\n	salience 50000\n	no-loop\n	when\n		\n		rv: RangeEntry( id==\"TOWER_TRILON_GUYED_ACCESSORY_FEE_GROUP_C_D_H\", decimalvalue > 0, decimalvalue <= 10.00 )\n		\n		\n	then\n		Map bindings = rv.getBindings();\n		Map params = rv.getParams();\n		params.put( \"amount\", (new ActionExpression(\"HEIGHT * 120\", bindings)) );	\n		 \n		action.execute( \"update-billitem-amount\",params, drools);\nend\n\n\n	\nrule \"update-billitem-amount_0_1\"\n	agenda-group \"compute-accessory-structure\"\n	salience 50000\n	no-loop\n	when\n		\n		\n		rv: RangeEntry( id==\"TOWER_TRILON_GUYED_ACCESSORY_FEE_GROUP_C_D_H\", decimalvalue > 10.00 )\n		\n	then\n		Map bindings = rv.getBindings();\n		Map params = rv.getParams();\n		params.put( \"amount\", (new ActionExpression(\"1200 + ((HEIGHT-10) * 12)\", bindings)) );	\n		 \n		action.execute( \"update-billitem-amount\",params, drools);\nend\n\n\n	'),('RUL-7385ffbe:16a438b05b7:-6f77','\npackage oboassessment.TOWER_TRILON_GUYED_ACCESSORY_FEE_GROUP_A;\nimport oboassessment.*;\nimport java.util.*;\nimport com.rameses.rules.common.*;\n\nglobal RuleAction action;\n\nrule \"TOWER_TRILON_GUYED_ACCESSORY_FEE_GROUP_A\"\n	agenda-group \"compute-accessory-structure\"\n	salience 50000\n	no-loop\n	when\n		\n		\n		 obo.facts.OccupancyType (  group matches \"A\" ) \n		\n		 obo.facts.OboDecimalInfo (  name matches \"TOWER_AND_OTHER_STRUCTURE_TRILON_GUYED\",HEIGHT:value ) \n		\n		BILLITEM: treasury.facts.BillItem (  billcode matches \"ACCESSORY_STRUCTURE_FEE\" ) \n		\n	then\n		Map bindings = new HashMap();\n		\n		bindings.put(\"HEIGHT\", HEIGHT );\n		\n		bindings.put(\"BILLITEM\", BILLITEM );\n		\n	Map _p0 = new HashMap();\n_p0.put( \"billitem\", BILLITEM );\n_p0.put( \"type\", \"ADD\" );\n_p0.put( \"amount\", (new ActionExpression(\"HEIGHT * 150;\", bindings)) );\naction.execute( \"update-billitem-amount\",_p0,drools);\n\nend\n\n\n	'),('RUL-7385ffbe:16a438b05b7:-6fb0','\npackage oboassessment.TOWER_TRILON_GUYED_ACCESSORY_FEE_GROUP_B_E_F_G;\nimport oboassessment.*;\nimport java.util.*;\nimport com.rameses.rules.common.*;\n\nglobal RuleAction action;\n\nrule \"TOWER_TRILON_GUYED_ACCESSORY_FEE_GROUP_B_E_F_G\"\n	agenda-group \"compute-accessory-structure\"\n	salience 50000\n	no-loop\n	when\n		\n		\n		 obo.facts.OccupancyType (  group matches \"B|E|F|G\" ) \n		\n		BILLITEM: treasury.facts.BillItem (  billcode matches \"ACCESSORY_STRUCTURE_FEE\" ) \n		\n		 obo.facts.OboDecimalInfo (  name matches \"TOWER_AND_OTHER_STRUCTURE_TRILON_GUYED\",HEIGHT:value ) \n		\n	then\n		Map bindings = new HashMap();\n		\n		bindings.put(\"HEIGHT\", HEIGHT );\n		\n		bindings.put(\"BILLITEM\", BILLITEM );\n		\n	RangeEntry re0 = new RangeEntry(\"TOWER_TRILON_GUYED_ACCESSORY_FEE_GROUP_B_E_F_G\");\nre0.setBindings(bindings);\nre0.setDecimalvalue(HEIGHT);\nre0.getParams().put( \"billitem\", BILLITEM );\nre0.getParams().put( \"type\", \"ADD\" );\nre0.getParams().put( \"amount\", 0.0 );\ninsert(re0);\n\nend\n\n\n	\nrule \"update-billitem-amount_0_0\"\n	agenda-group \"compute-accessory-structure\"\n	salience 50000\n	no-loop\n	when\n		\n		rv: RangeEntry( id==\"TOWER_TRILON_GUYED_ACCESSORY_FEE_GROUP_B_E_F_G\", decimalvalue > 0, decimalvalue <= 10.00 )\n		\n		\n	then\n		Map bindings = rv.getBindings();\n		Map params = rv.getParams();\n		params.put( \"amount\", (new ActionExpression(\"HEIGHT * 240\", bindings)) );	\n		 \n		action.execute( \"update-billitem-amount\",params, drools);\nend\n\n\n	\nrule \"update-billitem-amount_0_1\"\n	agenda-group \"compute-accessory-structure\"\n	salience 50000\n	no-loop\n	when\n		\n		\n		rv: RangeEntry( id==\"TOWER_TRILON_GUYED_ACCESSORY_FEE_GROUP_B_E_F_G\", decimalvalue > 10.00 )\n		\n	then\n		Map bindings = rv.getBindings();\n		Map params = rv.getParams();\n		params.put( \"amount\", (new ActionExpression(\"2400 + (( HEIGHT-10)*12)\", bindings)) );	\n		 \n		action.execute( \"update-billitem-amount\",params, drools);\nend\n\n\n	'),('RUL-7385ffbe:16a438b05b7:-6feb','\npackage oboassessment.TOWER_SELF_SUPPORTING_ACCESSORY_FEE_GROUP_C_D_H;\nimport oboassessment.*;\nimport java.util.*;\nimport com.rameses.rules.common.*;\n\nglobal RuleAction action;\n\nrule \"TOWER_SELF_SUPPORTING_ACCESSORY_FEE_GROUP_C_D_H\"\n	agenda-group \"compute-accessory-structure\"\n	salience 50000\n	no-loop\n	when\n		\n		\n		 obo.facts.OccupancyType (  group matches \"C|D|H|I\" ) \n		\n		BILLITEM: treasury.facts.BillItem (  billcode matches \"ACCESSORY_STRUCTURE_FEE\" ) \n		\n		 obo.facts.OboDecimalInfo (  name matches \"TOWER_AND_OTHER_STRUCTURE_SELF_SUPPORTING\",HEIGHT:value ) \n		\n	then\n		Map bindings = new HashMap();\n		\n		bindings.put(\"HEIGHT\", HEIGHT );\n		\n		bindings.put(\"BILLITEM\", BILLITEM );\n		\n	RangeEntry re0 = new RangeEntry(\"TOWER_SELF_SUPPORTING_ACCESSORY_FEE_GROUP_C_D_H\");\nre0.setBindings(bindings);\nre0.setDecimalvalue(HEIGHT);\nre0.getParams().put( \"billitem\", BILLITEM );\nre0.getParams().put( \"type\", \"ADD\" );\nre0.getParams().put( \"amount\", 0.0 );\ninsert(re0);\n\nend\n\n\n	\nrule \"update-billitem-amount_0_0\"\n	agenda-group \"compute-accessory-structure\"\n	salience 50000\n	no-loop\n	when\n		\n		rv: RangeEntry( id==\"TOWER_SELF_SUPPORTING_ACCESSORY_FEE_GROUP_C_D_H\", decimalvalue > 0, decimalvalue <= 10.00 )\n		\n		\n	then\n		Map bindings = rv.getBindings();\n		Map params = rv.getParams();\n		params.put( \"amount\", (new ActionExpression(\"HEIGHT * 1800\", bindings)) );	\n		 \n		action.execute( \"update-billitem-amount\",params, drools);\nend\n\n\n	\nrule \"update-billitem-amount_0_1\"\n	agenda-group \"compute-accessory-structure\"\n	salience 50000\n	no-loop\n	when\n		\n		\n		rv: RangeEntry( id==\"TOWER_SELF_SUPPORTING_ACCESSORY_FEE_GROUP_C_D_H\", decimalvalue > 10.00 )\n		\n	then\n		Map bindings = rv.getBindings();\n		Map params = rv.getParams();\n		params.put( \"amount\", (new ActionExpression(\"18000 + ((HEIGHT-10) * 120)\", bindings)) );	\n		 \n		action.execute( \"update-billitem-amount\",params, drools);\nend\n\n\n	'),('RUL-7385ffbe:16a438b05b7:-6ffc','\npackage oboassessment.TOWER_SELF_SUPPORTING_ACCESSORY_FEE_GROUP_A;\nimport oboassessment.*;\nimport java.util.*;\nimport com.rameses.rules.common.*;\n\nglobal RuleAction action;\n\nrule \"TOWER_SELF_SUPPORTING_ACCESSORY_FEE_GROUP_A\"\n	agenda-group \"compute-accessory-structure\"\n	salience 50000\n	no-loop\n	when\n		\n		\n		 obo.facts.OccupancyType (  group matches \"A\" ) \n		\n		BILLITEM: treasury.facts.BillItem (  billcode matches \"ACCESSORY_STRUCTURE_FEE\" ) \n		\n		 obo.facts.OboDecimalInfo (  name matches \"TOWER_AND_OTHER_STRUCTURE_SELF_SUPPORTING\",HEIGHT:value ) \n		\n	then\n		Map bindings = new HashMap();\n		\n		bindings.put(\"HEIGHT\", HEIGHT );\n		\n		bindings.put(\"BILLITEM\", BILLITEM );\n		\n	Map _p0 = new HashMap();\n_p0.put( \"billitem\", BILLITEM );\n_p0.put( \"type\", \"ADD\" );\n_p0.put( \"amount\", (new ActionExpression(\"HEIGHT * 500;\", bindings)) );\naction.execute( \"update-billitem-amount\",_p0,drools);\n\nend\n\n\n	'),('RUL-7385ffbe:16a438b05b7:-7085','\npackage oboassessment.TOWER_SELF_SUPPORTING_ACCESSORY_FEE_GROUP_B_E_F_G;\nimport oboassessment.*;\nimport java.util.*;\nimport com.rameses.rules.common.*;\n\nglobal RuleAction action;\n\nrule \"TOWER_SELF_SUPPORTING_ACCESSORY_FEE_GROUP_B_E_F_G\"\n	agenda-group \"compute-accessory-structure\"\n	salience 50000\n	no-loop\n	when\n		\n		\n		 obo.facts.OccupancyType (  group matches \"B|E|F|G\" ) \n		\n		 obo.facts.OboDecimalInfo (  name matches \"TOWER_AND_OTHER_STRUCTURE_SELF_SUPPORTING\",HEIGHT:value ) \n		\n		BILLITEM: treasury.facts.BillItem (  billcode matches \"ACCESSORY_STRUCTURE_FEE\" ) \n		\n	then\n		Map bindings = new HashMap();\n		\n		bindings.put(\"HEIGHT\", HEIGHT );\n		\n		bindings.put(\"BILLITEM\", BILLITEM );\n		\n	RangeEntry re0 = new RangeEntry(\"TOWER_SELF_SUPPORTING_ACCESSORY_FEE_GROUP_B_E_F_G\");\nre0.setBindings(bindings);\nre0.setDecimalvalue(HEIGHT);\nre0.getParams().put( \"billitem\", BILLITEM );\nre0.getParams().put( \"type\", \"ADD\" );\nre0.getParams().put( \"amount\", 0.0 );\ninsert(re0);\n\nend\n\n\n	\nrule \"update-billitem-amount_0_0\"\n	agenda-group \"compute-accessory-structure\"\n	salience 50000\n	no-loop\n	when\n		\n		rv: RangeEntry( id==\"TOWER_SELF_SUPPORTING_ACCESSORY_FEE_GROUP_B_E_F_G\", decimalvalue > 0, decimalvalue <= 10.00 )\n		\n		\n	then\n		Map bindings = rv.getBindings();\n		Map params = rv.getParams();\n		params.put( \"amount\", (new ActionExpression(\"2400 * HEIGHT\", bindings)) );	\n		 \n		action.execute( \"update-billitem-amount\",params, drools);\nend\n\n\n	\nrule \"update-billitem-amount_0_1\"\n	agenda-group \"compute-accessory-structure\"\n	salience 50000\n	no-loop\n	when\n		\n		\n		rv: RangeEntry( id==\"TOWER_SELF_SUPPORTING_ACCESSORY_FEE_GROUP_B_E_F_G\", decimalvalue > 10.00 )\n		\n	then\n		Map bindings = rv.getBindings();\n		Map params = rv.getParams();\n		params.put( \"amount\", (new ActionExpression(\"24000 + ((HEIGHT-10)*120)\", bindings)) );	\n		 \n		action.execute( \"update-billitem-amount\",params, drools);\nend\n\n\n	'),('RUL-7385ffbe:16a438b05b7:-7482','\npackage oboassessment.FIREWALL_ACCESSORY_FEE;\nimport oboassessment.*;\nimport java.util.*;\nimport com.rameses.rules.common.*;\n\nglobal RuleAction action;\n\nrule \"FIREWALL_ACCESSORY_FEE\"\n	agenda-group \"compute-accessory-structure\"\n	salience 50000\n	no-loop\n	when\n		\n		\n		BILLITEM: treasury.facts.BillItem (  billcode matches \"ACCESSORY_STRUCTURE_FEE\" ) \n		\n		 obo.facts.OboDecimalInfo (  name matches \"FIREWALL\",SQM:value ) \n		\n	then\n		Map bindings = new HashMap();\n		\n		bindings.put(\"BILLITEM\", BILLITEM );\n		\n		bindings.put(\"SQM\", SQM );\n		\n	Map _p0 = new HashMap();\n_p0.put( \"billitem\", BILLITEM );\n_p0.put( \"type\", \"ADD\" );\n_p0.put( \"amount\", (new ActionExpression(\"return  ((SQM * 3) < 48) ? 48 : (SQM * 3) ;\", bindings)) );\naction.execute( \"update-billitem-amount\",_p0,drools);\n\nend\n\n\n	'),('RUL-75b995c:15b18c6b9a6:-6dbc','\npackage oboassessment.BLDG_FEE_A1;\nimport oboassessment.*;\nimport java.util.*;\nimport com.rameses.rules.common.*;\n\nglobal RuleAction action;\n\nrule \"BLDG_FEE_A1\"\n	agenda-group \"compute-bldgfee\"\n	salience 50000\n	no-loop\n	when\n		\n		\n		 obo.facts.BuildingInfo (  AREA:totalfloorarea ) \n		\n		 obo.facts.OccupancyType (  division matches \"A1\" ) \n		\n		BD: obo.facts.OboDocument (  doctype matches \"BUILDING_PERMIT\" ) \n		\n	then\n		Map bindings = new HashMap();\n		\n		bindings.put(\"BD\", BD );\n		\n		bindings.put(\"AREA\", AREA );\n		\n	RangeEntry re0 = new RangeEntry(\"BLDG_FEE_A1\");\nre0.setBindings(bindings);\nre0.setDecimalvalue(AREA);\nre0.getParams().put( \"amount\", 0.0 );\nre0.getParams().put( \"billcode\", new KeyValue(\"BUILDING_PERMIT_FEE\", \"BUILDING PERMIT FEE\") );\ninsert(re0);\n\nend\n\n\n	\nrule \"add-billitem_0_0\"\n	agenda-group \"compute-bldgfee\"\n	salience 50000\n	no-loop\n	when\n		\n		rv: RangeEntry( id==\"BLDG_FEE_A1\", decimalvalue > 0, decimalvalue <= 20.00 )\n		\n		\n	then\n		Map bindings = rv.getBindings();\n		Map params = rv.getParams();\n		params.put( \"amount\", (new ActionExpression(\"2.0 * AREA\", bindings)) );	\n		 \n		action.execute( \"add-billitem\",params, drools);\nend\n\n\n	\nrule \"add-billitem_0_1\"\n	agenda-group \"compute-bldgfee\"\n	salience 50000\n	no-loop\n	when\n		\n		rv: RangeEntry( id==\"BLDG_FEE_A1\", decimalvalue > 20.00, decimalvalue <= 50.00 )\n		\n		\n	then\n		Map bindings = rv.getBindings();\n		Map params = rv.getParams();\n		params.put( \"amount\", (new ActionExpression(\"3.40 * AREA\", bindings)) );	\n		 \n		action.execute( \"add-billitem\",params, drools);\nend\n\n\n	\nrule \"add-billitem_0_2\"\n	agenda-group \"compute-bldgfee\"\n	salience 50000\n	no-loop\n	when\n		\n		rv: RangeEntry( id==\"BLDG_FEE_A1\", decimalvalue > 50.00, decimalvalue <= 100.00 )\n		\n		\n	then\n		Map bindings = rv.getBindings();\n		Map params = rv.getParams();\n		params.put( \"amount\", (new ActionExpression(\"4.80 * AREA\", bindings)) );	\n		 \n		action.execute( \"add-billitem\",params, drools);\nend\n\n\n	\nrule \"add-billitem_0_3\"\n	agenda-group \"compute-bldgfee\"\n	salience 50000\n	no-loop\n	when\n		\n		rv: RangeEntry( id==\"BLDG_FEE_A1\", decimalvalue > 100.00, decimalvalue <= 150.00 )\n		\n		\n	then\n		Map bindings = rv.getBindings();\n		Map params = rv.getParams();\n		params.put( \"amount\", (new ActionExpression(\"6.0 * AREA\", bindings)) );	\n		 \n		action.execute( \"add-billitem\",params, drools);\nend\n\n\n	\nrule \"add-billitem_0_4\"\n	agenda-group \"compute-bldgfee\"\n	salience 50000\n	no-loop\n	when\n		\n		\n		rv: RangeEntry( id==\"BLDG_FEE_A1\", decimalvalue > 150.00 )\n		\n	then\n		Map bindings = rv.getBindings();\n		Map params = rv.getParams();\n		params.put( \"amount\", (new ActionExpression(\"7.20 * AREA\", bindings)) );	\n		 \n		action.execute( \"add-billitem\",params, drools);\nend\n\n\n	'),('RUL-c8891ba:178e3c52288:-66aa','\npackage oboworkflow.VALIDATE_UNCOMPLETED_TASKITEMS;\nimport oboworkflow.*;\nimport java.util.*;\nimport com.rameses.rules.common.*;\n\nglobal RuleAction action;\n\nrule \"VALIDATE_UNCOMPLETED_TASKITEMS\"\n	agenda-group \"initial\"\n	salience 50000\n	no-loop\n	when\n		\n		\n		WT: workflow.facts.WfTransition (  processname matches \"building_permit|occupancy_certificate\",fromstate matches \"zoning-evaluation|trade-evaluation.*|inspection\" ) \n		\n	then\n		Map bindings = new HashMap();\n		\n		bindings.put(\"WT\", WT );\n		\n	Map _p0 = new HashMap();\n_p0.put( \"scriptname\", \"OboAppTaskitemService\" );\n_p0.put( \"actionname\", \"validateHasUncompletedTasks\" );\n_p0.put( \"params\", (new ActionExpression(\"[    appid: WT.refid,    state: WT.fromstate ]\", bindings)) );\naction.execute( \"execute-script\",_p0,drools);\n\nend\n\n\n	'),('RUL-c8891ba:178e3c52288:-683f','\npackage oboworkflow.CHECK_HAS_FINDINGS;\nimport oboworkflow.*;\nimport java.util.*;\nimport com.rameses.rules.common.*;\n\nglobal RuleAction action;\n\nrule \"CHECK_HAS_FINDINGS\"\n	agenda-group \"initial\"\n	salience 100000\n	no-loop\n	when\n		\n		\n		WINFO: workflow.facts.WfInfo (   ) \n		\n		WD: workflow.facts.WfDecision (  processname matches \"building_permit|occupancy_certificate\",name matches \"check-has-.*-findings\" ) \n		\n	then\n		Map bindings = new HashMap();\n		\n		bindings.put(\"WINFO\", WINFO );\n		\n		bindings.put(\"WD\", WD );\n		\n	Map _p0 = new HashMap();\n_p0.put( \"scriptname\", \"OboAppTaskitemFindingService\" );\n_p0.put( \"actionname\", \"checkHasFindings\" );\n_p0.put( \"params\", (new ActionExpression(\"[      appid: WD.refid,      appname : WD.processname ]\", bindings)) );\n_p0.put( \"info\", WINFO );\naction.execute( \"execute-script\",_p0,drools);\n\nend\n\n\n	'),('RUL-c8891ba:178e3c52288:-6892','\npackage oboworkflow.CHECK_HAS_REQUIREMENTS_REVISION;\nimport oboworkflow.*;\nimport java.util.*;\nimport com.rameses.rules.common.*;\n\nglobal RuleAction action;\n\nrule \"CHECK_HAS_REQUIREMENTS_REVISION\"\n	agenda-group \"initial\"\n	salience 100000\n	no-loop\n	when\n		\n		\n		WINFO: workflow.facts.WfInfo (   ) \n		\n		WD: workflow.facts.WfDecision (  processname matches \"building_permit|occupancy_certificate\",name == \"check-has-requirement-revision\" ) \n		\n	then\n		Map bindings = new HashMap();\n		\n		bindings.put(\"WINFO\", WINFO );\n		\n		bindings.put(\"WD\", WD );\n		\n	Map _p0 = new HashMap();\n_p0.put( \"scriptname\", \"OboAppRequirementService\" );\n_p0.put( \"actionname\", \"checkHasRevision\" );\n_p0.put( \"params\", (new ActionExpression(\"[      appid: WD.refid,      appname : WD.processname ]\", bindings)) );\n_p0.put( \"info\", WINFO );\naction.execute( \"execute-script\",_p0,drools);\n\nend\n\n\n	'),('RUL15a848a4:178ce76b7fe:-6255','\npackage oboworkflow.ACCEPT_APPLICATION;\nimport oboworkflow.*;\nimport java.util.*;\nimport com.rameses.rules.common.*;\n\nglobal RuleAction action;\n\nrule \"ACCEPT_APPLICATION\"\n	agenda-group \"initial\"\n	salience 1000\n	no-loop\n	when\n		\n		\n		WT: workflow.facts.WfTaskResult (  processname matches \"building_permit|occupancy_certificate\",fromstate == \"check-has-requirement-revision\",fromaction == \"accept-application\" ) \n		\n	then\n		Map bindings = new HashMap();\n		\n		bindings.put(\"WT\", WT );\n		\n	Map _p0 = new HashMap();\n_p0.put( \"scriptname\", \"OboAppService\" );\n_p0.put( \"actionname\", \"assignAppno\" );\n_p0.put( \"params\", (new ActionExpression(\"[    appid: WT.refid,    sendmail: true ]\", bindings)) );\naction.execute( \"execute-script\",_p0,drools);\n\nend\n\n\n	'),('RUL15a848a4:178ce76b7fe:-71f9','\npackage oboworkflow.REQUIREMENT_REVISION;\nimport oboworkflow.*;\nimport java.util.*;\nimport com.rameses.rules.common.*;\n\nglobal RuleAction action;\n\nrule \"REQUIREMENT_REVISION\"\n	agenda-group \"initial\"\n	salience 50000\n	no-loop\n	when\n		\n		\n		WT: workflow.facts.WfTaskResult (  processname matches \"building_permit|occupancy_certificate\",state == \"requirement-revision\" ) \n		\n	then\n		Map bindings = new HashMap();\n		\n		bindings.put(\"WT\", WT );\n		\n	Map _p0 = new HashMap();\n_p0.put( \"scriptname\", \"OboAppRequirementService\" );\n_p0.put( \"actionname\", \"createTransmittal\" );\n_p0.put( \"params\", (new ActionExpression(\"[    appname: WT.processname,    appid: WT.refid,    sendmail: true ]\", bindings)) );\naction.execute( \"execute-script\",_p0,drools);\n\nend\n\n\n	'),('RUL1b6db00d:1763c2807b2:-7731','\npackage oboassessment.ADD_ELECTRICAL_FEE;\nimport oboassessment.*;\nimport java.util.*;\nimport com.rameses.rules.common.*;\n\nglobal RuleAction action;\n\nrule \"ADD_ELECTRICAL_FEE\"\n	agenda-group \"initial\"\n	salience 50000\n	no-loop\n	when\n		\n		\n		BD: obo.facts.OboDocument (  doctype matches \"ELECTRICAL\" ) \n		\n	then\n		Map bindings = new HashMap();\n		\n		bindings.put(\"BD\", BD );\n		\n	Map _p0 = new HashMap();\n_p0.put( \"amount\", (new ActionExpression(\"0\", bindings)) );\n_p0.put( \"billcode\", new KeyValue(\"ELECTRICAL_FEE\", \"ELECTRICAL FEE\") );\naction.execute( \"add-billitem\",_p0,drools);\n\nend\n\n\n	'),('RUL1b6db00d:1763c2807b2:-77d3','\npackage oboassessment.ADD_MECHANICAL_FEE;\nimport oboassessment.*;\nimport java.util.*;\nimport com.rameses.rules.common.*;\n\nglobal RuleAction action;\n\nrule \"ADD_MECHANICAL_FEE\"\n	agenda-group \"initial\"\n	salience 50000\n	no-loop\n	when\n		\n		\n		BD: obo.facts.OboDocument (  doctype matches \"MECHANICAL\" ) \n		\n	then\n		Map bindings = new HashMap();\n		\n		bindings.put(\"BD\", BD );\n		\n	Map _p0 = new HashMap();\n_p0.put( \"amount\", (new ActionExpression(\"0\", bindings)) );\n_p0.put( \"billcode\", new KeyValue(\"MECHANICAL_FEE\", \"MECHANICAL FEE\") );\naction.execute( \"add-billitem\",_p0,drools);\n\nend\n\n\n	'),('RUL202450a2:178e51c747b:-7c39','\npackage oboworkflow.REACTIVATE_TASKITEMS;\nimport oboworkflow.*;\nimport java.util.*;\nimport com.rameses.rules.common.*;\n\nglobal RuleAction action;\n\nrule \"REACTIVATE_TASKITEMS\"\n	agenda-group \"initial\"\n	salience 50000\n	no-loop\n	when\n		\n		\n		WT: workflow.facts.WfTaskResult (  processname matches \"building_permit|occupancy_certificate\",state matches \"zoning-evaluation|trade-evaluation|inspection\",fromaction == \"reactivate\" ) \n		\n	then\n		Map bindings = new HashMap();\n		\n		bindings.put(\"WT\", WT );\n		\n	Map _p0 = new HashMap();\n_p0.put( \"scriptname\", \"OboAppTaskitemService\" );\n_p0.put( \"actionname\", \"reactivateTaskitems\" );\n_p0.put( \"params\", (new ActionExpression(\"[  appid : WT.refid  ]\", bindings)) );\naction.execute( \"execute-script\",_p0,drools);\n\nend\n\n\n	'),('RUL202450a2:178e51c747b:-7c5a','\npackage oboworkflow.ACTIVATE_TASKITEMS;\nimport oboworkflow.*;\nimport java.util.*;\nimport com.rameses.rules.common.*;\n\nglobal RuleAction action;\n\nrule \"ACTIVATE_TASKITEMS\"\n	agenda-group \"initial\"\n	salience 50000\n	no-loop\n	when\n		\n		\n		WT: workflow.facts.WfTaskResult (  processname matches \"building_permit|occupancy_certificate\",state matches \"zoning-evaluation|trade-evaluation|inspection\",fromaction != \"reactivate\" ) \n		\n	then\n		Map bindings = new HashMap();\n		\n		bindings.put(\"WT\", WT );\n		\n	Map _p0 = new HashMap();\n_p0.put( \"scriptname\", \"OboAppTaskitemService\" );\n_p0.put( \"actionname\", \"activateTaskitems\" );\n_p0.put( \"params\", (new ActionExpression(\"[  appid : WT.refid ,     state: WT.state,     appname: WT.processname  ]\", bindings)) );\naction.execute( \"execute-script\",_p0,drools);\n\nend\n\n\n	'),('RUL2e43f3c6:15b48c07f72:-78ea','\npackage oboassessment.PLUMBING_FEE_VALUE_AT_7;\nimport oboassessment.*;\nimport java.util.*;\nimport com.rameses.rules.common.*;\n\nglobal RuleAction action;\n\nrule \"PLUMBING_FEE_VALUE_AT_7\"\n	agenda-group \"compute-plumbing-fee\"\n	salience 50000\n	no-loop\n	when\n		\n		\n		 obo.facts.OboIntegerInfo (  name matches \"WATER_CLOSET|LAVATORY|SLOP_SINK|BATH_TUB|GREASE_TRAP|GARAGE_TRAP|GAS_FIRED_WATER_HEATER\",UNIT:value ) \n		\n		BILLITEM: treasury.facts.BillItem (  billcode matches \"PLUMBING_FEE\" ) \n		\n	then\n		Map bindings = new HashMap();\n		\n		bindings.put(\"BILLITEM\", BILLITEM );\n		\n		bindings.put(\"UNIT\", UNIT );\n		\n	Map _p0 = new HashMap();\n_p0.put( \"billitem\", BILLITEM );\n_p0.put( \"type\", \"ADD\" );\n_p0.put( \"amount\", (new ActionExpression(\"7 * UNIT\", bindings)) );\naction.execute( \"update-billitem-amount\",_p0,drools);\n\nend\n\n\n	'),('RUL482f4d8b:17635283290:-7a18','\npackage oboassessment.COMPUTE_BFP_SALES_TAX;\nimport oboassessment.*;\nimport java.util.*;\nimport com.rameses.rules.common.*;\n\nglobal RuleAction action;\n\nrule \"COMPUTE_BFP_SALES_TAX\"\n	agenda-group \"compute-fire-fees\"\n	salience 50000\n	no-loop\n	when\n		\n		\n		BILLITEM: treasury.facts.BillItem (  billcode matches \"BFP_SALES_TAX\" ) \n		\n		 obo.facts.OboDecimalInfo (  name matches \"FIRE_SUPP_COST|FIRE_ALARM_COST|SPRINKLER_COST|LPG_PIPING_COST\",COST:value ) \n		\n	then\n		Map bindings = new HashMap();\n		\n		bindings.put(\"BILLITEM\", BILLITEM );\n		\n		bindings.put(\"COST\", COST );\n		\n	Map _p0 = new HashMap();\n_p0.put( \"billitem\", BILLITEM );\n_p0.put( \"type\", \"ADD\" );\n_p0.put( \"amount\", (new ActionExpression(\"COST * 0.02\", bindings)) );\naction.execute( \"update-billitem-amount\",_p0,drools);\n\nend\n\n\n	'),('RUL482f4d8b:17635283290:-7dcd','\npackage oboassessment.ADD_BFP_SALES_TAX;\nimport oboassessment.*;\nimport java.util.*;\nimport com.rameses.rules.common.*;\n\nglobal RuleAction action;\n\nrule \"ADD_BFP_SALES_TAX\"\n	agenda-group \"initial\"\n	salience 50000\n	no-loop\n	when\n		\n		\n		DOC: obo.facts.OboDocument (  doctype matches \"BFP_SALES_TAX\" ) \n		\n	then\n		Map bindings = new HashMap();\n		\n		bindings.put(\"DOC\", DOC );\n		\n	Map _p0 = new HashMap();\n_p0.put( \"amount\", (new ActionExpression(\"0\", bindings)) );\n_p0.put( \"billcode\", new KeyValue(\"null\", \"BFP SALES TAX\") );\naction.execute( \"add-billitem\",_p0,drools);\n\nend\n\n\n	'),('RUL4cf13b0:15b4dbc7b17:-769d','\npackage oboassessment.PLUMBING_FEE_SEPTIC_TANK_CONSTRUCTION;\nimport oboassessment.*;\nimport java.util.*;\nimport com.rameses.rules.common.*;\n\nglobal RuleAction action;\n\nrule \"PLUMBING_FEE_SEPTIC_TANK_CONSTRUCTION\"\n	agenda-group \"compute-plumbing-fee\"\n	salience 50000\n	no-loop\n	when\n		\n		\n		BILLITEM: treasury.facts.BillItem (  billcode matches \"PLUMBING_FEE\" ) \n		\n		 obo.facts.OboDecimalInfo (  name matches \"SEPTIC_TANK\",CUM:value ) \n		\n	then\n		Map bindings = new HashMap();\n		\n		bindings.put(\"BILLITEM\", BILLITEM );\n		\n		bindings.put(\"CUM\", CUM );\n		\n	RangeEntry re0 = new RangeEntry(\"PLUMBING_FEE_SEPTIC_TANK_CONSTRUCTION\");\nre0.setBindings(bindings);\nre0.setDecimalvalue(CUM);\nre0.getParams().put( \"billitem\", BILLITEM );\nre0.getParams().put( \"type\", \"ADD\" );\nre0.getParams().put( \"amount\", 0.0 );\ninsert(re0);\n\nend\n\n\n	\nrule \"update-billitem-amount_0_0\"\n	agenda-group \"compute-plumbing-fee\"\n	salience 50000\n	no-loop\n	when\n		\n		rv: RangeEntry( id==\"PLUMBING_FEE_SEPTIC_TANK_CONSTRUCTION\", decimalvalue > 0, decimalvalue <= 5.00 )\n		\n		\n	then\n		Map bindings = rv.getBindings();\n		Map params = rv.getParams();\n		params.put( \"amount\", (new ActionExpression(\"Math.ceil( CUM ) * 24\", bindings)) );	\n		 \n		action.execute( \"update-billitem-amount\",params, drools);\nend\n\n\n	\nrule \"update-billitem-amount_0_1\"\n	agenda-group \"compute-plumbing-fee\"\n	salience 50000\n	no-loop\n	when\n		\n		\n		rv: RangeEntry( id==\"PLUMBING_FEE_SEPTIC_TANK_CONSTRUCTION\", decimalvalue > 5.00 )\n		\n	then\n		Map bindings = rv.getBindings();\n		Map params = rv.getParams();\n		params.put( \"amount\", (new ActionExpression(\"120 + ( Math.ceil(CUM-5) * 7)\", bindings)) );	\n		 \n		action.execute( \"update-billitem-amount\",params, drools);\nend\n\n\n	'),('RUL4cf13b0:15b4dbc7b17:-78b3','\npackage oboassessment.PLUMBING_FEE_WATER_METER_ABOVE_25_MM;\nimport oboassessment.*;\nimport java.util.*;\nimport com.rameses.rules.common.*;\n\nglobal RuleAction action;\n\nrule \"PLUMBING_FEE_WATER_METER_ABOVE_25_MM\"\n	agenda-group \"compute-plumbing-fee\"\n	salience 50000\n	no-loop\n	when\n		\n		\n		 obo.facts.OboIntegerInfo (  name matches \"WATER_METER_25\",UNIT:value ) \n		\n		BILLITEM: treasury.facts.BillItem (  billcode matches \"PLUMBING_FEE\" ) \n		\n	then\n		Map bindings = new HashMap();\n		\n		bindings.put(\"BILLITEM\", BILLITEM );\n		\n		bindings.put(\"UNIT\", UNIT );\n		\n	Map _p0 = new HashMap();\n_p0.put( \"billitem\", BILLITEM );\n_p0.put( \"type\", \"ADD\" );\n_p0.put( \"amount\", (new ActionExpression(\"10 * UNIT\", bindings)) );\naction.execute( \"update-billitem-amount\",_p0,drools);\n\nend\n\n\n	'),('RUL4cf13b0:15b4dbc7b17:-78c4','\npackage oboassessment.PLUMBING_FEE_WATER_METER_12_TO_25_MM;\nimport oboassessment.*;\nimport java.util.*;\nimport com.rameses.rules.common.*;\n\nglobal RuleAction action;\n\nrule \"PLUMBING_FEE_WATER_METER_12_TO_25_MM\"\n	agenda-group \"compute-plumbing-fee\"\n	salience 50000\n	no-loop\n	when\n		\n		\n		 obo.facts.OboIntegerInfo (  name matches \"WATER_METER_12_25\",UNIT:value ) \n		\n		BILLITEM: treasury.facts.BillItem (  billcode matches \"PLUMBING_FEE\" ) \n		\n	then\n		Map bindings = new HashMap();\n		\n		bindings.put(\"BILLITEM\", BILLITEM );\n		\n		bindings.put(\"UNIT\", UNIT );\n		\n	Map _p0 = new HashMap();\n_p0.put( \"billitem\", BILLITEM );\n_p0.put( \"type\", \"ADD\" );\n_p0.put( \"amount\", (new ActionExpression(\"8 * UNIT\", bindings)) );\naction.execute( \"update-billitem-amount\",_p0,drools);\n\nend\n\n\n	'),('RUL4cf13b0:15b4dbc7b17:-7d2e','\npackage oboassessment.PLUMBING_FEE_VALUE_AT_2;\nimport oboassessment.*;\nimport java.util.*;\nimport com.rameses.rules.common.*;\n\nglobal RuleAction action;\n\nrule \"PLUMBING_FEE_VALUE_AT_2\"\n	agenda-group \"compute-plumbing-fee\"\n	salience 50000\n	no-loop\n	when\n		\n		\n		 obo.facts.OboIntegerInfo (  name matches \"FAUCET|SHOWER_HEAD|DRINKING_FOUNTAIN|FIXED_TYPE_STERILIZER|WATER_METER\",UNIT:value ) \n		\n		BILLITEM: treasury.facts.BillItem (  billcode matches \"PLUMBING_FEE\" ) \n		\n	then\n		Map bindings = new HashMap();\n		\n		bindings.put(\"BILLITEM\", BILLITEM );\n		\n		bindings.put(\"UNIT\", UNIT );\n		\n	Map _p0 = new HashMap();\n_p0.put( \"billitem\", BILLITEM );\n_p0.put( \"type\", \"ADD\" );\n_p0.put( \"amount\", (new ActionExpression(\"2 * UNIT\", bindings)) );\naction.execute( \"update-billitem-amount\",_p0,drools);\n\nend\n\n\n	'),('RUL4cf13b0:15b4dbc7b17:-7e4b','\npackage oboassessment.PLUMBING_FEE_VALUE_AT_4;\nimport oboassessment.*;\nimport java.util.*;\nimport com.rameses.rules.common.*;\n\nglobal RuleAction action;\n\nrule \"PLUMBING_FEE_VALUE_AT_4\"\n	agenda-group \"compute-plumbing-fee\"\n	salience 50000\n	no-loop\n	when\n		\n		\n		 obo.facts.OboIntegerInfo (  name matches \"URINAL|BIDET|DENTAL_CUSPIDOR|BAR_SINK|SODA_FOUNTAIN_SINK|LAB_SINK|GAS_FIRED_WATER_HEATER|LAUNDRY_SINK|LAUNDRY_TRAY\",UNIT:value ) \n		\n		BILLITEM: treasury.facts.BillItem (  billcode matches \"PLUMBING_FEE\" ) \n		\n	then\n		Map bindings = new HashMap();\n		\n		bindings.put(\"BILLITEM\", BILLITEM );\n		\n		bindings.put(\"UNIT\", UNIT );\n		\n	Map _p0 = new HashMap();\n_p0.put( \"billitem\", BILLITEM );\n_p0.put( \"type\", \"ADD\" );\n_p0.put( \"amount\", (new ActionExpression(\"4 * UNIT\", bindings)) );\naction.execute( \"update-billitem-amount\",_p0,drools);\n\nend\n\n\n	'),('RUL4cf13b0:15b4dbc7b17:-7e5c','\npackage oboassessment.PLUMBING_FEE_VALUE_AT_3;\nimport oboassessment.*;\nimport java.util.*;\nimport com.rameses.rules.common.*;\n\nglobal RuleAction action;\n\nrule \"PLUMBING_FEE_VALUE_AT_3\"\n	agenda-group \"compute-plumbing-fee\"\n	salience 50000\n	no-loop\n	when\n		\n		\n		 obo.facts.OboIntegerInfo (  name matches \"FLOOR_DRAIN|KITCHEN_SINK\",UNIT:value ) \n		\n		BILLITEM: treasury.facts.BillItem (  billcode matches \"PLUMBING_FEE\" ) \n		\n	then\n		Map bindings = new HashMap();\n		\n		bindings.put(\"BILLITEM\", BILLITEM );\n		\n		bindings.put(\"UNIT\", UNIT );\n		\n	Map _p0 = new HashMap();\n_p0.put( \"billitem\", BILLITEM );\n_p0.put( \"type\", \"ADD\" );\n_p0.put( \"amount\", (new ActionExpression(\"3 * UNIT\", bindings)) );\naction.execute( \"update-billitem-amount\",_p0,drools);\n\nend\n\n\n	'),('RUL53dfe0fc:178d9b96507:-7b1a','\npackage oboworkflow.TASKITEM_CHECK_HAS_FINDINGS;\nimport oboworkflow.*;\nimport java.util.*;\nimport com.rameses.rules.common.*;\n\nglobal RuleAction action;\n\nrule \"TASKITEM_CHECK_HAS_FINDINGS\"\n	agenda-group \"taskitem\"\n	salience 50000\n	no-loop\n	when\n		\n		\n		WINFO: workflow.facts.WfInfo (   ) \n		\n		WD: workflow.facts.WfDecision (  processname == \"obo_app_taskitem\",name == \"check-has-findings\" ) \n		\n	then\n		Map bindings = new HashMap();\n		\n		bindings.put(\"WINFO\", WINFO );\n		\n		bindings.put(\"WD\", WD );\n		\n	Map _p0 = new HashMap();\n_p0.put( \"scriptname\", \"OboAppTaskitemFindingService\" );\n_p0.put( \"actionname\", \"checkHasFindings\" );\n_p0.put( \"params\", (new ActionExpression(\"[     refid: WD.refid  ]\", bindings)) );\n_p0.put( \"info\", WINFO );\naction.execute( \"execute-script\",_p0,drools);\n\nend\n\n\n	'),('RUL55d9e7c7:16a3522d159:-7c8e','\npackage oboassessment.ADD_ELECTRONIC_FEE;\nimport oboassessment.*;\nimport java.util.*;\nimport com.rameses.rules.common.*;\n\nglobal RuleAction action;\n\nrule \"ADD_ELECTRONIC_FEE\"\n	agenda-group \"initial\"\n	salience 50000\n	no-loop\n	when\n		\n		\n		BD: obo.facts.OboDocument (  doctype matches \"ELECTRONIC\" ) \n		\n	then\n		Map bindings = new HashMap();\n		\n		bindings.put(\"BD\", BD );\n		\n	Map _p0 = new HashMap();\n_p0.put( \"amount\", (new ActionExpression(\"0\", bindings)) );\n_p0.put( \"billcode\", new KeyValue(\"ELECTRONIC_FEE\", \"ELECTRONIC FEE\") );\naction.execute( \"add-billitem\",_p0,drools);\n\nend\n\n\n	'),('RUL59515aa4:16a3a32fa5e:-3fb8','\npackage oboassessment.SWIMMING_POOL_INDIGENOUS_FEE_GROUP_C_D_H_I;\nimport oboassessment.*;\nimport java.util.*;\nimport com.rameses.rules.common.*;\n\nglobal RuleAction action;\n\nrule \"SWIMMING_POOL_INDIGENOUS_FEE_GROUP_C_D_H_I\"\n	agenda-group \"compute-accessory-structure\"\n	salience 50000\n	no-loop\n	when\n		\n		\n		 obo.facts.OccupancyType (  group matches \"C|D|H|I\" ) \n		\n		 obo.facts.OboDecimalInfo (  name matches \"SWIMMING_POOL_USING_INDIGENOUS_MATERIALS\",CUM:value ) \n		\n		BILLITEM: treasury.facts.BillItem (  billcode matches \"ACCESSORY_STRUCTURE_FEE\" ) \n		\n	then\n		Map bindings = new HashMap();\n		\n		bindings.put(\"CUM\", CUM );\n		\n		bindings.put(\"BILLITEM\", BILLITEM );\n		\n	Map _p0 = new HashMap();\n_p0.put( \"billitem\", BILLITEM );\n_p0.put( \"amount\", (new ActionExpression(\"(CUM * 24) * 0.5\", bindings)) );\naction.execute( \"update-billitem-amount\",_p0,drools);\n\nend\n\n\n	'),('RUL59515aa4:16a3a32fa5e:-3fec','\npackage oboassessment.SWIMMING_POOL_INDIGENOUS_FEE_GROUP_B_E_F_G;\nimport oboassessment.*;\nimport java.util.*;\nimport com.rameses.rules.common.*;\n\nglobal RuleAction action;\n\nrule \"SWIMMING_POOL_INDIGENOUS_FEE_GROUP_B_E_F_G\"\n	agenda-group \"compute-accessory-structure\"\n	salience 50000\n	no-loop\n	when\n		\n		\n		 obo.facts.OccupancyType (  group matches \"B|E|F|G\" ) \n		\n		 obo.facts.OboDecimalInfo (  name matches \"SWIMMING_POOL_USING_INDIGENOUS_MATERIALS\",CUM:value ) \n		\n		BILLITEM: treasury.facts.BillItem (  billcode matches \"ACCESSORY_STRUCTURE_FEE\" ) \n		\n	then\n		Map bindings = new HashMap();\n		\n		bindings.put(\"CUM\", CUM );\n		\n		bindings.put(\"BILLITEM\", BILLITEM );\n		\n	Map _p0 = new HashMap();\n_p0.put( \"billitem\", BILLITEM );\n_p0.put( \"amount\", (new ActionExpression(\"CUM * 36 * 0.50\", bindings)) );\naction.execute( \"update-billitem-amount\",_p0,drools);\n\nend\n\n\n	'),('RUL59515aa4:16a3a32fa5e:-4020','\npackage oboassessment.SWIMMING_POOL_INDIGENOUS_FEE_GROUP_A;\nimport oboassessment.*;\nimport java.util.*;\nimport com.rameses.rules.common.*;\n\nglobal RuleAction action;\n\nrule \"SWIMMING_POOL_INDIGENOUS_FEE_GROUP_A\"\n	agenda-group \"compute-accessory-structure\"\n	salience 50000\n	no-loop\n	when\n		\n		\n		 obo.facts.OccupancyType (  group matches \"A\" ) \n		\n		BILLITEM: treasury.facts.BillItem (  billcode matches \"ACCESSORY_STRUCTURE_FEE\" ) \n		\n		 obo.facts.OboDecimalInfo (  name matches \"SWIMMING_POOL_USING_INDIGENOUS_MATERIALS\",CUM:value ) \n		\n	then\n		Map bindings = new HashMap();\n		\n		bindings.put(\"CUM\", CUM );\n		\n		bindings.put(\"BILLITEM\", BILLITEM );\n		\n	Map _p0 = new HashMap();\n_p0.put( \"billitem\", BILLITEM );\n_p0.put( \"amount\", (new ActionExpression(\"(CUM * 3 ) * 0.5\", bindings)) );\naction.execute( \"update-billitem-amount\",_p0,drools);\n\nend\n\n\n	'),('RUL59515aa4:16a3a32fa5e:-41fd','\npackage oboassessment.SWIMMING_POOL_FEE_GROUP_C_D_H_I;\nimport oboassessment.*;\nimport java.util.*;\nimport com.rameses.rules.common.*;\n\nglobal RuleAction action;\n\nrule \"SWIMMING_POOL_FEE_GROUP_C_D_H_I\"\n	agenda-group \"compute-accessory-structure\"\n	salience 50000\n	no-loop\n	when\n		\n		\n		 obo.facts.OccupancyType (  group matches \"C|D|H|I\" ) \n		\n		BILLITEM: treasury.facts.BillItem (  billcode matches \"ACCESSORY_STRUCTURE_FEE\" ) \n		\n		 obo.facts.OboDecimalInfo (  name matches \"SWIMMING_POOL\",CUM:value ) \n		\n	then\n		Map bindings = new HashMap();\n		\n		bindings.put(\"CUM\", CUM );\n		\n		bindings.put(\"BILLITEM\", BILLITEM );\n		\n	Map _p0 = new HashMap();\n_p0.put( \"billitem\", BILLITEM );\n_p0.put( \"amount\", (new ActionExpression(\"CUM * 24\", bindings)) );\naction.execute( \"update-billitem-amount\",_p0,drools);\n\nend\n\n\n	'),('RUL59515aa4:16a3a32fa5e:-420e','\npackage oboassessment.SWIMMING_POOL_FEE_GROUP_B_E_F_G;\nimport oboassessment.*;\nimport java.util.*;\nimport com.rameses.rules.common.*;\n\nglobal RuleAction action;\n\nrule \"SWIMMING_POOL_FEE_GROUP_B_E_F_G\"\n	agenda-group \"compute-accessory-structure\"\n	salience 50000\n	no-loop\n	when\n		\n		\n		 obo.facts.OccupancyType (  group matches \"B|E|F|G\" ) \n		\n		BILLITEM: treasury.facts.BillItem (  billcode matches \"ACCESSORY_STRUCTURE_FEE\" ) \n		\n		 obo.facts.OboDecimalInfo (  name matches \"SWIMMING_POOL\",CUM:value ) \n		\n	then\n		Map bindings = new HashMap();\n		\n		bindings.put(\"CUM\", CUM );\n		\n		bindings.put(\"BILLITEM\", BILLITEM );\n		\n	Map _p0 = new HashMap();\n_p0.put( \"billitem\", BILLITEM );\n_p0.put( \"amount\", (new ActionExpression(\"CUM * 36\", bindings)) );\naction.execute( \"update-billitem-amount\",_p0,drools);\n\nend\n\n\n	'),('RUL59515aa4:16a3a32fa5e:-43ab','\npackage oboassessment.SWIMMING_POOL_FEE_GROUP_A;\nimport oboassessment.*;\nimport java.util.*;\nimport com.rameses.rules.common.*;\n\nglobal RuleAction action;\n\nrule \"SWIMMING_POOL_FEE_GROUP_A\"\n	agenda-group \"compute-accessory-structure\"\n	salience 50000\n	no-loop\n	when\n		\n		\n		 obo.facts.OccupancyType (  group matches \"A\" ) \n		\n		 obo.facts.OboDecimalInfo (  name matches \"SWIMMING_POOL\",CUM:value ) \n		\n		BILLITEM: treasury.facts.BillItem (  billcode matches \"ACCESSORY_STRUCTURE_FEE\" ) \n		\n	then\n		Map bindings = new HashMap();\n		\n		bindings.put(\"CUM\", CUM );\n		\n		bindings.put(\"BILLITEM\", BILLITEM );\n		\n	Map _p0 = new HashMap();\n_p0.put( \"billitem\", BILLITEM );\n_p0.put( \"amount\", (new ActionExpression(\"CUM * 3\", bindings)) );\naction.execute( \"update-billitem-amount\",_p0,drools);\n\nend\n\n\n	'),('RUL59515aa4:16a3a32fa5e:-4513','\npackage oboassessment.BANK_VAULT_FEE;\nimport oboassessment.*;\nimport java.util.*;\nimport com.rameses.rules.common.*;\n\nglobal RuleAction action;\n\nrule \"BANK_VAULT_FEE\"\n	agenda-group \"compute-accessory-structure\"\n	salience 50000\n	no-loop\n	when\n		\n		\n		 obo.facts.OboDecimalInfo (  name matches \"BANK_AND_RECORD_VAULT\",CUM:value ) \n		\n		BILLITEM: treasury.facts.BillItem (  billcode matches \"ACCESSORY_STRUCTURE_FEE\" ) \n		\n	then\n		Map bindings = new HashMap();\n		\n		bindings.put(\"BILLITEM\", BILLITEM );\n		\n		bindings.put(\"CUM\", CUM );\n		\n	RangeEntry re0 = new RangeEntry(\"BANK_VAULT_FEE\");\nre0.setBindings(bindings);\nre0.setDecimalvalue(CUM);\nre0.getParams().put( \"billitem\", BILLITEM );\nre0.getParams().put( \"amount\", 0.0 );\ninsert(re0);\n\nend\n\n\n	\nrule \"update-billitem-amount_0_0\"\n	agenda-group \"compute-accessory-structure\"\n	salience 50000\n	no-loop\n	when\n		\n		rv: RangeEntry( id==\"BANK_VAULT_FEE\", decimalvalue >= 0, decimalvalue < 20.00 )\n		\n		\n	then\n		Map bindings = rv.getBindings();\n		Map params = rv.getParams();\n		params.put( \"amount\", (new ActionExpression(\"CUM * 20\", bindings)) );	\n		 \n		action.execute( \"update-billitem-amount\",params, drools);\nend\n\n\n	\nrule \"update-billitem-amount_0_1\"\n	agenda-group \"compute-accessory-structure\"\n	salience 50000\n	no-loop\n	when\n		\n		\n		rv: RangeEntry( id==\"BANK_VAULT_FEE\", decimalvalue >= 20.00 )\n		\n	then\n		Map bindings = rv.getBindings();\n		Map params = rv.getParams();\n		params.put( \"amount\", (new ActionExpression(\"400 + (( CUM - 20)*8)\", bindings)) );	\n		 \n		action.execute( \"update-billitem-amount\",params, drools);\nend\n\n\n	'),('RUL59515aa4:16a3a32fa5e:-6790','\npackage oboassessment.BLDG_HEIGHT_ABOVE_8_METERS_FEE;\nimport oboassessment.*;\nimport java.util.*;\nimport com.rameses.rules.common.*;\n\nglobal RuleAction action;\n\nrule \"BLDG_HEIGHT_ABOVE_8_METERS_FEE\"\n	agenda-group \"compute-accessory-structure\"\n	salience 50000\n	no-loop\n	when\n		\n		\n		BILLITEM: treasury.facts.BillItem (  billcode matches \"ACCESSORY_STRUCTURE_FEE\" ) \n		\n		 obo.facts.BuildingInfo (  AREA:floorarea,HEIGHT:height > 8.00 ) \n		\n	then\n		Map bindings = new HashMap();\n		\n		bindings.put(\"AREA\", AREA );\n		\n		bindings.put(\"BILLITEM\", BILLITEM );\n		\n		bindings.put(\"HEIGHT\", HEIGHT );\n		\n	Map _p0 = new HashMap();\n_p0.put( \"billitem\", BILLITEM );\n_p0.put( \"type\", \"ADD\" );\n_p0.put( \"amount\", (new ActionExpression(\"(AREA * (HEIGHT - 8)) * 0.25\", bindings)) );\naction.execute( \"update-billitem-amount\",_p0,drools);\n\nend\n\n\n	'),('RUL59515aa4:16a3a32fa5e:-775e','\npackage oboassessment.BALCONY_FEE_A1;\nimport oboassessment.*;\nimport java.util.*;\nimport com.rameses.rules.common.*;\n\nglobal RuleAction action;\n\nrule \"BALCONY_FEE_A1\"\n	agenda-group \"compute-accessory-structure\"\n	salience 50000\n	no-loop\n	when\n		\n		\n		 obo.facts.OccupancyType (  division matches \"A1\" ) \n		\n		BILLITEM: treasury.facts.BillItem (  billcode matches \"ACCESSORY_STRUCTURE_FEE\" ) \n		\n		 obo.facts.OboDecimalInfo (  name matches \"BALCONY_TERRACE\",AREA:value ) \n		\n	then\n		Map bindings = new HashMap();\n		\n		bindings.put(\"AREA\", AREA );\n		\n		bindings.put(\"BILLITEM\", BILLITEM );\n		\n	RangeEntry re0 = new RangeEntry(\"BALCONY_FEE_A1\");\nre0.setBindings(bindings);\nre0.setDecimalvalue(AREA);\nre0.getParams().put( \"billitem\", BILLITEM );\nre0.getParams().put( \"amount\", 0.0 );\ninsert(re0);\n\nend\n\n\n	\nrule \"update-billitem-amount_0_0\"\n	agenda-group \"compute-accessory-structure\"\n	salience 50000\n	no-loop\n	when\n		\n		rv: RangeEntry( id==\"BALCONY_FEE_A1\", decimalvalue > 0, decimalvalue <= 20.00 )\n		\n		\n	then\n		Map bindings = rv.getBindings();\n		Map params = rv.getParams();\n		params.put( \"amount\", (new ActionExpression(\"2.0 * AREA * 0.50\", bindings)) );	\n		 \n		action.execute( \"update-billitem-amount\",params, drools);\nend\n\n\n	\nrule \"update-billitem-amount_0_1\"\n	agenda-group \"compute-accessory-structure\"\n	salience 50000\n	no-loop\n	when\n		\n		rv: RangeEntry( id==\"BALCONY_FEE_A1\", decimalvalue > 20.00, decimalvalue <= 50.00 )\n		\n		\n	then\n		Map bindings = rv.getBindings();\n		Map params = rv.getParams();\n		params.put( \"amount\", (new ActionExpression(\"3.40 * AREA * 0.50\", bindings)) );	\n		 \n		action.execute( \"update-billitem-amount\",params, drools);\nend\n\n\n	\nrule \"update-billitem-amount_0_2\"\n	agenda-group \"compute-accessory-structure\"\n	salience 50000\n	no-loop\n	when\n		\n		rv: RangeEntry( id==\"BALCONY_FEE_A1\", decimalvalue > 50.00, decimalvalue <= 100.00 )\n		\n		\n	then\n		Map bindings = rv.getBindings();\n		Map params = rv.getParams();\n		params.put( \"amount\", (new ActionExpression(\"4.80 * AREA * 0.50\", bindings)) );	\n		 \n		action.execute( \"update-billitem-amount\",params, drools);\nend\n\n\n	\nrule \"update-billitem-amount_0_3\"\n	agenda-group \"compute-accessory-structure\"\n	salience 50000\n	no-loop\n	when\n		\n		rv: RangeEntry( id==\"BALCONY_FEE_A1\", decimalvalue > 100.00, decimalvalue <= 150.00 )\n		\n		\n	then\n		Map bindings = rv.getBindings();\n		Map params = rv.getParams();\n		params.put( \"amount\", (new ActionExpression(\"6.0 * AREA * 0.50\", bindings)) );	\n		 \n		action.execute( \"update-billitem-amount\",params, drools);\nend\n\n\n	\nrule \"update-billitem-amount_0_4\"\n	agenda-group \"compute-accessory-structure\"\n	salience 50000\n	no-loop\n	when\n		\n		\n		rv: RangeEntry( id==\"BALCONY_FEE_A1\", decimalvalue > 150.00 )\n		\n	then\n		Map bindings = rv.getBindings();\n		Map params = rv.getParams();\n		params.put( \"amount\", (new ActionExpression(\"7.20 * AREA * 0.50\", bindings)) );	\n		 \n		action.execute( \"update-billitem-amount\",params, drools);\nend\n\n\n	'),('RUL59515aa4:16a3a32fa5e:-7792','\npackage oboassessment.BALCONY_FEE_A2;\nimport oboassessment.*;\nimport java.util.*;\nimport com.rameses.rules.common.*;\n\nglobal RuleAction action;\n\nrule \"BALCONY_FEE_A2\"\n	agenda-group \"compute-accessory-structure\"\n	salience 50000\n	no-loop\n	when\n		\n		\n		 obo.facts.OccupancyType (  division matches \"A2\" ) \n		\n		BILLITEM: treasury.facts.BillItem (  billcode matches \"ACCESSORY_STRUCTURE_FEE\" ) \n		\n		 obo.facts.OboDecimalInfo (  name matches \"BALCONY_TERRACE\",AREA:value ) \n		\n	then\n		Map bindings = new HashMap();\n		\n		bindings.put(\"AREA\", AREA );\n		\n		bindings.put(\"BILLITEM\", BILLITEM );\n		\n	RangeEntry re0 = new RangeEntry(\"BALCONY_FEE_A2\");\nre0.setBindings(bindings);\nre0.setDecimalvalue(AREA);\nre0.getParams().put( \"billitem\", BILLITEM );\nre0.getParams().put( \"amount\", 0.0 );\ninsert(re0);\n\nend\n\n\n	\nrule \"update-billitem-amount_0_0\"\n	agenda-group \"compute-accessory-structure\"\n	salience 50000\n	no-loop\n	when\n		\n		rv: RangeEntry( id==\"BALCONY_FEE_A2\", decimalvalue > 0, decimalvalue <= 20.00 )\n		\n		\n	then\n		Map bindings = rv.getBindings();\n		Map params = rv.getParams();\n		params.put( \"amount\", (new ActionExpression(\"3.0 * AREA * 0.5\", bindings)) );	\n		 \n		action.execute( \"update-billitem-amount\",params, drools);\nend\n\n\n	\nrule \"update-billitem-amount_0_1\"\n	agenda-group \"compute-accessory-structure\"\n	salience 50000\n	no-loop\n	when\n		\n		rv: RangeEntry( id==\"BALCONY_FEE_A2\", decimalvalue > 20.00, decimalvalue <= 50.00 )\n		\n		\n	then\n		Map bindings = rv.getBindings();\n		Map params = rv.getParams();\n		params.put( \"amount\", (new ActionExpression(\"5.20 * AREA * 0.5\", bindings)) );	\n		 \n		action.execute( \"update-billitem-amount\",params, drools);\nend\n\n\n	\nrule \"update-billitem-amount_0_2\"\n	agenda-group \"compute-accessory-structure\"\n	salience 50000\n	no-loop\n	when\n		\n		rv: RangeEntry( id==\"BALCONY_FEE_A2\", decimalvalue > 50.00, decimalvalue <= 150.00 )\n		\n		\n	then\n		Map bindings = rv.getBindings();\n		Map params = rv.getParams();\n		params.put( \"amount\", (new ActionExpression(\"8 * AREA * 0.50\", bindings)) );	\n		 \n		action.execute( \"update-billitem-amount\",params, drools);\nend\n\n\n	\nrule \"update-billitem-amount_0_3\"\n	agenda-group \"compute-accessory-structure\"\n	salience 50000\n	no-loop\n	when\n		\n		\n		rv: RangeEntry( id==\"BALCONY_FEE_A2\", decimalvalue > 150.00 )\n		\n	then\n		Map bindings = rv.getBindings();\n		Map params = rv.getParams();\n		params.put( \"amount\", (new ActionExpression(\"8.40 * AREA * 0.5\", bindings)) );	\n		 \n		action.execute( \"update-billitem-amount\",params, drools);\nend\n\n\n	'),('RUL59515aa4:16a3a32fa5e:-77c6','\npackage oboassessment.BALCONY_FEE_B1_C1_E123_F1_G12345_H1234_I1_J123;\nimport oboassessment.*;\nimport java.util.*;\nimport com.rameses.rules.common.*;\n\nglobal RuleAction action;\n\nrule \"BALCONY_FEE_B1_C1_E123_F1_G12345_H1234_I1_J123\"\n	agenda-group \"compute-accessory-structure\"\n	salience 50000\n	no-loop\n	when\n		\n		\n		 obo.facts.OccupancyType (  division matches \"B1|C1|E1|E2|E3|F1|G1|G2|G3|G4|G5|H1|H2|H3|H4|I1|J1|J2|J3\" ) \n		\n		BILLITEM: treasury.facts.BillItem (  billcode matches \"ACCESSORY_STRUCTURE_FEE\" ) \n		\n		 obo.facts.OboDecimalInfo (  name matches \"BALCONY_TERRACE\",AREA:value ) \n		\n	then\n		Map bindings = new HashMap();\n		\n		bindings.put(\"AREA\", AREA );\n		\n		bindings.put(\"BILLITEM\", BILLITEM );\n		\n	RangeEntry re0 = new RangeEntry(\"BALCONY_FEE_B1_C1_E123_F1_G12345_H1234_I1_J123\");\nre0.setBindings(bindings);\nre0.setDecimalvalue(AREA);\nre0.getParams().put( \"billitem\", BILLITEM );\nre0.getParams().put( \"amount\", 0.0 );\ninsert(re0);\n\nend\n\n\n	\nrule \"update-billitem-amount_0_0\"\n	agenda-group \"compute-accessory-structure\"\n	salience 50000\n	no-loop\n	when\n		\n		rv: RangeEntry( id==\"BALCONY_FEE_B1_C1_E123_F1_G12345_H1234_I1_J123\", decimalvalue > 0, decimalvalue <= 500.00 )\n		\n		\n	then\n		Map bindings = rv.getBindings();\n		Map params = rv.getParams();\n		params.put( \"amount\", (new ActionExpression(\"(AREA * 23) * 0.5\", bindings)) );	\n		 \n		action.execute( \"update-billitem-amount\",params, drools);\nend\n\n\n	\nrule \"update-billitem-amount_0_1\"\n	agenda-group \"compute-accessory-structure\"\n	salience 50000\n	no-loop\n	when\n		\n		rv: RangeEntry( id==\"BALCONY_FEE_B1_C1_E123_F1_G12345_H1234_I1_J123\", decimalvalue > 500.00, decimalvalue <= 600.00 )\n		\n		\n	then\n		Map bindings = rv.getBindings();\n		Map params = rv.getParams();\n		params.put( \"amount\", (new ActionExpression(\"(11500 + ((AREA-500) * 22)) * 0.5\", bindings)) );	\n		 \n		action.execute( \"update-billitem-amount\",params, drools);\nend\n\n\n	\nrule \"update-billitem-amount_0_2\"\n	agenda-group \"compute-accessory-structure\"\n	salience 50000\n	no-loop\n	when\n		\n		rv: RangeEntry( id==\"BALCONY_FEE_B1_C1_E123_F1_G12345_H1234_I1_J123\", decimalvalue > 600.00, decimalvalue <= 700.00 )\n		\n		\n	then\n		Map bindings = rv.getBindings();\n		Map params = rv.getParams();\n		params.put( \"amount\", (new ActionExpression(\"(11500 + 2200 + ((AREA-600) * 20.50)) * 0.5\", bindings)) );	\n		 \n		action.execute( \"update-billitem-amount\",params, drools);\nend\n\n\n	\nrule \"update-billitem-amount_0_3\"\n	agenda-group \"compute-accessory-structure\"\n	salience 50000\n	no-loop\n	when\n		\n		rv: RangeEntry( id==\"BALCONY_FEE_B1_C1_E123_F1_G12345_H1234_I1_J123\", decimalvalue > 700.00, decimalvalue <= 800.00 )\n		\n		\n	then\n		Map bindings = rv.getBindings();\n		Map params = rv.getParams();\n		params.put( \"amount\", (new ActionExpression(\"(11500 + 2200 + 2050 + ((AREA-700) * 19.50)) * 0.5\", bindings)) );	\n		 \n		action.execute( \"update-billitem-amount\",params, drools);\nend\n\n\n	\nrule \"update-billitem-amount_0_4\"\n	agenda-group \"compute-accessory-structure\"\n	salience 50000\n	no-loop\n	when\n		\n		rv: RangeEntry( id==\"BALCONY_FEE_B1_C1_E123_F1_G12345_H1234_I1_J123\", decimalvalue > 800.00, decimalvalue <= 900.00 )\n		\n		\n	then\n		Map bindings = rv.getBindings();\n		Map params = rv.getParams();\n		params.put( \"amount\", (new ActionExpression(\"(11500 + 2200 + 2050 + 1950 + ((AREA-800) * 18)) * 0.5\", bindings)) );	\n		 \n		action.execute( \"update-billitem-amount\",params, drools);\nend\n\n\n	\nrule \"update-billitem-amount_0_5\"\n	agenda-group \"compute-accessory-structure\"\n	salience 50000\n	no-loop\n	when\n		\n		rv: RangeEntry( id==\"BALCONY_FEE_B1_C1_E123_F1_G12345_H1234_I1_J123\", decimalvalue > 900.00, decimalvalue <= 1000.00 )\n		\n		\n	then\n		Map bindings = rv.getBindings();\n		Map params = rv.getParams();\n		params.put( \"amount\", (new ActionExpression(\"(11500 + 2200 + 2050 + 1950 + 1800 + ((AREA-900) * 17)) * 0.5\", bindings)) );	\n		 \n		action.execute( \"update-billitem-amount\",params, drools);\nend\n\n\n	\nrule \"update-billitem-amount_0_6\"\n	agenda-group \"compute-accessory-structure\"\n	salience 50000\n	no-loop\n	when\n		\n		rv: RangeEntry( id==\"BALCONY_FEE_B1_C1_E123_F1_G12345_H1234_I1_J123\", decimalvalue > 1000.00, decimalvalue <= 1500.00 )\n		\n		\n	then\n		Map bindings = rv.getBindings();\n		Map params = rv.getParams();\n		params.put( \"amount\", (new ActionExpression(\"(11500 + 2200 + 2050 + 1950 + 1800 + 1700 + ((AREA-1000) * 16)) * 0.5\", bindings)) );	\n		 \n		action.execute( \"update-billitem-amount\",params, drools);\nend\n\n\n	\nrule \"update-billitem-amount_0_7\"\n	agenda-group \"compute-accessory-structure\"\n	salience 50000\n	no-loop\n	when\n		\n		rv: RangeEntry( id==\"BALCONY_FEE_B1_C1_E123_F1_G12345_H1234_I1_J123\", decimalvalue > 1500.00, decimalvalue <= 2000.00 )\n		\n		\n	then\n		Map bindings = rv.getBindings();\n		Map params = rv.getParams();\n		params.put( \"amount\", (new ActionExpression(\"(11500 + 2200 + 2050 + 1950 + 1800 + 1700 + 8000 + 7500 + ((AREA-2000) * 14)) * 0.5\", bindings)) );	\n		 \n		action.execute( \"update-billitem-amount\",params, drools);\nend\n\n\n	\nrule \"update-billitem-amount_0_8\"\n	agenda-group \"compute-accessory-structure\"\n	salience 50000\n	no-loop\n	when\n		\n		rv: RangeEntry( id==\"BALCONY_FEE_B1_C1_E123_F1_G12345_H1234_I1_J123\", decimalvalue > 2000.00, decimalvalue <= 3000.00 )\n		\n		\n	then\n		Map bindings = rv.getBindings();\n		Map params = rv.getParams();\n		params.put( \"amount\", (new ActionExpression(\"11500 + 2200 + 2050 + 1950 + 1800 + 1700 + 8000 + 7500 + ((AREA-2000) * 14)\", bindings)) );	\n		 \n		action.execute( \"update-billitem-amount\",params, drools);\nend\n\n\n	\nrule \"update-billitem-amount_0_9\"\n	agenda-group \"compute-accessory-structure\"\n	salience 50000\n	no-loop\n	when\n		\n		\n		rv: RangeEntry( id==\"BALCONY_FEE_B1_C1_E123_F1_G12345_H1234_I1_J123\", decimalvalue > 3000.00 )\n		\n	then\n		Map bindings = rv.getBindings();\n		Map params = rv.getParams();\n		params.put( \"amount\", (new ActionExpression(\"(11500 + 2200 + 2050 + 1950 + 1800 + 1700 + 8000 + 7500 + 14000 + ((AREA-3000) * 12)) * 0.5\", bindings)) );	\n		 \n		action.execute( \"update-billitem-amount\",params, drools);\nend\n\n\n	'),('RUL59515aa4:16a3a32fa5e:-77fa','\npackage oboassessment.BALCONY_FEE_C2_D123;\nimport oboassessment.*;\nimport java.util.*;\nimport com.rameses.rules.common.*;\n\nglobal RuleAction action;\n\nrule \"BALCONY_FEE_C2_D123\"\n	agenda-group \"compute-accessory-structure\"\n	salience 50000\n	no-loop\n	when\n		\n		\n		 obo.facts.OccupancyType (  division matches \"C2|D1|D2|D3\" ) \n		\n		BILLITEM: treasury.facts.BillItem (  billcode matches \"ACCESSORY_STRUCTURE_FEE\" ) \n		\n		 obo.facts.OboDecimalInfo (  name matches \"BALCONY_TERRACE\",AREA:value ) \n		\n	then\n		Map bindings = new HashMap();\n		\n		bindings.put(\"AREA\", AREA );\n		\n		bindings.put(\"BILLITEM\", BILLITEM );\n		\n	RangeEntry re0 = new RangeEntry(\"BALCONY_FEE_C2_D123\");\nre0.setBindings(bindings);\nre0.setDecimalvalue(AREA);\nre0.getParams().put( \"billitem\", BILLITEM );\nre0.getParams().put( \"amount\", 0.0 );\ninsert(re0);\n\nend\n\n\n	\nrule \"update-billitem-amount_0_0\"\n	agenda-group \"compute-accessory-structure\"\n	salience 50000\n	no-loop\n	when\n		\n		rv: RangeEntry( id==\"BALCONY_FEE_C2_D123\", decimalvalue > 0, decimalvalue <= 500.00 )\n		\n		\n	then\n		Map bindings = rv.getBindings();\n		Map params = rv.getParams();\n		params.put( \"amount\", (new ActionExpression(\"(AREA * 12) * 0.5\", bindings)) );	\n		 \n		action.execute( \"update-billitem-amount\",params, drools);\nend\n\n\n	\nrule \"update-billitem-amount_0_1\"\n	agenda-group \"compute-accessory-structure\"\n	salience 50000\n	no-loop\n	when\n		\n		rv: RangeEntry( id==\"BALCONY_FEE_C2_D123\", decimalvalue > 500.00, decimalvalue <= 600.00 )\n		\n		\n	then\n		Map bindings = rv.getBindings();\n		Map params = rv.getParams();\n		params.put( \"amount\", (new ActionExpression(\"(6000 + ((AREA-500) * 11)) * 0.5\", bindings)) );	\n		 \n		action.execute( \"update-billitem-amount\",params, drools);\nend\n\n\n	\nrule \"update-billitem-amount_0_2\"\n	agenda-group \"compute-accessory-structure\"\n	salience 50000\n	no-loop\n	when\n		\n		rv: RangeEntry( id==\"BALCONY_FEE_C2_D123\", decimalvalue > 600.00, decimalvalue <= 700.00 )\n		\n		\n	then\n		Map bindings = rv.getBindings();\n		Map params = rv.getParams();\n		params.put( \"amount\", (new ActionExpression(\"(6000 + 1100 + ((AREA-600) * 10.20)) * 0.5\", bindings)) );	\n		 \n		action.execute( \"update-billitem-amount\",params, drools);\nend\n\n\n	\nrule \"update-billitem-amount_0_3\"\n	agenda-group \"compute-accessory-structure\"\n	salience 50000\n	no-loop\n	when\n		\n		rv: RangeEntry( id==\"BALCONY_FEE_C2_D123\", decimalvalue > 700.00, decimalvalue <= 800.00 )\n		\n		\n	then\n		Map bindings = rv.getBindings();\n		Map params = rv.getParams();\n		params.put( \"amount\", (new ActionExpression(\"(6000 + 1100 + 1020 + ((AREA-700) * 9.60)) * 0.5\", bindings)) );	\n		 \n		action.execute( \"update-billitem-amount\",params, drools);\nend\n\n\n	\nrule \"update-billitem-amount_0_4\"\n	agenda-group \"compute-accessory-structure\"\n	salience 50000\n	no-loop\n	when\n		\n		rv: RangeEntry( id==\"BALCONY_FEE_C2_D123\", decimalvalue > 800.00, decimalvalue <= 900.00 )\n		\n		\n	then\n		Map bindings = rv.getBindings();\n		Map params = rv.getParams();\n		params.put( \"amount\", (new ActionExpression(\"(6000 + 1100 + 1020 + 960 + ((AREA-800) * 9)) * 0.5\", bindings)) );	\n		 \n		action.execute( \"update-billitem-amount\",params, drools);\nend\n\n\n	\nrule \"update-billitem-amount_0_5\"\n	agenda-group \"compute-accessory-structure\"\n	salience 50000\n	no-loop\n	when\n		\n		rv: RangeEntry( id==\"BALCONY_FEE_C2_D123\", decimalvalue > 900.00, decimalvalue <= 1000.00 )\n		\n		\n	then\n		Map bindings = rv.getBindings();\n		Map params = rv.getParams();\n		params.put( \"amount\", (new ActionExpression(\"(6000 + 1100 + 1020 + 960  + 900 + ((AREA-900) * 8.40)) * 0.5\", bindings)) );	\n		 \n		action.execute( \"update-billitem-amount\",params, drools);\nend\n\n\n	\nrule \"update-billitem-amount_0_6\"\n	agenda-group \"compute-accessory-structure\"\n	salience 50000\n	no-loop\n	when\n		\n		rv: RangeEntry( id==\"BALCONY_FEE_C2_D123\", decimalvalue > 1000.00, decimalvalue <= 1500.00 )\n		\n		\n	then\n		Map bindings = rv.getBindings();\n		Map params = rv.getParams();\n		params.put( \"amount\", (new ActionExpression(\"(6000 + 1100 + 1020 + 960  + 900 + 840 + ((AREA-1000) * 7.2)) * 0.5\", bindings)) );	\n		 \n		action.execute( \"update-billitem-amount\",params, drools);\nend\n\n\n	\nrule \"update-billitem-amount_0_7\"\n	agenda-group \"compute-accessory-structure\"\n	salience 50000\n	no-loop\n	when\n		\n		rv: RangeEntry( id==\"BALCONY_FEE_C2_D123\", decimalvalue > 1500.00, decimalvalue <= 2000.00 )\n		\n		\n	then\n		Map bindings = rv.getBindings();\n		Map params = rv.getParams();\n		params.put( \"amount\", (new ActionExpression(\"(6000 + 1100 + 1020 + 960  + 900 + 840 +  3600 + ((AREA-1500) * 6.6)) * 0.5\", bindings)) );	\n		 \n		action.execute( \"update-billitem-amount\",params, drools);\nend\n\n\n	\nrule \"update-billitem-amount_0_8\"\n	agenda-group \"compute-accessory-structure\"\n	salience 50000\n	no-loop\n	when\n		\n		rv: RangeEntry( id==\"BALCONY_FEE_C2_D123\", decimalvalue > 2000.00, decimalvalue <= 3000.00 )\n		\n		\n	then\n		Map bindings = rv.getBindings();\n		Map params = rv.getParams();\n		params.put( \"amount\", (new ActionExpression(\"(6000 + 1100 + 1020 + 960  + 900 + 840 +  3600 + 3300 + ((AREA-2000) * 6)) * 0.5\", bindings)) );	\n		 \n		action.execute( \"update-billitem-amount\",params, drools);\nend\n\n\n	\nrule \"update-billitem-amount_0_9\"\n	agenda-group \"compute-accessory-structure\"\n	salience 50000\n	no-loop\n	when\n		\n		\n		rv: RangeEntry( id==\"BALCONY_FEE_C2_D123\", decimalvalue > 3000.00 )\n		\n	then\n		Map bindings = rv.getBindings();\n		Map params = rv.getParams();\n		params.put( \"amount\", (new ActionExpression(\"(6000 + 1100 + 1020 + 960  + 900 + 840 +  3600 + 3300 + 6000 + ((AREA-3000) * 5)) * 0.5\", bindings)) );	\n		 \n		action.execute( \"update-billitem-amount\",params, drools);\nend\n\n\n	'),('RUL5c26d02a:178f398c3aa:-6f0c','\npackage oboworkflow.SEND_PAYMENT_ORDER;\nimport oboworkflow.*;\nimport java.util.*;\nimport com.rameses.rules.common.*;\n\nglobal RuleAction action;\n\nrule \"SEND_PAYMENT_ORDER\"\n	agenda-group \"initial\"\n	salience 50000\n	no-loop\n	when\n		\n		\n		WT: workflow.facts.WfTaskResult (  processname matches \"building_permit|occupancy_certificate\",fromaction == \"approve-assessment\" ) \n		\n	then\n		Map bindings = new HashMap();\n		\n		bindings.put(\"WT\", WT );\n		\n	Map _p0 = new HashMap();\n_p0.put( \"scriptname\", \"JasperEmailQueueService\" );\n_p0.put( \"actionname\", \"send\" );\n_p0.put( \"params\", (new ActionExpression(\"[    refid: WT.refid,     reportid: \'obo_assessment\' ]\", bindings)) );\naction.execute( \"execute-script\",_p0,drools);\n\nend\n\n\n	'),('RUL5c26d02a:178f398c3aa:-7d10','\npackage oboworkflow.VALIDATE_ASSESSMENT;\nimport oboworkflow.*;\nimport java.util.*;\nimport com.rameses.rules.common.*;\n\nglobal RuleAction action;\n\nrule \"VALIDATE_ASSESSMENT\"\n	agenda-group \"initial\"\n	salience 50000\n	no-loop\n	when\n		\n		\n		WT: workflow.facts.WfTransition (  processname matches \"building_permit|occupancy_certificate\",fromstate == \"assessment\" ) \n		\n	then\n		Map bindings = new HashMap();\n		\n		bindings.put(\"WT\", WT );\n		\n	Map _p0 = new HashMap();\n_p0.put( \"scriptname\", \"OboAppFeeService\" );\n_p0.put( \"actionname\", \"validateAllFees\" );\n_p0.put( \"params\", (new ActionExpression(\"[     appid: WT.refid  ]\", bindings)) );\naction.execute( \"execute-script\",_p0,drools);\n\nend\n\n\n	'),('RUL5df0950f:17916da5516:-6c0d','\npackage oboworkflow.VALIDATE_BUILDING_RPT_DOCS;\nimport oboworkflow.*;\nimport java.util.*;\nimport com.rameses.rules.common.*;\n\nglobal RuleAction action;\n\nrule \"VALIDATE_BUILDING_RPT_DOCS\"\n	agenda-group \"initial\"\n	salience 50000\n	no-loop\n	when\n		\n		\n		WT: workflow.facts.WfTransition (  processname == \"building_permit\",fromstate == \"receiving\" ) \n		\n	then\n		Map bindings = new HashMap();\n		\n		bindings.put(\"WT\", WT );\n		\n	Map _p0 = new HashMap();\n_p0.put( \"scriptname\", \"BuildingPermitRpuService\" );\n_p0.put( \"actionname\", \"validateRptDocs\" );\n_p0.put( \"params\", (new ActionExpression(\"[ appid: WT.refid ]\", bindings)) );\naction.execute( \"execute-script\",_p0,drools);\n\nend\n\n\n	'),('RUL67dafb9:15b5100218a:-7bbc','\npackage oboassessment.OCCUPANCY_FEE_J2;\nimport oboassessment.*;\nimport java.util.*;\nimport com.rameses.rules.common.*;\n\nglobal RuleAction action;\n\nrule \"OCCUPANCY_FEE_J2\"\n	agenda-group \"compute-occupancyfee\"\n	salience 50000\n	no-loop\n	when\n		\n		\n		DOC: obo.facts.OboDocument (  doctype matches \"OCCUPANCY_CERTIFICATE\" ) \n		\n		 obo.facts.OccupancyType (  division matches \"A1|A2\" ) \n		\n		 obo.facts.BuildingInfo (  COST:highercost ) \n		\n	then\n		Map bindings = new HashMap();\n		\n		bindings.put(\"COST\", COST );\n		\n		bindings.put(\"DOC\", DOC );\n		\n	RangeEntry re0 = new RangeEntry(\"OCCUPANCY_FEE_J2\");\nre0.setBindings(bindings);\nre0.setDecimalvalue(COST);\nre0.getParams().put( \"amount\", 0.0 );\nre0.getParams().put( \"billcode\", new KeyValue(\"null\", \"OCCUPANCY PERMIT FEE\") );\ninsert(re0);\n\nend\n\n\n	\nrule \"add-billitem_0_0\"\n	agenda-group \"compute-occupancyfee\"\n	salience 50000\n	no-loop\n	when\n		\n		rv: RangeEntry( id==\"OCCUPANCY_FEE_J2\", decimalvalue > 0, decimalvalue <= 150000.00 )\n		\n		\n	then\n		Map bindings = rv.getBindings();\n		Map params = rv.getParams();\n		params.put( \"amount\", (new ActionExpression(\"100\", bindings)) );	\n		 \n		action.execute( \"add-billitem\",params, drools);\nend\n\n\n	\nrule \"add-billitem_0_1\"\n	agenda-group \"compute-occupancyfee\"\n	salience 50000\n	no-loop\n	when\n		\n		rv: RangeEntry( id==\"OCCUPANCY_FEE_J2\", decimalvalue > 150000.00, decimalvalue <= 400000.00 )\n		\n		\n	then\n		Map bindings = rv.getBindings();\n		Map params = rv.getParams();\n		params.put( \"amount\", (new ActionExpression(\"200\", bindings)) );	\n		 \n		action.execute( \"add-billitem\",params, drools);\nend\n\n\n	\nrule \"add-billitem_0_2\"\n	agenda-group \"compute-occupancyfee\"\n	salience 50000\n	no-loop\n	when\n		\n		rv: RangeEntry( id==\"OCCUPANCY_FEE_J2\", decimalvalue > 400000.00, decimalvalue <= 850000.00 )\n		\n		\n	then\n		Map bindings = rv.getBindings();\n		Map params = rv.getParams();\n		params.put( \"amount\", (new ActionExpression(\"400\", bindings)) );	\n		 \n		action.execute( \"add-billitem\",params, drools);\nend\n\n\n	\nrule \"add-billitem_0_3\"\n	agenda-group \"compute-occupancyfee\"\n	salience 50000\n	no-loop\n	when\n		\n		rv: RangeEntry( id==\"OCCUPANCY_FEE_J2\", decimalvalue > 850000.00, decimalvalue <= 1200000.00 )\n		\n		\n	then\n		Map bindings = rv.getBindings();\n		Map params = rv.getParams();\n		params.put( \"amount\", (new ActionExpression(\"800\", bindings)) );	\n		 \n		action.execute( \"add-billitem\",params, drools);\nend\n\n\n	\nrule \"add-billitem_0_4\"\n	agenda-group \"compute-occupancyfee\"\n	salience 50000\n	no-loop\n	when\n		\n		\n		rv: RangeEntry( id==\"OCCUPANCY_FEE_J2\", decimalvalue > 1200000.00 )\n		\n	then\n		Map bindings = rv.getBindings();\n		Map params = rv.getParams();\n		params.put( \"amount\", (new ActionExpression(\"800 +  (Math.ceil((COST-1200000)/1000000) * 800)\", bindings)) );	\n		 \n		action.execute( \"add-billitem\",params, drools);\nend\n\n\n	'),('RUL67dafb9:15b5100218a:-7bcd','\npackage oboassessment.OCCUPANCY_FEE_J1;\nimport oboassessment.*;\nimport java.util.*;\nimport com.rameses.rules.common.*;\n\nglobal RuleAction action;\n\nrule \"OCCUPANCY_FEE_J1\"\n	agenda-group \"compute-occupancyfee\"\n	salience 50000\n	no-loop\n	when\n		\n		\n		 obo.facts.OccupancyType (  division matches \"J1\" ) \n		\n		 obo.facts.BuildingInfo (  AREA:totalfloorarea ) \n		\n		DOC: obo.facts.OboDocument (  doctype matches \"OCCUPANCY_CERTIFICATE\" ) \n		\n	then\n		Map bindings = new HashMap();\n		\n		bindings.put(\"AREA\", AREA );\n		\n		bindings.put(\"DOC\", DOC );\n		\n	RangeEntry re0 = new RangeEntry(\"OCCUPANCY_FEE_J1\");\nre0.setBindings(bindings);\nre0.setDecimalvalue(AREA);\nre0.getParams().put( \"amount\", 0.0 );\nre0.getParams().put( \"billcode\", new KeyValue(\"null\", \"OCCUPANCY PERMIT FEE\") );\ninsert(re0);\n\nend\n\n\n	\nrule \"add-billitem_0_0\"\n	agenda-group \"compute-occupancyfee\"\n	salience 50000\n	no-loop\n	when\n		\n		rv: RangeEntry( id==\"OCCUPANCY_FEE_J1\", decimalvalue > 0, decimalvalue <= 20.00 )\n		\n		\n	then\n		Map bindings = rv.getBindings();\n		Map params = rv.getParams();\n		params.put( \"amount\", (new ActionExpression(\"50\", bindings)) );	\n		 \n		action.execute( \"add-billitem\",params, drools);\nend\n\n\n	\nrule \"add-billitem_0_1\"\n	agenda-group \"compute-occupancyfee\"\n	salience 50000\n	no-loop\n	when\n		\n		rv: RangeEntry( id==\"OCCUPANCY_FEE_J1\", decimalvalue > 20.00, decimalvalue <= 500.00 )\n		\n		\n	then\n		Map bindings = rv.getBindings();\n		Map params = rv.getParams();\n		params.put( \"amount\", (new ActionExpression(\"240\", bindings)) );	\n		 \n		action.execute( \"add-billitem\",params, drools);\nend\n\n\n	\nrule \"add-billitem_0_2\"\n	agenda-group \"compute-occupancyfee\"\n	salience 50000\n	no-loop\n	when\n		\n		rv: RangeEntry( id==\"OCCUPANCY_FEE_J1\", decimalvalue > 500.00, decimalvalue <= 1000.00 )\n		\n		\n	then\n		Map bindings = rv.getBindings();\n		Map params = rv.getParams();\n		params.put( \"amount\", (new ActionExpression(\"360\", bindings)) );	\n		 \n		action.execute( \"add-billitem\",params, drools);\nend\n\n\n	\nrule \"add-billitem_0_3\"\n	agenda-group \"compute-occupancyfee\"\n	salience 50000\n	no-loop\n	when\n		\n		rv: RangeEntry( id==\"OCCUPANCY_FEE_J1\", decimalvalue > 1000.00, decimalvalue <= 5000.00 )\n		\n		\n	then\n		Map bindings = rv.getBindings();\n		Map params = rv.getParams();\n		params.put( \"amount\", (new ActionExpression(\"480\", bindings)) );	\n		 \n		action.execute( \"add-billitem\",params, drools);\nend\n\n\n	\nrule \"add-billitem_0_4\"\n	agenda-group \"compute-occupancyfee\"\n	salience 50000\n	no-loop\n	when\n		\n		rv: RangeEntry( id==\"OCCUPANCY_FEE_J1\", decimalvalue > 5000.00, decimalvalue <= 10000.00 )\n		\n		\n	then\n		Map bindings = rv.getBindings();\n		Map params = rv.getParams();\n		params.put( \"amount\", (new ActionExpression(\"200\", bindings)) );	\n		 \n		action.execute( \"add-billitem\",params, drools);\nend\n\n\n	\nrule \"add-billitem_0_5\"\n	agenda-group \"compute-occupancyfee\"\n	salience 50000\n	no-loop\n	when\n		\n		\n		rv: RangeEntry( id==\"OCCUPANCY_FEE_J1\", decimalvalue > 10000.00 )\n		\n	then\n		Map bindings = rv.getBindings();\n		Map params = rv.getParams();\n		params.put( \"amount\", (new ActionExpression(\"2400\", bindings)) );	\n		 \n		action.execute( \"add-billitem\",params, drools);\nend\n\n\n	'),('RUL67dafb9:15b5100218a:-7bde','\npackage oboassessment.OCCUPANCY_FEE_C12_D123;\nimport oboassessment.*;\nimport java.util.*;\nimport com.rameses.rules.common.*;\n\nglobal RuleAction action;\n\nrule \"OCCUPANCY_FEE_C12_D123\"\n	agenda-group \"compute-occupancyfee\"\n	salience 50000\n	no-loop\n	when\n		\n		\n		 obo.facts.OccupancyType (  division matches \"C1|C2|D1|D2|D3\" ) \n		\n		DOC: obo.facts.OboDocument (  doctype matches \"OCCUPANCY_CERTIFICATE\" ) \n		\n		 obo.facts.BuildingInfo (  COST:highercost ) \n		\n	then\n		Map bindings = new HashMap();\n		\n		bindings.put(\"COST\", COST );\n		\n		bindings.put(\"DOC\", DOC );\n		\n	RangeEntry re0 = new RangeEntry(\"OCCUPANCY_FEE_C12_D123\");\nre0.setBindings(bindings);\nre0.setDecimalvalue(COST);\nre0.getParams().put( \"amount\", 0.0 );\nre0.getParams().put( \"billcode\", new KeyValue(\"null\", \"OCCUPANCY PERMIT FEE\") );\ninsert(re0);\n\nend\n\n\n	\nrule \"add-billitem_0_0\"\n	agenda-group \"compute-occupancyfee\"\n	salience 50000\n	no-loop\n	when\n		\n		rv: RangeEntry( id==\"OCCUPANCY_FEE_C12_D123\", decimalvalue > 0, decimalvalue <= 150000.00 )\n		\n		\n	then\n		Map bindings = rv.getBindings();\n		Map params = rv.getParams();\n		params.put( \"amount\", (new ActionExpression(\"150\", bindings)) );	\n		 \n		action.execute( \"add-billitem\",params, drools);\nend\n\n\n	\nrule \"add-billitem_0_1\"\n	agenda-group \"compute-occupancyfee\"\n	salience 50000\n	no-loop\n	when\n		\n		rv: RangeEntry( id==\"OCCUPANCY_FEE_C12_D123\", decimalvalue > 150000.00, decimalvalue <= 400000.00 )\n		\n		\n	then\n		Map bindings = rv.getBindings();\n		Map params = rv.getParams();\n		params.put( \"amount\", (new ActionExpression(\"250\", bindings)) );	\n		 \n		action.execute( \"add-billitem\",params, drools);\nend\n\n\n	\nrule \"add-billitem_0_2\"\n	agenda-group \"compute-occupancyfee\"\n	salience 50000\n	no-loop\n	when\n		\n		rv: RangeEntry( id==\"OCCUPANCY_FEE_C12_D123\", decimalvalue > 400000.00, decimalvalue <= 850000.00 )\n		\n		\n	then\n		Map bindings = rv.getBindings();\n		Map params = rv.getParams();\n		params.put( \"amount\", (new ActionExpression(\"600\", bindings)) );	\n		 \n		action.execute( \"add-billitem\",params, drools);\nend\n\n\n	\nrule \"add-billitem_0_3\"\n	agenda-group \"compute-occupancyfee\"\n	salience 50000\n	no-loop\n	when\n		\n		rv: RangeEntry( id==\"OCCUPANCY_FEE_C12_D123\", decimalvalue > 850000.00, decimalvalue <= 1200000.00 )\n		\n		\n	then\n		Map bindings = rv.getBindings();\n		Map params = rv.getParams();\n		params.put( \"amount\", (new ActionExpression(\"900\", bindings)) );	\n		 \n		action.execute( \"add-billitem\",params, drools);\nend\n\n\n	\nrule \"add-billitem_0_4\"\n	agenda-group \"compute-occupancyfee\"\n	salience 50000\n	no-loop\n	when\n		\n		\n		rv: RangeEntry( id==\"OCCUPANCY_FEE_C12_D123\", decimalvalue > 1200000.00 )\n		\n	then\n		Map bindings = rv.getBindings();\n		Map params = rv.getParams();\n		params.put( \"amount\", (new ActionExpression(\"900 +  (Math.ceil((COST-1200000)/1000000) * 900)\", bindings)) );	\n		 \n		action.execute( \"add-billitem\",params, drools);\nend\n\n\n	'),('RUL67dafb9:15b5100218a:-7bef','\npackage oboassessment.OCCUPANCY_FEE_B1_E123_F1_G12345_H123_I1;\nimport oboassessment.*;\nimport java.util.*;\nimport com.rameses.rules.common.*;\n\nglobal RuleAction action;\n\nrule \"OCCUPANCY_FEE_B1_E123_F1_G12345_H123_I1\"\n	agenda-group \"compute-occupancyfee\"\n	salience 50000\n	no-loop\n	when\n		\n		\n		 obo.facts.OccupancyType (  division matches \"B1|E1|E2|E3|F1|G1|G2|G3|G4|G5|H1|H2|H3|I1\" ) \n		\n		 obo.facts.BuildingInfo (  COST:highercost ) \n		\n		DOC: obo.facts.OboDocument (  doctype matches \"OCCUPANCY_CERTIFICATE\" ) \n		\n	then\n		Map bindings = new HashMap();\n		\n		bindings.put(\"COST\", COST );\n		\n		bindings.put(\"DOC\", DOC );\n		\n	RangeEntry re0 = new RangeEntry(\"OCCUPANCY_FEE_B1_E123_F1_G12345_H123_I1\");\nre0.setBindings(bindings);\nre0.setDecimalvalue(COST);\nre0.getParams().put( \"amount\", 0.0 );\nre0.getParams().put( \"billcode\", new KeyValue(\"null\", \"OCCUPANCY PERMIT FEE\") );\ninsert(re0);\n\nend\n\n\n	\nrule \"add-billitem_0_0\"\n	agenda-group \"compute-occupancyfee\"\n	salience 50000\n	no-loop\n	when\n		\n		rv: RangeEntry( id==\"OCCUPANCY_FEE_B1_E123_F1_G12345_H123_I1\", decimalvalue > 0, decimalvalue <= 150000.00 )\n		\n		\n	then\n		Map bindings = rv.getBindings();\n		Map params = rv.getParams();\n		params.put( \"amount\", (new ActionExpression(\"200\", bindings)) );	\n		 \n		action.execute( \"add-billitem\",params, drools);\nend\n\n\n	\nrule \"add-billitem_0_1\"\n	agenda-group \"compute-occupancyfee\"\n	salience 50000\n	no-loop\n	when\n		\n		rv: RangeEntry( id==\"OCCUPANCY_FEE_B1_E123_F1_G12345_H123_I1\", decimalvalue > 150000.00, decimalvalue <= 400000.00 )\n		\n		\n	then\n		Map bindings = rv.getBindings();\n		Map params = rv.getParams();\n		params.put( \"amount\", (new ActionExpression(\"400\", bindings)) );	\n		 \n		action.execute( \"add-billitem\",params, drools);\nend\n\n\n	\nrule \"add-billitem_0_2\"\n	agenda-group \"compute-occupancyfee\"\n	salience 50000\n	no-loop\n	when\n		\n		rv: RangeEntry( id==\"OCCUPANCY_FEE_B1_E123_F1_G12345_H123_I1\", decimalvalue > 400000.00, decimalvalue <= 850000.00 )\n		\n		\n	then\n		Map bindings = rv.getBindings();\n		Map params = rv.getParams();\n		params.put( \"amount\", (new ActionExpression(\"800\", bindings)) );	\n		 \n		action.execute( \"add-billitem\",params, drools);\nend\n\n\n	\nrule \"add-billitem_0_3\"\n	agenda-group \"compute-occupancyfee\"\n	salience 50000\n	no-loop\n	when\n		\n		rv: RangeEntry( id==\"OCCUPANCY_FEE_B1_E123_F1_G12345_H123_I1\", decimalvalue > 850000.00, decimalvalue <= 1200000.00 )\n		\n		\n	then\n		Map bindings = rv.getBindings();\n		Map params = rv.getParams();\n		params.put( \"amount\", (new ActionExpression(\"1000\", bindings)) );	\n		 \n		action.execute( \"add-billitem\",params, drools);\nend\n\n\n	\nrule \"add-billitem_0_4\"\n	agenda-group \"compute-occupancyfee\"\n	salience 50000\n	no-loop\n	when\n		\n		\n		rv: RangeEntry( id==\"OCCUPANCY_FEE_B1_E123_F1_G12345_H123_I1\", decimalvalue > 1200000.00 )\n		\n	then\n		Map bindings = rv.getBindings();\n		Map params = rv.getParams();\n		params.put( \"amount\", (new ActionExpression(\"1000 +  (Math.ceil((COST-1200000)/1000000) * 1000)\", bindings)) );	\n		 \n		action.execute( \"add-billitem\",params, drools);\nend\n\n\n	'),('RUL67dafb9:15b5100218a:-7ea4','\npackage oboassessment.OCCUPANCY_FEE_A1_A2;\nimport oboassessment.*;\nimport java.util.*;\nimport com.rameses.rules.common.*;\n\nglobal RuleAction action;\n\nrule \"OCCUPANCY_FEE_A1_A2\"\n	agenda-group \"compute-occupancyfee\"\n	salience 50000\n	no-loop\n	when\n		\n		\n		 obo.facts.OccupancyType (  division matches \"A1|A2\" ) \n		\n		DOC: obo.facts.OboDocument (  doctype matches \"OCCUPANCY_CERTIFICATE\" ) \n		\n		 obo.facts.BuildingInfo (  COST:highercost ) \n		\n	then\n		Map bindings = new HashMap();\n		\n		bindings.put(\"COST\", COST );\n		\n		bindings.put(\"DOC\", DOC );\n		\n	RangeEntry re0 = new RangeEntry(\"OCCUPANCY_FEE_A1_A2\");\nre0.setBindings(bindings);\nre0.setDecimalvalue(COST);\nre0.getParams().put( \"amount\", 0.0 );\nre0.getParams().put( \"billcode\", new KeyValue(\"null\", \"OCCUPANCY PERMIT FEE\") );\ninsert(re0);\n\nend\n\n\n	\nrule \"add-billitem_0_0\"\n	agenda-group \"compute-occupancyfee\"\n	salience 50000\n	no-loop\n	when\n		\n		rv: RangeEntry( id==\"OCCUPANCY_FEE_A1_A2\", decimalvalue > 0, decimalvalue <= 150000.00 )\n		\n		\n	then\n		Map bindings = rv.getBindings();\n		Map params = rv.getParams();\n		params.put( \"amount\", (new ActionExpression(\"100\", bindings)) );	\n		 \n		action.execute( \"add-billitem\",params, drools);\nend\n\n\n	\nrule \"add-billitem_0_1\"\n	agenda-group \"compute-occupancyfee\"\n	salience 50000\n	no-loop\n	when\n		\n		rv: RangeEntry( id==\"OCCUPANCY_FEE_A1_A2\", decimalvalue > 150000.00, decimalvalue <= 400000.00 )\n		\n		\n	then\n		Map bindings = rv.getBindings();\n		Map params = rv.getParams();\n		params.put( \"amount\", (new ActionExpression(\"200\", bindings)) );	\n		 \n		action.execute( \"add-billitem\",params, drools);\nend\n\n\n	\nrule \"add-billitem_0_2\"\n	agenda-group \"compute-occupancyfee\"\n	salience 50000\n	no-loop\n	when\n		\n		rv: RangeEntry( id==\"OCCUPANCY_FEE_A1_A2\", decimalvalue > 400000.00, decimalvalue <= 850000.00 )\n		\n		\n	then\n		Map bindings = rv.getBindings();\n		Map params = rv.getParams();\n		params.put( \"amount\", (new ActionExpression(\"400\", bindings)) );	\n		 \n		action.execute( \"add-billitem\",params, drools);\nend\n\n\n	\nrule \"add-billitem_0_3\"\n	agenda-group \"compute-occupancyfee\"\n	salience 50000\n	no-loop\n	when\n		\n		rv: RangeEntry( id==\"OCCUPANCY_FEE_A1_A2\", decimalvalue > 850000.00, decimalvalue <= 1200000.00 )\n		\n		\n	then\n		Map bindings = rv.getBindings();\n		Map params = rv.getParams();\n		params.put( \"amount\", (new ActionExpression(\"800\", bindings)) );	\n		 \n		action.execute( \"add-billitem\",params, drools);\nend\n\n\n	\nrule \"add-billitem_0_4\"\n	agenda-group \"compute-occupancyfee\"\n	salience 50000\n	no-loop\n	when\n		\n		\n		rv: RangeEntry( id==\"OCCUPANCY_FEE_A1_A2\", decimalvalue > 1200000.00 )\n		\n	then\n		Map bindings = rv.getBindings();\n		Map params = rv.getParams();\n		params.put( \"amount\", (new ActionExpression(\"800 +  (Math.ceil((COST-1200000)/1000000) * 800)\", bindings)) );	\n		 \n		action.execute( \"add-billitem\",params, drools);\nend\n\n\n	'),('RUL6a083481:15b1d42e454:-7e47','\npackage oboassessment.ELECTRICAL_FEE_TOTAL_CONNECTED_LOAD;\nimport oboassessment.*;\nimport java.util.*;\nimport com.rameses.rules.common.*;\n\nglobal RuleAction action;\n\nrule \"ELECTRICAL_FEE_TOTAL_CONNECTED_LOAD\"\n	agenda-group \"compute-electrical-fee\"\n	salience 50000\n	no-loop\n	when\n		\n		\n		BILLITEM: treasury.facts.BillItem (  billcode matches \"ELECTRICAL_FEE\" ) \n		\n		 obo.facts.OboDecimalInfo (  name matches \"TOTAL_CONNECTED_LOAD\",KVA:value ) \n		\n	then\n		Map bindings = new HashMap();\n		\n		bindings.put(\"BILLITEM\", BILLITEM );\n		\n		bindings.put(\"KVA\", KVA );\n		\n	RangeEntry re0 = new RangeEntry(\"ELECTRICAL_FEE_TOTAL_CONNECTED_LOAD\");\nre0.setBindings(bindings);\nre0.setDecimalvalue(KVA);\nre0.getParams().put( \"billitem\", BILLITEM );\nre0.getParams().put( \"type\", \"ADD\" );\nre0.getParams().put( \"amount\", 0.0 );\ninsert(re0);\n\nend\n\n\n	\nrule \"update-billitem-amount_0_0\"\n	agenda-group \"compute-electrical-fee\"\n	salience 50000\n	no-loop\n	when\n		\n		rv: RangeEntry( id==\"ELECTRICAL_FEE_TOTAL_CONNECTED_LOAD\", decimalvalue > 0.00, decimalvalue <= 5.00 )\n		\n		\n	then\n		Map bindings = rv.getBindings();\n		Map params = rv.getParams();\n		params.put( \"amount\", (new ActionExpression(\"200\", bindings)) );	\n		 \n		action.execute( \"update-billitem-amount\",params, drools);\nend\n\n\n	\nrule \"update-billitem-amount_0_1\"\n	agenda-group \"compute-electrical-fee\"\n	salience 50000\n	no-loop\n	when\n		\n		rv: RangeEntry( id==\"ELECTRICAL_FEE_TOTAL_CONNECTED_LOAD\", decimalvalue > 5.00, decimalvalue <= 50.00 )\n		\n		\n	then\n		Map bindings = rv.getBindings();\n		Map params = rv.getParams();\n		params.put( \"amount\", (new ActionExpression(\"200 +  ( (KVA-5) * 20 )\", bindings)) );	\n		 \n		action.execute( \"update-billitem-amount\",params, drools);\nend\n\n\n	\nrule \"update-billitem-amount_0_2\"\n	agenda-group \"compute-electrical-fee\"\n	salience 50000\n	no-loop\n	when\n		\n		rv: RangeEntry( id==\"ELECTRICAL_FEE_TOTAL_CONNECTED_LOAD\", decimalvalue > 50.00, decimalvalue <= 300.00 )\n		\n		\n	then\n		Map bindings = rv.getBindings();\n		Map params = rv.getParams();\n		params.put( \"amount\", (new ActionExpression(\"1100 + ( (KVA-50) * 10)\", bindings)) );	\n		 \n		action.execute( \"update-billitem-amount\",params, drools);\nend\n\n\n	\nrule \"update-billitem-amount_0_3\"\n	agenda-group \"compute-electrical-fee\"\n	salience 50000\n	no-loop\n	when\n		\n		rv: RangeEntry( id==\"ELECTRICAL_FEE_TOTAL_CONNECTED_LOAD\", decimalvalue > 300.00, decimalvalue <= 1500.00 )\n		\n		\n	then\n		Map bindings = rv.getBindings();\n		Map params = rv.getParams();\n		params.put( \"amount\", (new ActionExpression(\"3600 + ( (KVA-300) * 5)\", bindings)) );	\n		 \n		action.execute( \"update-billitem-amount\",params, drools);\nend\n\n\n	\nrule \"update-billitem-amount_0_4\"\n	agenda-group \"compute-electrical-fee\"\n	salience 50000\n	no-loop\n	when\n		\n		rv: RangeEntry( id==\"ELECTRICAL_FEE_TOTAL_CONNECTED_LOAD\", decimalvalue > 1500.00, decimalvalue <= 6000.00 )\n		\n		\n	then\n		Map bindings = rv.getBindings();\n		Map params = rv.getParams();\n		params.put( \"amount\", (new ActionExpression(\"9600 + ( (KVA-1500) * 2.5)\", bindings)) );	\n		 \n		action.execute( \"update-billitem-amount\",params, drools);\nend\n\n\n	\nrule \"update-billitem-amount_0_5\"\n	agenda-group \"compute-electrical-fee\"\n	salience 50000\n	no-loop\n	when\n		\n		\n		rv: RangeEntry( id==\"ELECTRICAL_FEE_TOTAL_CONNECTED_LOAD\", decimalvalue > 6000.00 )\n		\n	then\n		Map bindings = rv.getBindings();\n		Map params = rv.getParams();\n		params.put( \"amount\", (new ActionExpression(\"20850 + ( (KVA-6000) * 1.25)\", bindings)) );	\n		 \n		action.execute( \"update-billitem-amount\",params, drools);\nend\n\n\n	'),('RUL6cc4d33e:15b3c1e2e72:-708f','\npackage oboassessment.ELECTRICAL_FEE_TOTAL_TRANSFORMER_GENERATOR_UPS;\nimport oboassessment.*;\nimport java.util.*;\nimport com.rameses.rules.common.*;\n\nglobal RuleAction action;\n\nrule \"ELECTRICAL_FEE_TOTAL_TRANSFORMER_GENERATOR_UPS\"\n	agenda-group \"compute-electrical-fee\"\n	salience 50000\n	no-loop\n	when\n		\n		\n		BILLITEM: treasury.facts.BillItem (  billcode matches \"ELECTRICAL_FEE\" ) \n		\n		 obo.facts.OboDecimalInfo (  name matches \"TOTAL_TRANSFORMER_CAPACITY|TOTAL_GENERATOR_UPS_CAPACITY\",KVA:value ) \n		\n	then\n		Map bindings = new HashMap();\n		\n		bindings.put(\"BILLITEM\", BILLITEM );\n		\n		bindings.put(\"KVA\", KVA );\n		\n	RangeEntry re0 = new RangeEntry(\"ELECTRICAL_FEE_TOTAL_TRANSFORMER_GENERATOR_UPS\");\nre0.setBindings(bindings);\nre0.setDecimalvalue(KVA);\nre0.getParams().put( \"billitem\", BILLITEM );\nre0.getParams().put( \"type\", \"ADD\" );\nre0.getParams().put( \"amount\", 0.0 );\ninsert(re0);\n\nend\n\n\n	\nrule \"update-billitem-amount_0_0\"\n	agenda-group \"compute-electrical-fee\"\n	salience 50000\n	no-loop\n	when\n		\n		rv: RangeEntry( id==\"ELECTRICAL_FEE_TOTAL_TRANSFORMER_GENERATOR_UPS\", decimalvalue > 0.00, decimalvalue <= 5.00 )\n		\n		\n	then\n		Map bindings = rv.getBindings();\n		Map params = rv.getParams();\n		params.put( \"amount\", (new ActionExpression(\"40\", bindings)) );	\n		 \n		action.execute( \"update-billitem-amount\",params, drools);\nend\n\n\n	\nrule \"update-billitem-amount_0_1\"\n	agenda-group \"compute-electrical-fee\"\n	salience 50000\n	no-loop\n	when\n		\n		rv: RangeEntry( id==\"ELECTRICAL_FEE_TOTAL_TRANSFORMER_GENERATOR_UPS\", decimalvalue > 5.00, decimalvalue <= 50.00 )\n		\n		\n	then\n		Map bindings = rv.getBindings();\n		Map params = rv.getParams();\n		params.put( \"amount\", (new ActionExpression(\"40 + ( (KVA-5) * 4)\", bindings)) );	\n		 \n		action.execute( \"update-billitem-amount\",params, drools);\nend\n\n\n	\nrule \"update-billitem-amount_0_2\"\n	agenda-group \"compute-electrical-fee\"\n	salience 50000\n	no-loop\n	when\n		\n		rv: RangeEntry( id==\"ELECTRICAL_FEE_TOTAL_TRANSFORMER_GENERATOR_UPS\", decimalvalue > 50.00, decimalvalue <= 300.00 )\n		\n		\n	then\n		Map bindings = rv.getBindings();\n		Map params = rv.getParams();\n		params.put( \"amount\", (new ActionExpression(\"220 + ((KVA-50) * 2)\", bindings)) );	\n		 \n		action.execute( \"update-billitem-amount\",params, drools);\nend\n\n\n	\nrule \"update-billitem-amount_0_3\"\n	agenda-group \"compute-electrical-fee\"\n	salience 50000\n	no-loop\n	when\n		\n		rv: RangeEntry( id==\"ELECTRICAL_FEE_TOTAL_TRANSFORMER_GENERATOR_UPS\", decimalvalue > 300.00, decimalvalue <= 1500.00 )\n		\n		\n	then\n		Map bindings = rv.getBindings();\n		Map params = rv.getParams();\n		params.put( \"amount\", (new ActionExpression(\"720 + ( (KVA-300) * 1)\", bindings)) );	\n		 \n		action.execute( \"update-billitem-amount\",params, drools);\nend\n\n\n	\nrule \"update-billitem-amount_0_4\"\n	agenda-group \"compute-electrical-fee\"\n	salience 50000\n	no-loop\n	when\n		\n		rv: RangeEntry( id==\"ELECTRICAL_FEE_TOTAL_TRANSFORMER_GENERATOR_UPS\", decimalvalue > 1500.00, decimalvalue <= 6000.00 )\n		\n		\n	then\n		Map bindings = rv.getBindings();\n		Map params = rv.getParams();\n		params.put( \"amount\", (new ActionExpression(\"1920 + ( (KVA-1500) * 0.5)\", bindings)) );	\n		 \n		action.execute( \"update-billitem-amount\",params, drools);\nend\n\n\n	\nrule \"update-billitem-amount_0_5\"\n	agenda-group \"compute-electrical-fee\"\n	salience 50000\n	no-loop\n	when\n		\n		\n		rv: RangeEntry( id==\"ELECTRICAL_FEE_TOTAL_TRANSFORMER_GENERATOR_UPS\", decimalvalue > 6000.00 )\n		\n	then\n		Map bindings = rv.getBindings();\n		Map params = rv.getParams();\n		params.put( \"amount\", (new ActionExpression(\"4170 + ( (KVA-6000) * 0.25)\", bindings)) );	\n		 \n		action.execute( \"update-billitem-amount\",params, drools);\nend\n\n\n	'),('RUL6e49d4a7:178df84116c:-7dbb','\npackage oboworkflow.TASKITEM_BEFORE_APPROVAL;\nimport oboworkflow.*;\nimport java.util.*;\nimport com.rameses.rules.common.*;\n\nglobal RuleAction action;\n\nrule \"TASKITEM_BEFORE_APPROVAL\"\n	agenda-group \"taskitem\"\n	salience 50000\n	no-loop\n	when\n		\n		\n		WT: workflow.facts.WfTaskResult (  processname == \"obo_app_taskitem\",state == \"end\" ) \n		\n	then\n		Map bindings = new HashMap();\n		\n		bindings.put(\"WT\", WT );\n		\n	Map _p0 = new HashMap();\n_p0.put( \"scriptname\", \"OboAppDocService\" );\n_p0.put( \"actionname\", \"validateRequireFees\" );\n_p0.put( \"params\", (new ActionExpression(\"[     refid: WT.refid  ]\", bindings)) );\naction.execute( \"execute-script\",_p0,drools);\n\nend\n\n\n	'),('RUL7326c266:1763b5535c7:-7aa3','\npackage oboassessment.ADD_FIRE_CODE_CONSTRUCTION_TAX;\nimport oboassessment.*;\nimport java.util.*;\nimport com.rameses.rules.common.*;\n\nglobal RuleAction action;\n\nrule \"ADD_FIRE_CODE_CONSTRUCTION_TAX\"\n	agenda-group \"compute-fire-fees\"\n	salience 50000\n	no-loop\n	when\n		\n		\n		 obo.facts.BuildingInfo (  COST:highercost ) \n		\n		BD: obo.facts.OboDocument (  doctype matches \"FSEC\" ) \n		\n	then\n		Map bindings = new HashMap();\n		\n		bindings.put(\"COST\", COST );\n		\n		bindings.put(\"BD\", BD );\n		\n	Map _p0 = new HashMap();\n_p0.put( \"amount\", (new ActionExpression(\"COST * 0.001\", bindings)) );\n_p0.put( \"billcode\", new KeyValue(\"FIRE_CONS_TAX\", \"FIRE CODE CONTRUCTION TAX\") );\naction.execute( \"add-billitem\",_p0,drools);\nMap _p1 = new HashMap();\n_p1.put( \"amount\", (new ActionExpression(\"200\", bindings)) );\n_p1.put( \"billcode\", new KeyValue(\"FIRE_FILING_FEE\", \"FIRE FILING FEE\") );\naction.execute( \"add-billitem\",_p1,drools);\n\nend\n\n\n	'),('RUL79522df:178f7318fbf:-79c9','\npackage oboworkflow.ISSUE_DOCS_AFTER_PAYMENT;\nimport oboworkflow.*;\nimport java.util.*;\nimport com.rameses.rules.common.*;\n\nglobal RuleAction action;\n\nrule \"ISSUE_DOCS_AFTER_PAYMENT\"\n	agenda-group \"initial\"\n	salience 50000\n	no-loop\n	when\n		\n		\n		WT: workflow.facts.WfTaskResult (  processname matches \"building_permit|occupancy_certificate\",fromaction == \"post-payment\" ) \n		\n	then\n		Map bindings = new HashMap();\n		\n		bindings.put(\"WT\", WT );\n		\n	Map _p0 = new HashMap();\n_p0.put( \"scriptname\", \"OboAppDocService\" );\n_p0.put( \"actionname\", \"issueDocControlno\" );\n_p0.put( \"params\", (new ActionExpression(\"[    appid: WT.refid ]\", bindings)) );\naction.execute( \"execute-script\",_p0,drools);\n\nend\n\n\n	'),('RUL79522df:178f7318fbf:-7a74','\npackage oboworkflow.EVALUATION_REVISION;\nimport oboworkflow.*;\nimport java.util.*;\nimport com.rameses.rules.common.*;\n\nglobal RuleAction action;\n\nrule \"EVALUATION_REVISION\"\n	agenda-group \"initial\"\n	salience 50000\n	no-loop\n	when\n		\n		\n		WT: workflow.facts.WfTaskResult (  processname == \"building_permit\",state matches \"(zoning|trade)-evaluation-revision\" ) \n		\n	then\n		Map bindings = new HashMap();\n		\n		bindings.put(\"WT\", WT );\n		\n	Map _p0 = new HashMap();\n_p0.put( \"scriptname\", \"OboAppTaskitemFindingService\" );\n_p0.put( \"actionname\", \"createTransmittal\" );\n_p0.put( \"params\", (new ActionExpression(\"[    appid: WT.refid,    appname: WT.processname,    type: WT.state.contains(\'zoning\') ? \'zoning_evaluation\' : \'trade_evaluation\',    sendmail: true ]\", bindings)) );\naction.execute( \"execute-script\",_p0,drools);\n\nend\n\n\n	'),('RUL7c878a78:178fdeed45e:-7a74','\npackage oboworkflow.SEND_BUILDING_PERMIT_DOCS;\nimport oboworkflow.*;\nimport java.util.*;\nimport com.rameses.rules.common.*;\n\nglobal RuleAction action;\n\nrule \"SEND_BUILDING_PERMIT_DOCS\"\n	agenda-group \"initial\"\n	salience 50000\n	no-loop\n	when\n		\n		\n		WT: workflow.facts.WfTaskResult (  processname == \"building_permit\",state == \"end\" ) \n		\n	then\n		Map bindings = new HashMap();\n		\n		bindings.put(\"WT\", WT );\n		\n	Map _p0 = new HashMap();\n_p0.put( \"scriptname\", \"JasperEmailQueueService\" );\n_p0.put( \"actionname\", \"send\" );\n_p0.put( \"params\", (new ActionExpression(\"[       refid: WT.refid,     reportid: \'building_permit_email_attachment\'  ] \", bindings)) );\naction.execute( \"execute-script\",_p0,drools);\n\nend\n\n\n	'),('RUL7c878a78:178fdeed45e:-7db9','\npackage oboworkflow.VALIDATE_DOCS_BEFORE_RELEASE;\nimport oboworkflow.*;\nimport java.util.*;\nimport com.rameses.rules.common.*;\n\nglobal RuleAction action;\n\nrule \"VALIDATE_DOCS_BEFORE_RELEASE\"\n	agenda-group \"initial\"\n	salience 50000\n	no-loop\n	when\n		\n		\n		WT: workflow.facts.WfTransition (  processname matches \"building_permit|occupancy_certificate\",fromstate == \"releasing\" ) \n		\n	then\n		Map bindings = new HashMap();\n		\n		bindings.put(\"WT\", WT );\n		\n	Map _p0 = new HashMap();\n_p0.put( \"scriptname\", \"OboAppDocService\" );\n_p0.put( \"actionname\", \"validateIssuances\" );\n_p0.put( \"params\", (new ActionExpression(\"[ appid: WT.refid ]\", bindings)) );\naction.execute( \"execute-script\",_p0,drools);\n\nend\n\n\n	'),('RUL7ff72a12:1796f2a520c:-7c2c','\npackage oboworkflow.INSPECTION_REVISION;\nimport oboworkflow.*;\nimport java.util.*;\nimport com.rameses.rules.common.*;\n\nglobal RuleAction action;\n\nrule \"INSPECTION_REVISION\"\n	agenda-group \"initial\"\n	salience 50000\n	no-loop\n	when\n		\n		\n		WT: workflow.facts.WfTaskResult (  processname == \"occupancy_certificate\",state == \"inspection-revision\" ) \n		\n	then\n		Map bindings = new HashMap();\n		\n		bindings.put(\"WT\", WT );\n		\n	Map _p0 = new HashMap();\n_p0.put( \"scriptname\", \"OboAppTaskitemFindingService\" );\n_p0.put( \"actionname\", \"createTransmittal\" );\n_p0.put( \"params\", (new ActionExpression(\"[    appid: WT.refid,    appname: WT.processname,    type: \'occupancy_inspection\',    sendmail: true ]\", bindings)) );\naction.execute( \"execute-script\",_p0,drools);\n\nend\n\n\n	'),('RULa4090ca:178e495ba55:-7b0a','\npackage oboworkflow.TASKITEMS_JOINSTATE;\nimport oboworkflow.*;\nimport java.util.*;\nimport com.rameses.rules.common.*;\n\nglobal RuleAction action;\n\nrule \"TASKITEMS_JOINSTATE\"\n	agenda-group \"taskitem\"\n	salience 50000\n	no-loop\n	when\n		\n		\n		WT: workflow.facts.WfTaskResult (  processname == \"obo_app_taskitem\",fromstate == \"check-has-findings\" ) \n		\n	then\n		Map bindings = new HashMap();\n		\n		bindings.put(\"WT\", WT );\n		\n	Map _p0 = new HashMap();\n_p0.put( \"scriptname\", \"OboAppTaskitemService\" );\n_p0.put( \"actionname\", \"joinMainProcess\" );\n_p0.put( \"params\", (new ActionExpression(\"[     refid: WT.refid,     state: WT.state ]\", bindings)) );\naction.execute( \"execute-script\",_p0,drools);\n\nend\n\n\n	'),('RULb3b305a:176400527ad:-6969','\npackage oboassessment.FINAL_ELECTRICAL_INSPECTION_FEE;\nimport oboassessment.*;\nimport java.util.*;\nimport com.rameses.rules.common.*;\n\nglobal RuleAction action;\n\nrule \"FINAL_ELECTRICAL_INSPECTION_FEE\"\n	agenda-group \"compute-inspection-fee\"\n	salience 50000\n	no-loop\n	when\n		\n		\n		BILLITEM: treasury.facts.BillItem (  billcode matches \"FINAL_ELECTRICAL_INSPECTION_FEE\" ) \n		\n	then\n		Map bindings = new HashMap();\n		\n		bindings.put(\"BILLITEM\", BILLITEM );\n		\n	Map _p0 = new HashMap();\n_p0.put( \"billitem\", BILLITEM );\n_p0.put( \"amount\", (new ActionExpression(\"100\", bindings)) );\naction.execute( \"update-billitem-amount\",_p0,drools);\n\nend\n\n\n	'),('RULb3b305a:176400527ad:-6c3f','\npackage oboassessment.ADD_FINAL_ELECTRICAL_INSPECTION_FEE_COPY;\nimport oboassessment.*;\nimport java.util.*;\nimport com.rameses.rules.common.*;\n\nglobal RuleAction action;\n\nrule \"ADD_FINAL_ELECTRICAL_INSPECTION_FEE_COPY\"\n	agenda-group \"initial\"\n	salience 50000\n	no-loop\n	when\n		\n		\n		DOC: obo.facts.OboDocument (  doctype matches \"FINAL_ELECTRICAL_INSPECTION\" ) \n		\n	then\n		Map bindings = new HashMap();\n		\n		bindings.put(\"DOC\", DOC );\n		\n	Map _p0 = new HashMap();\n_p0.put( \"amount\", (new ActionExpression(\"0\", bindings)) );\n_p0.put( \"billcode\", new KeyValue(\"null\", \"FINAL ELECTRICAL INSPECTION FEE (OCCUPANCY)\") );\naction.execute( \"add-billitem\",_p0,drools);\n\nend\n\n\n	');
/*!40000 ALTER TABLE `sys_rule_deployed` ENABLE KEYS */;
UNLOCK TABLES;

--
-- Table structure for table `sys_rule_fact`
--

DROP TABLE IF EXISTS `sys_rule_fact`;
/*!40101 SET @saved_cs_client     = @@character_set_client */;
/*!40101 SET character_set_client = utf8 */;
CREATE TABLE `sys_rule_fact` (
  `objid` varchar(50) NOT NULL,
  `name` varchar(50) NOT NULL,
  `title` varchar(160) DEFAULT NULL,
  `factclass` varchar(50) DEFAULT NULL,
  `sortorder` int(11) DEFAULT NULL,
  `handler` varchar(50) DEFAULT NULL,
  `defaultvarname` varchar(25) DEFAULT NULL,
  `dynamic` int(11) DEFAULT NULL,
  `lookuphandler` varchar(50) DEFAULT NULL,
  `lookupkey` varchar(50) DEFAULT NULL,
  `lookupvalue` varchar(50) DEFAULT NULL,
  `lookupdatatype` varchar(50) DEFAULT NULL,
  `dynamicfieldname` varchar(50) DEFAULT NULL,
  `builtinconstraints` varchar(50) DEFAULT NULL,
  `domain` varchar(50) DEFAULT NULL,
  `factsuperclass` varchar(50) DEFAULT NULL,
  PRIMARY KEY (`objid`) USING BTREE
) ENGINE=InnoDB DEFAULT CHARSET=utf8;
/*!40101 SET character_set_client = @saved_cs_client */;

--
-- Dumping data for table `sys_rule_fact`
--

LOCK TABLES `sys_rule_fact` WRITE;
/*!40000 ALTER TABLE `sys_rule_fact` DISABLE KEYS */;
INSERT INTO `sys_rule_fact` VALUES ('obo.facts.BuildingInfo','obo.facts.BuildingInfo','Building Info','obo.facts.BuildingInfo',1,NULL,NULL,NULL,NULL,NULL,NULL,NULL,NULL,NULL,'OBO',NULL),('obo.facts.OboBooleanInfo','obo.facts.OboBooleanInfo','Obo Boolean Info','obo.facts.OboBooleanInfo',12,NULL,NULL,NULL,NULL,NULL,NULL,NULL,NULL,NULL,'OBO','obo.facts.OboVariableInfo'),('obo.facts.OboDecimalInfo','obo.facts.OboDecimalInfo','Obo Decimal Info','obo.facts.OboDecimalInfo',10,NULL,NULL,NULL,NULL,NULL,NULL,NULL,NULL,NULL,'OBO','obo.facts.OboVariableInfo'),('obo.facts.OboDocument','obo.facts.OboDocument','Obo Document','obo.facts.OboDocument',1,NULL,'DOC',NULL,NULL,NULL,NULL,NULL,NULL,NULL,'OBO',NULL),('obo.facts.OboIntegerInfo','obo.facts.OboIntegerInfo','Obo Integer Info','obo.facts.OboIntegerInfo',11,NULL,NULL,NULL,NULL,NULL,NULL,NULL,NULL,NULL,'OBO','obo.facts.OboVariableInfo'),('obo.facts.OboLookupInfo','obo.facts.OboLookupInfo','Obo Lookup Info','obo.facts.OboLookupInfo',20,NULL,NULL,NULL,NULL,NULL,NULL,NULL,NULL,NULL,'OBO',NULL),('obo.facts.OccupancyState','obo.facts.OccupancyState','Occupancy State','obo.facts.OccupancyState',1,NULL,NULL,NULL,NULL,NULL,NULL,NULL,NULL,NULL,'OBO',NULL),('obo.facts.OccupancyType','obo.facts.OccupancyType','Occupancy Type','obo.facts.OccupancyType',1,NULL,NULL,NULL,NULL,NULL,NULL,NULL,NULL,NULL,'OBO',NULL),('obo.facts.RpuCount','obo.facts.RpuCount','RPU Lot Count Summary','obo.facts.RpuCount',1,NULL,NULL,NULL,NULL,NULL,NULL,NULL,NULL,NULL,'OBO',NULL),('obo.facts.RpuEntry','obo.facts.RpuEntry','RPU Entry','obo.facts.RpuEntry',1,NULL,'RPU',NULL,NULL,NULL,NULL,NULL,NULL,NULL,'OBO',NULL),('treasury.facts.BillItem','treasury.facts.BillItem','Bill Item','treasury.facts.BillItem',1,NULL,'BILLITEM',NULL,NULL,NULL,NULL,NULL,NULL,NULL,'TREASURY','treasury.facts.AbstractBillItem'),('workflow.facts.WfDecision','workflow.facts.WfDecision','Wf Decision','workflow.facts.WfDecision',1,NULL,'WD',NULL,NULL,NULL,NULL,NULL,NULL,NULL,'WORKFLOW',NULL),('workflow.facts.WfInfo','workflow.facts.WfInfo','Wf Info Object','workflow.facts.WfInfo',1,NULL,'WINFO',NULL,NULL,NULL,NULL,NULL,NULL,NULL,'WORKFLOW',NULL),('workflow.facts.WfTaskResult','workflow.facts.WfTaskResult','Wf Task Result','workflow.facts.WfTaskResult',1,NULL,'WT',NULL,NULL,NULL,NULL,NULL,NULL,NULL,'WORKFLOW',NULL),('workflow.facts.WfTransition','workflow.facts.WfTransition','Wf Transition','workflow.facts.WfTransition',1,NULL,'WT',NULL,NULL,NULL,NULL,NULL,NULL,NULL,'WORKFLOW',NULL);
/*!40000 ALTER TABLE `sys_rule_fact` ENABLE KEYS */;
UNLOCK TABLES;

--
-- Table structure for table `sys_rule_fact_field`
--

DROP TABLE IF EXISTS `sys_rule_fact_field`;
/*!40101 SET @saved_cs_client     = @@character_set_client */;
/*!40101 SET character_set_client = utf8 */;
CREATE TABLE `sys_rule_fact_field` (
  `objid` varchar(100) NOT NULL DEFAULT '',
  `parentid` varchar(50) DEFAULT NULL,
  `name` varchar(50) NOT NULL,
  `title` varchar(160) DEFAULT NULL,
  `datatype` varchar(50) DEFAULT NULL,
  `sortorder` int(11) DEFAULT NULL,
  `handler` varchar(50) DEFAULT NULL,
  `lookuphandler` varchar(50) DEFAULT NULL,
  `lookupkey` varchar(50) DEFAULT NULL,
  `lookupvalue` varchar(50) DEFAULT NULL,
  `lookupdatatype` varchar(50) DEFAULT NULL,
  `multivalued` int(11) DEFAULT NULL,
  `required` int(11) DEFAULT NULL,
  `vardatatype` varchar(50) DEFAULT NULL,
  `lovname` varchar(50) DEFAULT NULL,
  PRIMARY KEY (`objid`) USING BTREE,
  KEY `parentid` (`parentid`) USING BTREE,
  CONSTRAINT `sys_rule_fact_field_ibfk_1` FOREIGN KEY (`parentid`) REFERENCES `sys_rule_fact` (`objid`)
) ENGINE=InnoDB DEFAULT CHARSET=utf8;
/*!40101 SET character_set_client = @saved_cs_client */;

--
-- Dumping data for table `sys_rule_fact_field`
--

LOCK TABLES `sys_rule_fact_field` WRITE;
/*!40000 ALTER TABLE `sys_rule_fact_field` DISABLE KEYS */;
INSERT INTO `sys_rule_fact_field` VALUES ('obo.facts.BuildingInfo.apptype','obo.facts.BuildingInfo','apptype','App Type','string',9,'lov',NULL,NULL,NULL,NULL,NULL,NULL,'string','OBO_APP_TYPE'),('obo.facts.BuildingInfo.fixedcost','obo.facts.BuildingInfo','fixedcost','Fixed Cost','decimal',7,'decimal',NULL,NULL,NULL,NULL,NULL,NULL,'decimal',NULL),('obo.facts.BuildingInfo.floorarea','obo.facts.BuildingInfo','floorarea','Floor Area','decimal',3,'decimal',NULL,NULL,NULL,NULL,NULL,NULL,'decimal',NULL),('obo.facts.BuildingInfo.height','obo.facts.BuildingInfo','height','Building Height','decimal',4,'decimal',NULL,NULL,NULL,NULL,NULL,NULL,'decimal',NULL),('obo.facts.BuildingInfo.highercost','obo.facts.BuildingInfo','highercost','Higher Cost','decimal',8,'decimal',NULL,NULL,NULL,NULL,NULL,NULL,'decimal',NULL),('obo.facts.BuildingInfo.numunits','obo.facts.BuildingInfo','numunits','No. of Units','integer',2,'integer',NULL,NULL,NULL,NULL,NULL,NULL,'integer',NULL),('obo.facts.BuildingInfo.projectcost','obo.facts.BuildingInfo','projectcost','Project Cost','decimal',1,'decimal',NULL,NULL,NULL,NULL,NULL,NULL,'decimal',NULL),('obo.facts.BuildingInfo.totalfloorarea','obo.facts.BuildingInfo','totalfloorarea','Total Floor Area','decimal',5,'decimal',NULL,NULL,NULL,NULL,NULL,NULL,'decimal',NULL),('obo.facts.BuildingInfo.worktype','obo.facts.BuildingInfo','worktype','Work Type','string',6,'lookup','obo_work_type:lookup','objid','description',NULL,0,NULL,'string',NULL),('obo.facts.OboBooleanInfo.category','obo.facts.OboBooleanInfo','category','Category','string',3,'string',NULL,NULL,NULL,NULL,NULL,NULL,'string',NULL),('obo.facts.OboBooleanInfo.name','obo.facts.OboBooleanInfo','name','Name','boolean',1,'boolean',NULL,NULL,NULL,NULL,NULL,NULL,'boolean',NULL),('obo.facts.OboBooleanInfo.value','obo.facts.OboBooleanInfo','value','Value','boolean',2,'boolean',NULL,NULL,NULL,NULL,NULL,NULL,'boolean',NULL),('obo.facts.OboDecimalInfo.category','obo.facts.OboDecimalInfo','category','Category','string',3,'string',NULL,NULL,NULL,NULL,NULL,NULL,'string',NULL),('obo.facts.OboDecimalInfo.name','obo.facts.OboDecimalInfo','name','Name','string',1,'lookup','obovariable_decimal:lookup','objid','caption',NULL,NULL,NULL,'string',NULL),('obo.facts.OboDecimalInfo.value','obo.facts.OboDecimalInfo','value','Value','decimal',2,'decimal',NULL,NULL,NULL,NULL,NULL,NULL,'decimal',NULL),('obo.facts.OboDocument.doctype','obo.facts.OboDocument','doctype','Doc Type','string',1,'lookup','obo_doctype:lookup','objid','title',NULL,NULL,NULL,'string',NULL),('obo.facts.OboIntegerInfo.category','obo.facts.OboIntegerInfo','category','Category','string',3,'string',NULL,NULL,NULL,NULL,NULL,NULL,'string',NULL),('obo.facts.OboIntegerInfo.name','obo.facts.OboIntegerInfo','name','Name','string',1,'lookup','obovariable_integer:lookup','objid','caption',NULL,NULL,NULL,'string',NULL),('obo.facts.OboIntegerInfo.value','obo.facts.OboIntegerInfo','value','Value','integer',2,'integer',NULL,NULL,NULL,NULL,NULL,NULL,'integer',NULL),('obo.facts.OboLookupInfo.name','obo.facts.OboLookupInfo','name','Name','string',1,'lookup','obovariable_lookup:lookup','objid','caption',NULL,NULL,NULL,'string',NULL),('obo.facts.OboLookupInfo.value','obo.facts.OboLookupInfo','value','Value','string',2,'lookup','obo_lookupvalue:rule:lookup','objid','title',NULL,NULL,NULL,'string',NULL),('obo.facts.OccupancyState.operational','obo.facts.OccupancyState','operational','Is Operational','boolean',1,'boolean',NULL,NULL,NULL,NULL,NULL,NULL,'boolean',NULL),('obo.facts.OccupancyType.bldgtype','obo.facts.OccupancyType','bldgtype','Bldg Type','string',3,'lookup','obo_building_type:lookup','objid','title',NULL,NULL,NULL,'string',NULL),('obo.facts.OccupancyType.division','obo.facts.OccupancyType','division','Division','string',1,'lookup','obo_occupancy_type_division:lookup','objid','objid',NULL,NULL,NULL,'string',NULL),('obo.facts.OccupancyType.group','obo.facts.OccupancyType','group','Group','string',2,'lookup','obo_occupancy_type_group:lookup','objid','objid',NULL,NULL,NULL,'string',NULL),('obo.facts.OccupancyType.type','obo.facts.OccupancyType','type','Type','string',5,'lookup','obo_occupancy_type:lookup','objid','title',NULL,NULL,NULL,'string',NULL),('obo.facts.OccupancyType.zoneclass','obo.facts.OccupancyType','zoneclass','Zone Class','string',4,'lookup','obo_zoneclass:lookup','objid','description',NULL,NULL,NULL,'string',NULL),('obo.facts.RpuCount.byownercount','obo.facts.RpuCount','byownercount','Count By Owner','integer',2,'integer',NULL,NULL,NULL,NULL,NULL,NULL,'integer',NULL),('obo.facts.RpuCount.totalcount','obo.facts.RpuCount','totalcount','Total Count','integer',1,'integer',NULL,NULL,NULL,NULL,NULL,NULL,'integer',NULL),('obo.facts.RpuEntry.ownerid','obo.facts.RpuEntry','ownerid','Owner id','string',1,'string',NULL,NULL,NULL,NULL,NULL,NULL,'string',NULL),('obo.facts.RpuEntry.taxclearancefee','obo.facts.RpuEntry','taxclearancefee','Tax Clearance Fee','decimal',2,'decimal',NULL,NULL,NULL,NULL,NULL,NULL,'decimal',NULL),('obo.facts.RpuEntry.truecopycertfee','obo.facts.RpuEntry','truecopycertfee','True Copy Cert Fee','decimal',3,'decimal',NULL,NULL,NULL,NULL,NULL,NULL,'decimal',NULL),('treasury.facts.BillItem.account','treasury.facts.BillItem','account','Account','string',2,'lookup','revenueitem:lookup','objid','title',NULL,NULL,NULL,'object',NULL),('treasury.facts.BillItem.account.objid','treasury.facts.BillItem','account.objid','Account','string',1,'lookup','revenueitem:lookup','objid','title',NULL,NULL,NULL,'string',NULL),('treasury.facts.BillItem.amount','treasury.facts.BillItem','amount','Amount','decimal',3,'decimal',NULL,NULL,NULL,NULL,NULL,NULL,'decimal',NULL),('treasury.facts.BillItem.billcode','treasury.facts.BillItem','billcode','Bill Code','string',6,'lookup','obo_itemaccount:lookup','objid','title',NULL,NULL,NULL,'string',NULL),('treasury.facts.BillItem.duedate','treasury.facts.BillItem','duedate','Due Date','date',4,'date',NULL,NULL,NULL,NULL,NULL,NULL,'date',NULL),('treasury.facts.BillItem.txntype','treasury.facts.BillItem','txntype','Txn Type','string',5,'lookup','billitem_txntype:lookup','objid','title',NULL,NULL,NULL,'string',NULL),('workflow.facts.WfDecision.name','workflow.facts.WfDecision','name','Name','string',1,'string',NULL,NULL,NULL,NULL,NULL,NULL,'string',NULL),('workflow.facts.WfDecision.processname','workflow.facts.WfDecision','processname','Process Name','string',2,'string',NULL,NULL,NULL,NULL,NULL,NULL,'string',NULL),('workflow.facts.WfInfo.name','workflow.facts.WfInfo','name','Name','string',1,'string',NULL,NULL,NULL,NULL,NULL,NULL,'string',NULL),('workflow.facts.WfTaskResult.action','workflow.facts.WfTaskResult','action','Action','string',2,'string',NULL,NULL,NULL,NULL,NULL,NULL,'string',NULL),('workflow.facts.WfTaskResult.fromaction','workflow.facts.WfTaskResult','fromaction','From Action','string',7,'string',NULL,NULL,NULL,NULL,NULL,NULL,'string',NULL),('workflow.facts.WfTaskResult.fromstate','workflow.facts.WfTaskResult','fromstate','From State','string',6,'string',NULL,NULL,NULL,NULL,NULL,NULL,'string',NULL),('workflow.facts.WfTaskResult.processname','workflow.facts.WfTaskResult','processname','Process Name','string',1,'string',NULL,NULL,NULL,NULL,NULL,NULL,'string',NULL),('workflow.facts.WfTaskResult.refid','workflow.facts.WfTaskResult','refid','Ref ID','string',4,'string',NULL,NULL,NULL,NULL,NULL,NULL,'string',NULL),('workflow.facts.WfTaskResult.state','workflow.facts.WfTaskResult','state','State','string',3,'string',NULL,NULL,NULL,NULL,NULL,NULL,'string',NULL),('workflow.facts.WfTaskResult.taskid','workflow.facts.WfTaskResult','taskid','Task ID','string',5,'string',NULL,NULL,NULL,NULL,NULL,NULL,'string',NULL),('workflow.facts.WfTransition.action','workflow.facts.WfTransition','action','Action','string',4,'string',NULL,NULL,NULL,NULL,NULL,NULL,'string',NULL),('workflow.facts.WfTransition.fromstate','workflow.facts.WfTransition','fromstate','From State','string',2,'string',NULL,NULL,NULL,NULL,NULL,NULL,'string',NULL),('workflow.facts.WfTransition.processname','workflow.facts.WfTransition','processname','Process Name','string',1,'string',NULL,NULL,NULL,NULL,NULL,NULL,'string',NULL),('workflow.facts.WfTransition.tostate','workflow.facts.WfTransition','tostate','To State','string',3,'string',NULL,NULL,NULL,NULL,NULL,NULL,'string',NULL);
/*!40000 ALTER TABLE `sys_rule_fact_field` ENABLE KEYS */;
UNLOCK TABLES;

--
-- Table structure for table `sys_rulegroup`
--

DROP TABLE IF EXISTS `sys_rulegroup`;
/*!40101 SET @saved_cs_client     = @@character_set_client */;
/*!40101 SET character_set_client = utf8 */;
CREATE TABLE `sys_rulegroup` (
  `name` varchar(50) NOT NULL,
  `ruleset` varchar(50) NOT NULL,
  `title` varchar(160) DEFAULT NULL,
  `sortorder` int(11) DEFAULT NULL,
  PRIMARY KEY (`name`,`ruleset`) USING BTREE,
  KEY `ruleset` (`ruleset`) USING BTREE,
  CONSTRAINT `sys_rulegroup_ibfk_1` FOREIGN KEY (`ruleset`) REFERENCES `sys_ruleset` (`name`)
) ENGINE=InnoDB DEFAULT CHARSET=utf8;
/*!40101 SET character_set_client = @saved_cs_client */;

--
-- Dumping data for table `sys_rulegroup`
--

LOCK TABLES `sys_rulegroup` WRITE;
/*!40000 ALTER TABLE `sys_rulegroup` DISABLE KEYS */;
INSERT INTO `sys_rulegroup` VALUES ('compute-accessory','oboassessment','Compute Accessory Fees',11),('compute-accessory-structure','oboassessment','Compute Accessory Structure',12),('compute-bldgfee','oboassessment','Compute Bldg Fee',2),('compute-electrical-fee','oboassessment','Compute Electrical Fee',4),('compute-electronic-fee','oboassessment','Compute Electronic Fee',7),('compute-fire-fees','oboassessment','Compute Fire Fees',13),('compute-inspection-fee','oboassessment','Compute Inspection Fee',14),('compute-line-and-grade-fee','oboassessment','Compute Line and Grade Fee',8),('compute-mechanical-fee','oboassessment','Compute Mechanical Fee',5),('compute-occupancyfee','oboassessment','Compute Occupancy Fee',3),('compute-other-fee','oboassessment','Compute Other Permits Fee',10),('compute-plumbing-fee','oboassessment','Compute Plumbing Fee',6),('compute-zoning-fee','oboassessment','Compute Zoning Fee',1),('initial','oboassessment','Initial',0),('initial','oboconstructioncost','Initial',0),('initial','oboworkflow','Initial',0),('pre-summary','oboassessment','Pre Summary',15),('summary','oboassessment','Summary',16),('taskitem','oboworkflow','Task Item',1);
/*!40000 ALTER TABLE `sys_rulegroup` ENABLE KEYS */;
UNLOCK TABLES;

--
-- Table structure for table `sys_ruleset`
--

DROP TABLE IF EXISTS `sys_ruleset`;
/*!40101 SET @saved_cs_client     = @@character_set_client */;
/*!40101 SET character_set_client = utf8 */;
CREATE TABLE `sys_ruleset` (
  `name` varchar(50) NOT NULL,
  `title` varchar(160) DEFAULT NULL,
  `packagename` varchar(50) DEFAULT NULL,
  `domain` varchar(50) DEFAULT NULL,
  `role` varchar(50) DEFAULT NULL,
  `permission` varchar(50) DEFAULT NULL,
  PRIMARY KEY (`name`) USING BTREE
) ENGINE=InnoDB DEFAULT CHARSET=utf8;
/*!40101 SET character_set_client = @saved_cs_client */;

--
-- Dumping data for table `sys_ruleset`
--

LOCK TABLES `sys_ruleset` WRITE;
/*!40000 ALTER TABLE `sys_ruleset` DISABLE KEYS */;
INSERT INTO `sys_ruleset` VALUES ('oboassessment','OBO Assessment','oboassessment','OBO','RULE_AUTHOR',NULL),('oboconstructioncost','Obo Compute Construction Cost','oboconstructioncost','OBO','RULE_AUTHOR',NULL),('oboworkflow','OBO Workflow','oboworkflow','OBO','RULE_AUTHOR',NULL);
/*!40000 ALTER TABLE `sys_ruleset` ENABLE KEYS */;
UNLOCK TABLES;

--
-- Table structure for table `sys_ruleset_actiondef`
--

DROP TABLE IF EXISTS `sys_ruleset_actiondef`;
/*!40101 SET @saved_cs_client     = @@character_set_client */;
/*!40101 SET character_set_client = utf8 */;
CREATE TABLE `sys_ruleset_actiondef` (
  `ruleset` varchar(50) NOT NULL,
  `actiondef` varchar(50) NOT NULL,
  PRIMARY KEY (`ruleset`,`actiondef`) USING BTREE,
  KEY `actiondef` (`actiondef`) USING BTREE,
  CONSTRAINT `fk_sys_ruleset_actiondef_actiondef` FOREIGN KEY (`actiondef`) REFERENCES `sys_rule_actiondef` (`objid`),
  CONSTRAINT `sys_ruleset_actiondef_ibfk_2` FOREIGN KEY (`ruleset`) REFERENCES `sys_ruleset` (`name`)
) ENGINE=InnoDB DEFAULT CHARSET=utf8;
/*!40101 SET character_set_client = @saved_cs_client */;

--
-- Dumping data for table `sys_ruleset_actiondef`
--

LOCK TABLES `sys_ruleset_actiondef` WRITE;
/*!40000 ALTER TABLE `sys_ruleset_actiondef` DISABLE KEYS */;
INSERT INTO `sys_ruleset_actiondef` VALUES ('oboassessment','-9c88384:15b1cf68850:-7ff4'),('oboassessment','enterprise.actions.ThrowException'),('oboworkflow','enterprise.actions.ThrowException'),('oboassessment','obo.actions.AddBuildingRpuFacts'),('oboworkflow','obo.actions.AddBuildingRpuFacts'),('oboconstructioncost','obo.actions.ComputeConstructionCost'),('oboassessment','RULADEF-1bc7542a:15b22baf4c3:-7ec1'),('oboassessment','RULADEF-75b995c:15b18c6b9a6:-7ad0'),('oboassessment','RULADEF6e008a5f:15b6c73a9f2:-6b1d'),('oboassessment','treasury.actions.AddBillItem'),('oboassessment','treasury.actions.SetBillItemProperty'),('oboassessment','treasury.actions.UpdateBillItemAmount'),('oboassessment','workflow.actions.WfExecuteScript'),('oboworkflow','workflow.actions.WfExecuteScript');
/*!40000 ALTER TABLE `sys_ruleset_actiondef` ENABLE KEYS */;
UNLOCK TABLES;

--
-- Table structure for table `sys_ruleset_fact`
--

DROP TABLE IF EXISTS `sys_ruleset_fact`;
/*!40101 SET @saved_cs_client     = @@character_set_client */;
/*!40101 SET character_set_client = utf8 */;
CREATE TABLE `sys_ruleset_fact` (
  `ruleset` varchar(50) NOT NULL,
  `rulefact` varchar(50) NOT NULL,
  PRIMARY KEY (`ruleset`,`rulefact`) USING BTREE,
  KEY `rulefact` (`rulefact`) USING BTREE,
  CONSTRAINT `fk_sys_ruleset_fact_rulefact` FOREIGN KEY (`rulefact`) REFERENCES `sys_rule_fact` (`objid`),
  CONSTRAINT `sys_ruleset_fact_ibfk_2` FOREIGN KEY (`ruleset`) REFERENCES `sys_ruleset` (`name`)
) ENGINE=InnoDB DEFAULT CHARSET=utf8;
/*!40101 SET character_set_client = @saved_cs_client */;

--
-- Dumping data for table `sys_ruleset_fact`
--

LOCK TABLES `sys_ruleset_fact` WRITE;
/*!40000 ALTER TABLE `sys_ruleset_fact` DISABLE KEYS */;
INSERT INTO `sys_ruleset_fact` VALUES ('oboassessment','obo.facts.BuildingInfo'),('oboconstructioncost','obo.facts.BuildingInfo'),('oboassessment','obo.facts.OboBooleanInfo'),('oboassessment','obo.facts.OboDecimalInfo'),('oboassessment','obo.facts.OboDocument'),('oboassessment','obo.facts.OboIntegerInfo'),('oboassessment','obo.facts.OboLookupInfo'),('oboassessment','obo.facts.OccupancyState'),('oboassessment','obo.facts.OccupancyType'),('oboconstructioncost','obo.facts.OccupancyType'),('oboassessment','obo.facts.RpuCount'),('oboassessment','obo.facts.RpuEntry'),('oboassessment','treasury.facts.BillItem'),('oboworkflow','workflow.facts.WfDecision'),('oboworkflow','workflow.facts.WfInfo'),('oboworkflow','workflow.facts.WfTaskResult'),('oboworkflow','workflow.facts.WfTransition');
/*!40000 ALTER TABLE `sys_ruleset_fact` ENABLE KEYS */;
UNLOCK TABLES;

--
-- Table structure for table `sys_sequence`
--

DROP TABLE IF EXISTS `sys_sequence`;
/*!40101 SET @saved_cs_client     = @@character_set_client */;
/*!40101 SET character_set_client = utf8 */;
CREATE TABLE `sys_sequence` (
  `objid` varchar(100) NOT NULL,
  `nextSeries` int(11) DEFAULT NULL,
  PRIMARY KEY (`objid`) USING BTREE
) ENGINE=InnoDB DEFAULT CHARSET=utf8;
/*!40101 SET character_set_client = @saved_cs_client */;

--
-- Dumping data for table `sys_sequence`
--

LOCK TABLES `sys_sequence` WRITE;
/*!40000 ALTER TABLE `sys_sequence` DISABLE KEYS */;
/*!40000 ALTER TABLE `sys_sequence` ENABLE KEYS */;
UNLOCK TABLES;

--
-- Table structure for table `sys_signature`
--

DROP TABLE IF EXISTS `sys_signature`;
/*!40101 SET @saved_cs_client     = @@character_set_client */;
/*!40101 SET character_set_client = utf8 */;
CREATE TABLE `sys_signature` (
  `objid` varchar(50) NOT NULL,
  `userid` varchar(50) DEFAULT NULL,
  `user_name` varchar(255) DEFAULT NULL,
  `displayname` varchar(255) DEFAULT NULL,
  `position` varchar(255) DEFAULT NULL,
  `signature` mediumblob,
  `tag` varchar(50) DEFAULT NULL,
  `system` int(1) DEFAULT NULL,
  `state` int(1) DEFAULT NULL,
  PRIMARY KEY (`objid`) USING BTREE
) ENGINE=InnoDB DEFAULT CHARSET=utf8;
/*!40101 SET character_set_client = @saved_cs_client */;

--
-- Dumping data for table `sys_signature`
--

LOCK TABLES `sys_signature` WRITE;
/*!40000 ALTER TABLE `sys_signature` DISABLE KEYS */;
INSERT INTO `sys_signature` VALUES ('-2e50a8aa:17987997c5b:-7fee',NULL,NULL,'JUAN DE LA CRUZ','BARANGAY CAPTAIN',NULL,NULL,1,NULL),('462bd257:17984323763:-7ffb',NULL,NULL,'CINSP REGINALD L. LEGASTE','CITY FIRE DIRECTOR',NULL,NULL,1,NULL),('462bd257:17984323763:-7ffc',NULL,NULL,'SF01 FERDINAND ROGELIO B. RUBA','CHIEF, FIRE SAFETY ENFORCEMENT SECTION',NULL,NULL,1,NULL),('462bd257:17984323763:-7ffd',NULL,NULL,'ENGR. NAEL JOSEPH D. CRUSPERO, ENP','CITY PLANNING AND DEVELOPMENT COORDINATOR',NULL,NULL,1,NULL),('462bd257:17984323763:-7ffe',NULL,NULL,'ENGR. BERNADETH F. FRANCISCO, ENP','ZONING OFFICER IV',NULL,NULL,1,NULL),('462bd257:17984323763:-7fff',NULL,NULL,'AUREA M. PASCUAL, DM, MBA, CE, ENP, REB','CITY BUILDING OFFICIAL',NULL,NULL,1,NULL),('462bd257:17984323763:-8000',NULL,NULL,'ARCH.CHARMAINE KRIS C. BANGUIRAN','ARCHITECT III',NULL,NULL,0,NULL);
/*!40000 ALTER TABLE `sys_signature` ENABLE KEYS */;
UNLOCK TABLES;

--
-- Table structure for table `sys_user`
--

DROP TABLE IF EXISTS `sys_user`;
/*!40101 SET @saved_cs_client     = @@character_set_client */;
/*!40101 SET character_set_client = utf8 */;
CREATE TABLE `sys_user` (
  `objid` varchar(50) NOT NULL,
  `username` varchar(50) DEFAULT NULL,
  `firstname` varchar(50) DEFAULT NULL,
  `lastname` varchar(50) DEFAULT NULL,
  `middlename` varchar(50) DEFAULT NULL,
  `name` varchar(150) DEFAULT NULL,
  `jobtitle` varchar(50) DEFAULT NULL,
  `txncode` varchar(10) DEFAULT NULL,
  PRIMARY KEY (`objid`) USING BTREE,
  UNIQUE KEY `uix_username` (`username`) USING BTREE,
  KEY `ix_lastname_firstname` (`lastname`,`firstname`) USING BTREE,
  KEY `ix_name` (`name`) USING BTREE
) ENGINE=InnoDB DEFAULT CHARSET=utf8;
/*!40101 SET character_set_client = @saved_cs_client */;

--
-- Dumping data for table `sys_user`
--

LOCK TABLES `sys_user` WRITE;
/*!40000 ALTER TABLE `sys_user` DISABLE KEYS */;
INSERT INTO `sys_user` VALUES ('0b4ff49e8b3745e1069aed427f94d9bd','KASD','KEN AIVAN','DIAZ','SOLANO','DIAZ, KEN AIVAN SOLANO','CMO-ICTD','KDS'),('arcosr','ARCOSR','RAYMUND','ARCOS','C','ARCOS, RAYMUND C','LTOO III',NULL),('USR-139cee22:170e1ea35bd:-7f05','BONINAS','SHIELA','BONINA',NULL,'BONINA, SHIELA',NULL,NULL),('USR-1f1f45f0:1700dd8eb2b:-7e73','JAYSON182','JAYSON','JADIE',NULL,'JADIE, JAYSON','SA',NULL),('USR-2863ef66:16e3fa93710:-7530','ARIMADOG','ENGR. GLENN','ARIMADO',NULL,'ARIMADO, ENGR. GLENN','ENGINEER II',NULL),('USR-2863ef66:16e3fa93710:-75a9','VALLADOLIDR','ENGR. RANDY','VALLADOLID',NULL,'VALLADOLID, ENGR. RANDY','ENGINEER III',NULL),('USR-2863ef66:16e3fa93710:-7626','JAUCIANMC','ENGR. MA. CHRISTINE','JAUCIAN',NULL,'JAUCIAN, ENGR. MA. CHRISTINE','CIVIL ENGINEER',NULL),('USR-2863ef66:16e3fa93710:-769f','BALOLOYAM','ENGR. ALYSSA MAE','BALOLOY',NULL,'BALOLOY, ENGR. ALYSSA MAE','CIVIL ENGINEER',NULL),('USR-2863ef66:16e3fa93710:-7718','BALDANO-NIERVAM','AR. MARIDEL','BALDANO-NIERVA',NULL,'BALDANO-NIERVA, AR. MARIDEL','ARCHITECT III',NULL),('USR-2863ef66:16e3fa93710:-77a1','BULAWANDR','AR. DIANA ROSE','BULAWAN',NULL,'BULAWAN, AR. DIANA ROSE','ARCHITECT',NULL),('USR-2863ef66:16e3fa93710:-786a','BERMUNDOR','ENGR. ROLAND','BERMUNDO',NULL,'BERMUNDO, ENGR. ROLAND','ENGINEER II',NULL),('USR-2863ef66:16e3fa93710:-7922','ABARIENTOSN','ENGR. NOEL','ABARIENTOS',NULL,'ABARIENTOS, ENGR. NOEL','CONSTRUCTION AND MAINTENANCE FOREMAN',NULL),('USR-2863ef66:16e3fa93710:-796f','SOPSOPRC','RONN CHRISTIAN','SOPSOP',NULL,'SOPSOP, RONN CHRISTIAN','PARALEGAL',NULL),('USR-2863ef66:16e3fa93710:-7a01','LUNASJG','CINSP JAN GARRY','LUNAS',NULL,'LUNAS, CINSP JAN GARRY','CITY FIRE MARSHALL',NULL),('USR-2863ef66:16e3fa93710:-7a7e','BATASB','SF02 BERNICK','BATAS',NULL,'BATAS, SF02 BERNICK',NULL,NULL),('USR-2863ef66:16e3fa93710:-7b0e','ESPLANAJ','ENGR. JOSEPH','ESPLANA',NULL,'ESPLANA, ENGR. JOSEPH','CPDC/ZONING ADMINISTRATOR-DESIGNATE',NULL),('USR-2863ef66:16e3fa93710:-7bbd','RAÑESESJ','AR. JESSICA','RAÑESES',NULL,'RAÑESES, AR. JESSICA','ARCHITECT',NULL),('USR-2863ef66:16e3fa93710:-7c0c','PASANOAC','ANDREI CHRISTIAN','PASANO',NULL,'PASANO, ANDREI CHRISTIAN','CLERK',NULL),('USR-2863ef66:16e3fa93710:-7ce5','ENAJEA','AR. ANTHONY','ENAJE',NULL,'ENAJE, AR. ANTHONY','ARCHITECT II/ CHIEF, BUILDING PERMIT DIVISION',NULL),('USR-2863ef66:16e3fa93710:-7d30','GALICIAP','PRISCILLA','GALICIA',NULL,'GALICIA, PRISCILLA','ZONING OFFICER IV/ CHIEF, ZONING DIVISION',NULL),('USR-2863ef66:16e3fa93710:-7d7b','BOTINRA','ENGR. ROSE ANN','BOTIN',NULL,'BOTIN, ENGR. ROSE ANN','MECHANICAL ENGINEER',NULL),('USR-2863ef66:16e3fa93710:-7dc6','CELESTEC','AR. CAMELLE','CELESTE',NULL,'CELESTE, AR. CAMELLE','ARCHITECT',NULL),('USR-2863ef66:16e3fa93710:-7e3c','ASCUTIAR','RITCHEL','ASCUTIA',NULL,'ASCUTIA, RITCHEL','CLERK1','CEO'),('USR-37bb9a10:16ff0282378:-5863','EMN2','EMN','EMN BFP','B','EMN BFP, EMN B','B',NULL),('USR-4dabf317:16e20963bb9:-7e3d','JOSH504','JOSHUA','ECHALUCHE',NULL,'ECHALUCHE, JOSHUA',NULL,NULL),('USR-60144996:179120ebc45:-7cfb','DANNY','DANNY','SILISIPAN','B',NULL,NULL,NULL),('USR-60144996:179120ebc45:-7d16','JEANETTE','JEANETTE','SINGCO','C',NULL,NULL,NULL),('USR-60144996:179120ebc45:-7d41','REALANE','REALANE','BUENDICHO','M',NULL,NULL,NULL),('USR-60144996:179120ebc45:-7d5c','DEVIN','DEVIN JOHN','CAMASURA','M',NULL,NULL,NULL),('USR-60144996:179120ebc45:-7d77','EMMANUEL','EMMANUEL','AWAYAN','T',NULL,NULL,NULL),('USR-60144996:179120ebc45:-7d92','MERLITO','MERLITO','GOYAGOY','L',NULL,NULL,NULL),('USR-60144996:179120ebc45:-7dad','BADETH','BERNADETH','FRANCISCO','F',NULL,NULL,NULL),('USR-60144996:179120ebc45:-7de3','CARMENCITA','CARMENCITA','BAUTISTA','B',NULL,NULL,NULL),('USR-60144996:179120ebc45:-7dfe','NAEL','NAEL JOSEPH','CRUSPERO','D',NULL,NULL,NULL),('USR-75fcceb5:16e209cb1bb:-7e38','GELO','ENDONELA','ANGELO',NULL,'ANGELO, ENDONELA',NULL,NULL),('USR-ADMIN','ADMIN','ADMIN','ADMIN','.','ADMIN, ADMIN .','ADMIN',NULL),('USR15e08ef7:16feaa95445:-7e96','EMN','ELMO','NAZARENO','M',NULL,'XX',NULL),('USR1900f3fd:17911fd091e:-7c09','FERDINAND','FERDINAND ROGELIO','RUBA','B',NULL,NULL,NULL),('USR1900f3fd:17911fd091e:-7c24','NORLINA','NORLINA','ACEBEDO','L',NULL,NULL,NULL),('USR1900f3fd:17911fd091e:-7c3f','REGINALD','NORLINA','LEGASTE','L',NULL,NULL,NULL),('USR1900f3fd:17911fd091e:-7c5a','AUREA','AUREA','PASCUAL','M',NULL,NULL,NULL),('USR1900f3fd:17911fd091e:-7c75','RAQUEL','RAQUEL','REYES','R',NULL,NULL,NULL),('USR1900f3fd:17911fd091e:-7cc6','JASMIN','JASMIN RUTH','VILLAMOR','S',NULL,NULL,NULL),('USR1900f3fd:17911fd091e:-7ce1','CHARMAINE','CHARMAINE KRIS','BANGUIRAN','C',NULL,NULL,NULL),('USR1900f3fd:17911fd091e:-7cfc','WILLIAM','WILLIAM','ELLIVERA','C',NULL,NULL,NULL),('USR1900f3fd:17911fd091e:-7d17','ALLAHN','ALLAHN JAY','ANFONE','C',NULL,NULL,NULL),('USR1900f3fd:17911fd091e:-7d32','ELIZARDO','ELIZARDO II','NAGUIT','L',NULL,NULL,NULL),('USR1900f3fd:17911fd091e:-7d4d','KARA','KARA SASHANNA','SIGNAR','P',NULL,NULL,NULL),('USR1900f3fd:17911fd091e:-7d68','ALDIN','ALDIN','REGALADO','P',NULL,NULL,NULL),('USR1900f3fd:17911fd091e:-7d83','LESLIE','LESLIE','LAUREL','L',NULL,NULL,NULL),('USR1900f3fd:17911fd091e:-7d9e','HENRY','HENRY','BAYOCBOC','B',NULL,NULL,NULL),('USR1900f3fd:17911fd091e:-7db9','VIRGINIA','VIRGINIA','REPALBOR','S',NULL,NULL,NULL),('USR1900f3fd:17911fd091e:-7dd4','CHRISTELL','CHRISTELL JOY','BUOT','D',NULL,NULL,NULL),('USR1900f3fd:17911fd091e:-7df6','ANGEL','ANGEL LOU','YMBONG','B',NULL,NULL,NULL),('USR191f6292:1707f63ceeb:-7e57','BFP2','FIRE2','BUREAU2','PROTECTION','BUREAU2, FIRE2 PROTECTION',NULL,'BFP'),('USR22fd28d5:16775c6b694:-7dd4','DENNIS','DENNIS FEL','MATUTINA','TUPAZ','MATUTINA, DENNIS FEL TUPAZ','ITO II','DFM'),('USR2956b0c:1793a121c35:-7d60','SAMAD','SAMAD JR.','WAHAB','B','WAHAB, SAMAD JR. B',NULL,NULL),('USR37160207:174bf07f5e2:-7fb8','MIRAFLORJ','CINSP JERICKSON','MIRAFLOR',NULL,'MIRAFLOR, CINSP JERICKSON','CITY FIRE MARSHALL',NULL),('USR44240cdc:17282d09991:-7e79','ARAÑAL','LAURICE','ARAÑA',NULL,'ARAÑA, LAURICE',NULL,NULL),('USR4c2ac05a:1761cad1dbf:-7fbe','RUIVIVARPA','PETER ADRIAN','RUIVIVAR',NULL,'RUIVIVAR, PETER ADRIAN','ELECTRICAL ENGINEER',NULL),('USR553f7d74:1790cfe766b:-7d81','IPADAL','INOBER','PADAL','SUERTE','PADAL, INOBER SUERTE','ADMINISTRATIVE AIDE VI',NULL),('USR553f7d74:1790cfe766b:-7da8','LUZIE','LUZVIMINDA','MIAG-AO','FRANCISCO','MIAG-AO, LUZVIMINDA FRANCISCO','ADMINISTRATIVE OFFICER II',NULL),('USR5b13925b:17066eb8fad:-7eac','EMN3','ELM3','NAZ','M','NAZ, ELM3 M','WB11',NULL),('USR5c949663:177049e481f:-7fb4','SOMBREROJ','JOSEPH','SOMBRERO','N','SOMBRERO, JOSEPH N','PROFESSIONAL ELECTRICAL ENGINEER',NULL),('USR61ab1f5e:176793a765a:-7dea','EMN4','ELMO','NAZARENO','M','NAZARENO, ELMO M','OBO',NULL),('USR6fd7f484:16e6406971a:-7d97','LODANARI','F03 RYAN IRIS','LODANA','C','LODANA, F03 RYAN IRIS C',NULL,NULL),('USR6fd7f484:16e6406971a:-7de5','TRIPULCAH','F03 HYREN','TRIPULCA','A','TRIPULCA, F03 HYREN A',NULL,NULL),('USR6fd7f484:16e6406971a:-7e43','REONALF','FERDINAND','REONAL','M','REONAL, FERDINAND M',NULL,NULL),('USR7dec1d7c:1775c2d8387:-7dfe','IBOC','CLEMENTE','IBO',NULL,'IBO, CLEMENTE','CITY ENGINEER',NULL),('USR9fe5db3:179204e7ec5:-7def','RAMESES','RAMESES','RAMESES','RAMESES','RAMESES, RAMESES RAMESES','RAMESES',NULL),('YUSONR','YUSONR','RICHARD','YUSON','B','YUSON, RICHARD B','IT ADMIN','RC');
/*!40000 ALTER TABLE `sys_user` ENABLE KEYS */;
UNLOCK TABLES;

--
-- Table structure for table `sys_user_role`
--

DROP TABLE IF EXISTS `sys_user_role`;
/*!40101 SET @saved_cs_client     = @@character_set_client */;
/*!40101 SET character_set_client = utf8 */;
CREATE TABLE `sys_user_role` (
  `objid` varchar(50) NOT NULL,
  `role` varchar(50) DEFAULT NULL,
  `userid` varchar(50) NOT NULL,
  `username` varchar(50) DEFAULT NULL,
  `org_objid` varchar(50) DEFAULT NULL,
  `org_name` varchar(50) DEFAULT NULL,
  `securitygroup_objid` varchar(50) DEFAULT NULL,
  `exclude` varchar(255) DEFAULT NULL,
  `uid` varchar(150) DEFAULT NULL,
  PRIMARY KEY (`objid`) USING BTREE,
  UNIQUE KEY `uix_sys_user_role_uid` (`uid`) USING BTREE,
  KEY `fk_sys_user_role_role` (`role`) USING BTREE,
  KEY `fk_sys_user_role_userid` (`userid`) USING BTREE,
  CONSTRAINT `fk_sys_user_role_role` FOREIGN KEY (`role`) REFERENCES `sys_role` (`name`),
  CONSTRAINT `fk_sys_user_role_userid` FOREIGN KEY (`userid`) REFERENCES `sys_user` (`objid`)
) ENGINE=InnoDB DEFAULT CHARSET=utf8;
/*!40101 SET character_set_client = @saved_cs_client */;

--
-- Dumping data for table `sys_user_role`
--

LOCK TABLES `sys_user_role` WRITE;
/*!40000 ALTER TABLE `sys_user_role` DISABLE KEYS */;
INSERT INTO `sys_user_role` VALUES ('USRROL-2e50a8aa:17987997c5b:-7ff0','ASSESSOR','USR-ADMIN','ADMIN',NULL,NULL,NULL,NULL,'USR-ADMIN-ASSESSOR'),('USRROL-2e50a8aa:17987997c5b:-7ffc','ZONING_APPROVER','USR-ADMIN','ADMIN',NULL,NULL,NULL,NULL,'USR-ADMIN-ZONING_APPROVER'),('USRROL-2e50a8aa:17987997c5b:-7ffd','ZONING_REVIEWER','USR-ADMIN','ADMIN',NULL,NULL,NULL,NULL,'USR-ADMIN-ZONING_REVIEWER'),('USRROL-2e50a8aa:17987997c5b:-7ffe','ZONING_EVALUATOR','USR-ADMIN','ADMIN',NULL,NULL,NULL,NULL,'USR-ADMIN-ZONING_EVALUATOR'),('USRROL-2e50a8aa:17987997c5b:-7fff','REQUIREMENT_REVIEWER','USR-ADMIN','ADMIN',NULL,NULL,NULL,NULL,'USR-ADMIN-REQUIREMENT_REVIEWER'),('USRROL-2e50a8aa:17987997c5b:-8000','RECEIVER','USR-ADMIN','ADMIN',NULL,NULL,NULL,NULL,'USR-ADMIN-RECEIVER'),('USRROL-3fe17082:1791c58fd82:-7f9b','WF_EDITOR','USR22fd28d5:16775c6b694:-7dd4','DENNIS',NULL,NULL,NULL,NULL,'USR22fd28d5:16775c6b694:-7dd4-WF_EDITOR'),('USRROL-3fe17082:1791c58fd82:-7f9c','RULE_AUTHOR','USR22fd28d5:16775c6b694:-7dd4','DENNIS',NULL,NULL,NULL,NULL,'USR22fd28d5:16775c6b694:-7dd4-RULE_AUTHOR'),('USRROL-3fe17082:1791c58fd82:-7f9d','MASTER','USR9fe5db3:179204e7ec5:-7def','RAMESES',NULL,NULL,NULL,NULL,'USR9fe5db3:179204e7ec5:-7def-MASTER'),('USRROL-3fe17082:1791c58fd82:-7f9e','MASTER','USR22fd28d5:16775c6b694:-7dd4','DENNIS',NULL,NULL,NULL,NULL,'USR22fd28d5:16775c6b694:-7dd4-MASTER'),('USRROL-3fe17082:1791c58fd82:-7f9f','COORDINATOR','USR9fe5db3:179204e7ec5:-7def','RAMESES',NULL,NULL,NULL,NULL,'USR9fe5db3:179204e7ec5:-7def-COORDINATOR'),('USRROL-3fe17082:1791c58fd82:-7fa0','ADMIN','USR9fe5db3:179204e7ec5:-7def','RAMESES',NULL,NULL,NULL,NULL,'USR9fe5db3:179204e7ec5:-7def-ADMIN'),('USRROL-3fe17082:1791c58fd82:-7fa1','SYSTEM','USR9fe5db3:179204e7ec5:-7def','RAMESES',NULL,NULL,NULL,NULL,'USR9fe5db3:179204e7ec5:-7def-SYSTEM'),('USRROL-3fe17082:1791c58fd82:-7fdc','BFP_REVIEWER','USR553f7d74:1790cfe766b:-7da8','LUZIE','BFP','BUREAU OF FIRE PROTECTION',NULL,NULL,'USR553f7d74:1790cfe766b:-7da8-BFP_REVIEWER-BFP'),('USRROL-3fe17082:1791c58fd82:-7fdd','BFP_RELEASER','USR553f7d74:1790cfe766b:-7da8','LUZIE','BFP','BUREAU OF FIRE PROTECTION',NULL,NULL,'USR553f7d74:1790cfe766b:-7da8-BFP_RELEASER-BFP'),('USRROL-3fe17082:1791c58fd82:-7fde','BFP_INSPECTOR','USR553f7d74:1790cfe766b:-7da8','LUZIE','BFP','BUREAU OF FIRE PROTECTION',NULL,NULL,'USR553f7d74:1790cfe766b:-7da8-BFP_INSPECTOR-BFP'),('USRROL-3fe17082:1791c58fd82:-7fdf','BFP_EVALUATOR','USR553f7d74:1790cfe766b:-7da8','LUZIE','BFP','BUREAU OF FIRE PROTECTION',NULL,NULL,'USR553f7d74:1790cfe766b:-7da8-BFP_EVALUATOR-BFP'),('USRROL-3fe17082:1791c58fd82:-7fe0','BFP_APPROVER','USR553f7d74:1790cfe766b:-7da8','LUZIE','BFP','BUREAU OF FIRE PROTECTION',NULL,NULL,'USR553f7d74:1790cfe766b:-7da8-BFP_APPROVER-BFP'),('USRROL-47c0d709:179173c675c:-7f73','ADMIN','USR22fd28d5:16775c6b694:-7dd4','DENNIS',NULL,NULL,NULL,NULL,'USR22fd28d5:16775c6b694:-7dd4-ADMIN'),('USRROL-47c0d709:179173c675c:-7fb2','ZONING_REVIEWER','USR553f7d74:1790cfe766b:-7da8','LUZIE','CPDO','CITY PLANNING AND DEVELOPMENT OFFICE',NULL,NULL,'USR553f7d74:1790cfe766b:-7da8-ZONING_REVIEWER-CPDO'),('USRROL-47c0d709:179173c675c:-7fb3','ZONING_RELEASER','USR553f7d74:1790cfe766b:-7da8','LUZIE','CPDO','CITY PLANNING AND DEVELOPMENT OFFICE',NULL,NULL,'USR553f7d74:1790cfe766b:-7da8-ZONING_RELEASER-CPDO'),('USRROL-47c0d709:179173c675c:-7fb4','ZONING_EVALUATOR','USR553f7d74:1790cfe766b:-7da8','LUZIE','CPDO','CITY PLANNING AND DEVELOPMENT OFFICE',NULL,NULL,'USR553f7d74:1790cfe766b:-7da8-ZONING_EVALUATOR-CPDO'),('USRROL-47c0d709:179173c675c:-7fb5','ZONING_APPROVER','USR553f7d74:1790cfe766b:-7da8','LUZIE','CPDO','CITY PLANNING AND DEVELOPMENT OFFICE',NULL,NULL,'USR553f7d74:1790cfe766b:-7da8-ZONING_APPROVER-CPDO'),('USRROL-47c0d709:179173c675c:-7fc8','REQUIREMENT_REVIEWER','USR1900f3fd:17911fd091e:-7df6','ANGEL',NULL,NULL,NULL,NULL,'USR1900f3fd:17911fd091e:-7df6-REQUIREMENT_REVIEWER'),('USRROL-7c5d367d:17912787b91:-7fcb','LINE_AND_GRADE_EVALUATOR','0b4ff49e8b3745e1069aed427f94d9bd','KASD',NULL,NULL,NULL,NULL,'0b4ff49e8b3745e1069aed427f94d9bd-LINE_AND_GRADE_EVALUATOR'),('USRROL-7c5d367d:17912787b91:-7fcc','MASTER','0b4ff49e8b3745e1069aed427f94d9bd','KASD',NULL,NULL,NULL,NULL,'0b4ff49e8b3745e1069aed427f94d9bd-MASTER'),('USRROL-7c5d367d:17912787b91:-7fcf','ELECTRONIC_EVALUATOR','0b4ff49e8b3745e1069aed427f94d9bd','KASD',NULL,NULL,NULL,NULL,'0b4ff49e8b3745e1069aed427f94d9bd-ELECTRONIC_EVALUATOR'),('USRROL-7c5d367d:17912787b91:-7fd0','ELECTRICAL_EVALUATOR','0b4ff49e8b3745e1069aed427f94d9bd','KASD',NULL,NULL,NULL,NULL,'0b4ff49e8b3745e1069aed427f94d9bd-ELECTRICAL_EVALUATOR'),('USRROL-7c5d367d:17912787b91:-7fd1','EDITOR','0b4ff49e8b3745e1069aed427f94d9bd','KASD',NULL,NULL,NULL,NULL,'0b4ff49e8b3745e1069aed427f94d9bd-EDITOR'),('USRROL-7c5d367d:17912787b91:-7fd2','COORDINATOR','0b4ff49e8b3745e1069aed427f94d9bd','KASD',NULL,NULL,NULL,NULL,'0b4ff49e8b3745e1069aed427f94d9bd-COORDINATOR'),('USRROL-7c5d367d:17912787b91:-7fd3','CIVIL_STRUCTURAL_EVALUATOR','0b4ff49e8b3745e1069aed427f94d9bd','KASD',NULL,NULL,NULL,NULL,'0b4ff49e8b3745e1069aed427f94d9bd-CIVIL_STRUCTURAL_EVALUATOR'),('USRROL-7c5d367d:17912787b91:-7fd5','BFP_REVIEWER','0b4ff49e8b3745e1069aed427f94d9bd','KASD',NULL,NULL,NULL,NULL,'0b4ff49e8b3745e1069aed427f94d9bd-BFP_REVIEWER'),('USRROL-7c5d367d:17912787b91:-7fd6','BFP_RELEASER','0b4ff49e8b3745e1069aed427f94d9bd','KASD',NULL,NULL,NULL,NULL,'0b4ff49e8b3745e1069aed427f94d9bd-BFP_RELEASER'),('USRROL-7c5d367d:17912787b91:-7fd7','BFP_INSPECTOR','0b4ff49e8b3745e1069aed427f94d9bd','KASD',NULL,NULL,NULL,NULL,'0b4ff49e8b3745e1069aed427f94d9bd-BFP_INSPECTOR'),('USRROL-7c5d367d:17912787b91:-7fd8','BFP_EVALUATOR','0b4ff49e8b3745e1069aed427f94d9bd','KASD',NULL,NULL,NULL,NULL,'0b4ff49e8b3745e1069aed427f94d9bd-BFP_EVALUATOR'),('USRROL-7c5d367d:17912787b91:-7fd9','BFP_APPROVER','0b4ff49e8b3745e1069aed427f94d9bd','KASD',NULL,NULL,NULL,NULL,'0b4ff49e8b3745e1069aed427f94d9bd-BFP_APPROVER'),('USRROL-7c5d367d:17912787b91:-7fda','ASSESSOR','0b4ff49e8b3745e1069aed427f94d9bd','KASD',NULL,NULL,NULL,NULL,'0b4ff49e8b3745e1069aed427f94d9bd-ASSESSOR'),('USRROL-7c5d367d:17912787b91:-7fdb','ARCHITECTURAL_EVALUATOR','0b4ff49e8b3745e1069aed427f94d9bd','KASD',NULL,NULL,NULL,NULL,'0b4ff49e8b3745e1069aed427f94d9bd-ARCHITECTURAL_EVALUATOR'),('USRROL-7c5d367d:17912787b91:-7fdc','APPROVER','0b4ff49e8b3745e1069aed427f94d9bd','KASD',NULL,NULL,NULL,NULL,'0b4ff49e8b3745e1069aed427f94d9bd-APPROVER'),('USRROL-7c5d367d:17912787b91:-7fdd','ADMIN','0b4ff49e8b3745e1069aed427f94d9bd','KASD',NULL,NULL,NULL,NULL,'0b4ff49e8b3745e1069aed427f94d9bd-ADMIN'),('USRROL-7c5d367d:17912787b91:-7fde','ZONING_RELEASER','USR-60144996:179120ebc45:-7cfb','DANNY',NULL,NULL,NULL,NULL,'USR-60144996:179120ebc45:-7cfb-ZONING_RELEASER'),('USRROL-7c5d367d:17912787b91:-7fdf','BFP_APPROVER','USR1900f3fd:17911fd091e:-7c3f','REGINALD',NULL,NULL,NULL,NULL,'USR1900f3fd:17911fd091e:-7c3f-BFP_APPROVER'),('USRROL-7c5d367d:17912787b91:-7fe0','ZONING_RELEASER','USR-60144996:179120ebc45:-7d41','REALANE',NULL,NULL,NULL,NULL,'USR-60144996:179120ebc45:-7d41-ZONING_RELEASER'),('USRROL-7c5d367d:17912787b91:-7fe1','ZONING_RELEASER','USR-60144996:179120ebc45:-7d16','JEANETTE',NULL,NULL,NULL,NULL,'USR-60144996:179120ebc45:-7d16-ZONING_RELEASER'),('USRROL-7c5d367d:17912787b91:-7fe2','ZONING_EVALUATOR','USR-60144996:179120ebc45:-7d41','REALANE',NULL,NULL,NULL,NULL,'USR-60144996:179120ebc45:-7d41-ZONING_EVALUATOR'),('USRROL-7c5d367d:17912787b91:-7fe3','ZONING_EVALUATOR','USR-60144996:179120ebc45:-7d5c','DEVIN',NULL,NULL,NULL,NULL,'USR-60144996:179120ebc45:-7d5c-ZONING_EVALUATOR'),('USRROL-7c5d367d:17912787b91:-7fe4','ZONING_EVALUATOR','USR-60144996:179120ebc45:-7d77','EMMANUEL',NULL,NULL,NULL,NULL,'USR-60144996:179120ebc45:-7d77-ZONING_EVALUATOR'),('USRROL-7c5d367d:17912787b91:-7fe5','ZONING_EVALUATOR','USR-60144996:179120ebc45:-7d92','MERLITO',NULL,NULL,NULL,NULL,'USR-60144996:179120ebc45:-7d92-ZONING_EVALUATOR'),('USRROL-7c5d367d:17912787b91:-7fe6','ZONING_REVIEWER','USR-60144996:179120ebc45:-7dad','BADETH',NULL,NULL,NULL,NULL,'USR-60144996:179120ebc45:-7dad-ZONING_REVIEWER'),('USRROL-7c5d367d:17912787b91:-7fe7','ZONING_APPROVER','USR-60144996:179120ebc45:-7de3','CARMENCITA',NULL,NULL,NULL,NULL,'USR-60144996:179120ebc45:-7de3-ZONING_APPROVER'),('USRROL-7c5d367d:17912787b91:-7fe8','ZONING_APPROVER','USR-60144996:179120ebc45:-7dfe','NAEL',NULL,NULL,NULL,NULL,'USR-60144996:179120ebc45:-7dfe-ZONING_APPROVER'),('USRROL-7c5d367d:17912787b91:-7fe9','BFP_REVIEWER','USR1900f3fd:17911fd091e:-7c09','FERDINAND',NULL,NULL,NULL,NULL,'USR1900f3fd:17911fd091e:-7c09-BFP_REVIEWER-{NULL}'),('USRROL-7c5d367d:17912787b91:-7fea','BFP_RELEASER','USR1900f3fd:17911fd091e:-7c24','NORLINA',NULL,NULL,NULL,NULL,'USR1900f3fd:17911fd091e:-7c24-BFP_RELEASER-{NULL}'),('USRROL-7c5d367d:17912787b91:-7feb','BFP_INSPECTOR','USR1900f3fd:17911fd091e:-7c24','NORLINA',NULL,NULL,NULL,NULL,'USR1900f3fd:17911fd091e:-7c24-BFP_INSPECTOR-{NULL}'),('USRROL-7c5d367d:17912787b91:-7fec','BFP_EVALUATOR','USR1900f3fd:17911fd091e:-7c24','NORLINA',NULL,NULL,NULL,NULL,'USR1900f3fd:17911fd091e:-7c24-BFP_EVALUATOR-{NULL}'),('USRROL-7c5d367d:17912787b91:-7fed','ASSESSOR','USR1900f3fd:17911fd091e:-7c75','RAQUEL',NULL,NULL,NULL,NULL,'USR1900f3fd:17911fd091e:-7c75-ASSESSOR'),('USRROL-7c5d367d:17912787b91:-7fee','APPROVER','USR1900f3fd:17911fd091e:-7c5a','AUREA',NULL,NULL,NULL,NULL,'USR1900f3fd:17911fd091e:-7c5a-APPROVER'),('USRROL-7c5d367d:17912787b91:-7fef','REVIEWER','USR1900f3fd:17911fd091e:-7ce1','CHARMAINE',NULL,NULL,NULL,NULL,'USR1900f3fd:17911fd091e:-7ce1-REVIEWER'),('USRROL-7c5d367d:17912787b91:-7ff0','ELECTRICAL_EVALUATOR','USR1900f3fd:17911fd091e:-7cfc','WILLIAM',NULL,NULL,NULL,NULL,'USR1900f3fd:17911fd091e:-7cfc-ELECTRICAL_EVALUATOR'),('USRROL-7c5d367d:17912787b91:-7ff1','ELECTRONIC_EVALUATOR','USR1900f3fd:17911fd091e:-7d17','ALLAHN',NULL,NULL,NULL,NULL,'USR1900f3fd:17911fd091e:-7d17-ELECTRONIC_EVALUATOR'),('USRROL-7c5d367d:17912787b91:-7ff2','MECHANICAL_EVALUATOR','USR1900f3fd:17911fd091e:-7d32','ELIZARDO',NULL,NULL,NULL,NULL,'USR1900f3fd:17911fd091e:-7d32-MECHANICAL_EVALUATOR'),('USRROL-7c5d367d:17912787b91:-7ff3','SANITARY_EVALUATOR','USR1900f3fd:17911fd091e:-7d4d','KARA',NULL,NULL,NULL,NULL,'USR1900f3fd:17911fd091e:-7d4d-SANITARY_EVALUATOR'),('USRROL-7c5d367d:17912787b91:-7ff4','PLUMBING_EVALUATOR','USR1900f3fd:17911fd091e:-7d4d','KARA',NULL,NULL,NULL,NULL,'USR1900f3fd:17911fd091e:-7d4d-PLUMBING_EVALUATOR'),('USRROL-7c5d367d:17912787b91:-7ff5','CIVIL_STRUCTURAL_EVALUATOR','USR1900f3fd:17911fd091e:-7d68','ALDIN',NULL,NULL,NULL,NULL,'USR1900f3fd:17911fd091e:-7d68-CIVIL_STRUCTURAL_EVALUATOR'),('USRROL-7c5d367d:17912787b91:-7ff6','ARCHITECTURAL_EVALUATOR','USR1900f3fd:17911fd091e:-7ce1','CHARMAINE',NULL,NULL,NULL,NULL,'USR1900f3fd:17911fd091e:-7ce1-ARCHITECTURAL_EVALUATOR'),('USRROL-7c5d367d:17912787b91:-7ff7','ARCHITECTURAL_EVALUATOR','USR1900f3fd:17911fd091e:-7d83','LESLIE',NULL,NULL,NULL,NULL,'USR1900f3fd:17911fd091e:-7d83-ARCHITECTURAL_EVALUATOR'),('USRROL-7c5d367d:17912787b91:-7ff8','LINE_AND_GRADE_EVALUATOR','USR1900f3fd:17911fd091e:-7d9e','HENRY',NULL,NULL,NULL,NULL,'USR1900f3fd:17911fd091e:-7d9e-LINE_AND_GRADE_EVALUATOR'),('USRROL-7c5d367d:17912787b91:-7ffa','RECEIVER','USR1900f3fd:17911fd091e:-7dd4','CHRISTELL',NULL,NULL,NULL,NULL,'USR1900f3fd:17911fd091e:-7dd4-RECEIVER'),('USRROL-7c5d367d:17912787b91:-7ffb','RECEIVER','USR1900f3fd:17911fd091e:-7df6','ANGEL',NULL,NULL,NULL,NULL,'USR1900f3fd:17911fd091e:-7df6-RECEIVER'),('USRROL-7c5d367d:17912787b91:-7ffd','EDITOR','USR-ADMIN','ADMIN',NULL,NULL,NULL,NULL,'USR-ADMIN-EDITOR'),('USRROL-7c5d367d:17912787b91:-7ffe','COORDINATOR','USR-ADMIN','ADMIN',NULL,NULL,NULL,NULL,'USR-ADMIN-COORDINATOR'),('USRROL-7c5d367d:17912787b91:-7fff','CIVIL_STRUCTURAL_EVALUATOR','USR-ADMIN','ADMIN',NULL,NULL,NULL,NULL,'USR-ADMIN-CIVIL_STRUCTURAL_EVALUATOR'),('USRROL-7c5d367d:17912787b91:-8000','ADMIN','USR-ADMIN','ADMIN',NULL,NULL,NULL,NULL,'USR-ADMIN-ADMIN'),('USRROL-ac93bcd:17983464dd4:-7ffe','WF_EDITOR','USR-ADMIN','ADMIN',NULL,NULL,NULL,NULL,'USR-ADMIN-WF_EDITOR'),('USRROL-ac93bcd:17983464dd4:-7fff','RULE_AUTHOR','USR-ADMIN','ADMIN',NULL,NULL,NULL,NULL,'USR-ADMIN-RULE_AUTHOR'),('USRROL-ac93bcd:17983464dd4:-8000','MASTER','USR-ADMIN','ADMIN',NULL,NULL,NULL,NULL,'USR-ADMIN-MASTER'),('USRROL-d780fdf:1790d00b45b:-7ff6','RECEIVER','USR553f7d74:1790cfe766b:-7da8','LUZIE',NULL,NULL,NULL,NULL,'USR553f7d74:1790cfe766b:-7da8-RECEIVER'),('USRROL-d780fdf:1790d00b45b:-7ff8','RULE_AUTHOR','USR553f7d74:1790cfe766b:-7da8','LUZIE',NULL,NULL,NULL,NULL,'USR553f7d74:1790cfe766b:-7da8-RULE_AUTHOR'),('USRROL-d780fdf:1790d00b45b:-7ff9','WF_EDITOR','USR553f7d74:1790cfe766b:-7da8','LUZIE',NULL,NULL,NULL,NULL,'USR553f7d74:1790cfe766b:-7da8-WF_EDITOR'),('USRROL-d780fdf:1790d00b45b:-7ffa','RELEASER','USR553f7d74:1790cfe766b:-7d81','IPADAL',NULL,NULL,NULL,NULL,'USR553f7d74:1790cfe766b:-7d81-RELEASER'),('USRROL-d780fdf:1790d00b45b:-7ffb','MASTER','USR553f7d74:1790cfe766b:-7d81','IPADAL',NULL,NULL,NULL,NULL,'USR553f7d74:1790cfe766b:-7d81-MASTER'),('USRROL-d780fdf:1790d00b45b:-7ffc','ADMIN','USR553f7d74:1790cfe766b:-7d81','IPADAL',NULL,NULL,NULL,NULL,'USR553f7d74:1790cfe766b:-7d81-ADMIN'),('USRROL-d780fdf:1790d00b45b:-7ffd','ADMIN','USR553f7d74:1790cfe766b:-7da8','LUZIE',NULL,NULL,NULL,NULL,'USR553f7d74:1790cfe766b:-7da8-ADMIN'),('USRROL-d780fdf:1790d00b45b:-7ffe','EDITOR','USR553f7d74:1790cfe766b:-7da8','LUZIE',NULL,NULL,NULL,NULL,'USR553f7d74:1790cfe766b:-7da8-EDITOR'),('USRROL-d780fdf:1790d00b45b:-7fff','COORDINATOR','USR553f7d74:1790cfe766b:-7da8','LUZIE',NULL,NULL,NULL,NULL,'USR553f7d74:1790cfe766b:-7da8-COORDINATOR'),('USRROL-d780fdf:1790d00b45b:-8000','MASTER','USR553f7d74:1790cfe766b:-7da8','LUZIE',NULL,NULL,NULL,NULL,'USR553f7d74:1790cfe766b:-7da8-MASTER'),('USRROL3e61f915:179217c38ae:-7fb1','BFP_RELEASER','USR1900f3fd:17911fd091e:-7c09','FERDINAND',NULL,NULL,NULL,NULL,'USR1900f3fd:17911fd091e:-7c09-BFP_RELEASER'),('USRROL3e61f915:179217c38ae:-7fb2','BFP_RELEASER','USR2956b0c:1793a121c35:-7d60','SAMAD',NULL,NULL,NULL,NULL,'USR2956b0c:1793a121c35:-7d60-BFP_RELEASER-{NULL}'),('USRROL3e61f915:179217c38ae:-7fb3','BFP_REVIEWER','USR2956b0c:1793a121c35:-7d60','SAMAD',NULL,NULL,NULL,NULL,'USR2956b0c:1793a121c35:-7d60-BFP_REVIEWER-{NULL}'),('USRROL3e61f915:179217c38ae:-7fb4','BFP_INSPECTOR','USR2956b0c:1793a121c35:-7d60','SAMAD',NULL,NULL,NULL,NULL,'USR2956b0c:1793a121c35:-7d60-BFP_INSPECTOR-{NULL}'),('USRROL3e61f915:179217c38ae:-7fb6','RELEASER','USR1900f3fd:17911fd091e:-7c75','RAQUEL',NULL,NULL,NULL,NULL,'USR1900f3fd:17911fd091e:-7c75-RELEASER'),('USRROL3e61f915:179217c38ae:-7fbe','SYSTEM','USR553f7d74:1790cfe766b:-7da8','LUZIE',NULL,NULL,NULL,NULL,'USR553f7d74:1790cfe766b:-7da8-SYSTEM'),('USRROL3e61f915:179217c38ae:-7fbf','SUPERVISOR','USR553f7d74:1790cfe766b:-7da8','LUZIE',NULL,NULL,NULL,NULL,'USR553f7d74:1790cfe766b:-7da8-SUPERVISOR'),('USRROL3e61f915:179217c38ae:-7fdf','RULE_AUTHOR','USR9fe5db3:179204e7ec5:-7def','RAMESES',NULL,NULL,NULL,NULL,'USR9fe5db3:179204e7ec5:-7def-RULE_AUTHOR');
/*!40000 ALTER TABLE `sys_user_role` ENABLE KEYS */;
UNLOCK TABLES;

--
-- Table structure for table `sys_var`
--

DROP TABLE IF EXISTS `sys_var`;
/*!40101 SET @saved_cs_client     = @@character_set_client */;
/*!40101 SET character_set_client = utf8 */;
CREATE TABLE `sys_var` (
  `name` varchar(50) NOT NULL,
  `value` longtext,
  `description` varchar(255) DEFAULT NULL,
  `datatype` varchar(15) DEFAULT NULL,
  `category` varchar(50) DEFAULT NULL,
  PRIMARY KEY (`name`) USING BTREE
) ENGINE=InnoDB DEFAULT CHARSET=utf8;
/*!40101 SET character_set_client = @saved_cs_client */;

--
-- Dumping data for table `sys_var`
--

LOCK TABLES `sys_var` WRITE;
/*!40000 ALTER TABLE `sys_var` DISABLE KEYS */;
INSERT INTO `sys_var` VALUES ('obo_inspection_calendar_group','','email group',NULL,NULL),('use_calendar','false','Use calendar service ',NULL,NULL);
/*!40000 ALTER TABLE `sys_var` ENABLE KEYS */;
UNLOCK TABLES;

--
-- Table structure for table `sys_wf`
--

DROP TABLE IF EXISTS `sys_wf`;
/*!40101 SET @saved_cs_client     = @@character_set_client */;
/*!40101 SET character_set_client = utf8 */;
CREATE TABLE `sys_wf` (
  `name` varchar(50) NOT NULL,
  `title` varchar(100) DEFAULT NULL,
  `domain` varchar(50) DEFAULT NULL,
  PRIMARY KEY (`name`) USING BTREE
) ENGINE=InnoDB DEFAULT CHARSET=utf8;
/*!40101 SET character_set_client = @saved_cs_client */;

--
-- Dumping data for table `sys_wf`
--

LOCK TABLES `sys_wf` WRITE;
/*!40000 ALTER TABLE `sys_wf` DISABLE KEYS */;
INSERT INTO `sys_wf` VALUES ('building_permit','Building Permit Workflow','OBO'),('obo_app_taskitem','OBO App Task Item','OBO'),('occupancy_certificate','Occupancy Certificate Workflow','OBO');
/*!40000 ALTER TABLE `sys_wf` ENABLE KEYS */;
UNLOCK TABLES;

--
-- Table structure for table `sys_wf_node`
--

DROP TABLE IF EXISTS `sys_wf_node`;
/*!40101 SET @saved_cs_client     = @@character_set_client */;
/*!40101 SET character_set_client = utf8 */;
CREATE TABLE `sys_wf_node` (
  `name` varchar(50) NOT NULL,
  `processname` varchar(50) NOT NULL DEFAULT '',
  `title` varchar(100) DEFAULT NULL,
  `nodetype` varchar(10) DEFAULT NULL,
  `idx` int(11) DEFAULT NULL,
  `salience` int(11) DEFAULT NULL,
  `domain` varchar(50) DEFAULT NULL,
  `role` varchar(255) DEFAULT NULL,
  `ui` text,
  `properties` text,
  `tracktime` int(11) DEFAULT NULL,
  PRIMARY KEY (`name`,`processname`) USING BTREE,
  KEY `fk_sys_wf_node_role` (`role`) USING BTREE,
  KEY `fk_syw_wf_node_processname` (`processname`) USING BTREE,
  KEY `name` (`name`),
  CONSTRAINT `fk_sys_wf_node_role` FOREIGN KEY (`role`) REFERENCES `sys_role` (`name`),
  CONSTRAINT `fk_syw_wf_node_processname` FOREIGN KEY (`processname`) REFERENCES `sys_wf` (`name`)
) ENGINE=InnoDB DEFAULT CHARSET=utf8;
/*!40101 SET character_set_client = @saved_cs_client */;

--
-- Dumping data for table `sys_wf_node`
--

LOCK TABLES `sys_wf_node` WRITE;
/*!40000 ALTER TABLE `sys_wf_node` DISABLE KEYS */;
INSERT INTO `sys_wf_node` VALUES ('approval','obo_app_taskitem','For Approval','state',4,0,NULL,NULL,'[type:\"state\",fillColor:\"#c0c0c0\",pos:[555,79],size:[139,51]]','[:]',1),('approval','occupancy_certificate','Assessment Approval','state',11,0,'OBO','APPROVER','[type:\"state\",fillColor:\"#c0c0c0\",pos:[976,268],size:[174,61]]','[:]',1),('assessment','building_permit','Assessment','state',12,0,'OBO','ASSESSOR','[type:\"state\",fillColor:\"#c0c0c0\",pos:[1105,14],size:[118,59]]','[show_payment_order:true]',1),('assessment','occupancy_certificate','Assessment','state',10,0,'OBO','ASSESSOR','[type:\"state\",fillColor:\"#c0c0c0\",pos:[984,78],size:[118,59]]','[:]',1),('check-has-findings','obo_app_taskitem','Check Has Findings','decision',1,1,NULL,NULL,'[type:\"decision\",fillColor:\"#c0c0c0\",pos:[790,184],size:[153,65]]','[:]',NULL),('check-has-inspection-findings','occupancy_certificate','Check has inspection findings','decision',0,NULL,NULL,NULL,'[type:\"decision\",fillColor:\"#c0c0c0\",pos:[682,138],size:[240,67]]','[:]',NULL),('check-has-requirement-revision','building_permit','Check Has Requirement Revision','decision',1,1,NULL,NULL,'[type:\"decision\",fillColor:\"#c0c0c0\",pos:[130,279],size:[228,62]]','[:]',NULL),('check-has-requirement-revision','occupancy_certificate','Check has requirement revision','decision',0,0,NULL,NULL,'[type:\"decision\",fillColor:\"#c0c0c0\",pos:[232,281],size:[239,67]]','[:]',NULL),('check-has-trade-evaluation-findings','building_permit','Check Has Trade Evaluation Findings','decision',1,1,NULL,NULL,'[type:\"decision\",fillColor:\"#c0c0c0\",pos:[793,60],size:[169,73]]','[:]',NULL),('check-has-zoning-evaluation-findings','building_permit','Check Has Zoning Evaluation Findings','decision',1,1,NULL,NULL,'[type:\"decision\",fillColor:\"#c0c0c0\",pos:[414,296],size:[179,78]]','[:]',NULL),('end','building_permit','Completed','end',15,0,NULL,NULL,'[type:\"end\",fillColor:\"#ff0000\",pos:[1339,502],size:[32,32]]','[:]',NULL),('end','obo_app_taskitem','Completed','end',6,0,'OBO','SYSTEM','[type:\"end\",fillColor:\"#ff0000\",pos:[1121,239],size:[32,32]]','[:]',NULL),('end','occupancy_certificate','Completed','end',14,0,NULL,NULL,'[type:\"end\",fillColor:\"#ff0000\",pos:[1095,503],size:[32,32]]','[:]',NULL),('evaluation','obo_app_taskitem','For Evaluation','state',2,0,NULL,NULL,'[type:\"state\",fillColor:\"#c0c0c0\",pos:[80,223],size:[125,58]]','[:]',1),('for-revision','obo_app_taskitem','For Revision','state',5,NULL,NULL,NULL,'[type:\"state\",fillColor:\"#c0c0c0\",pos:[883,366],size:[133,56]]','[:]',NULL),('inspection','occupancy_certificate','Inspection Process','state',7,0,'OBO','SYSTEM','[type:\"state\",fillColor:\"#ffc800\",pos:[493,185],size:[138,55]]','[:]',1),('inspection-revision','occupancy_certificate','Inspection ( For Revision )','state',8,0,NULL,NULL,'[type:\"state\",fillColor:\"#ff0000\",pos:[432,5],size:[169,64]]','[:]',NULL),('inspection-wait-state','occupancy_certificate','Inspection Wait State','state',6,0,'OBO','SYSTEM','[type:\"state\",fillColor:\"#00ffff\",pos:[556,328],size:[166,57]]','[:]',NULL),('payment','building_permit','Payment','state',13,0,'OBO','SYSTEM','[type:\"state\",fillColor:\"#ff0000\",pos:[1099,238],size:[129,56]]','[:]',NULL),('payment','occupancy_certificate','Payment','state',12,0,'OBO','SYSTEM','[type:\"state\",fillColor:\"#ff0000\",pos:[858,375],size:[129,56]]','[:]',NULL),('receiving','building_permit','Receiving','state',2,0,'OBO','RECEIVER','[type:\"state\",fillColor:\"#c0c0c0\",pos:[202,20],size:[116,53]]','[:]',1),('receiving','occupancy_certificate','Receiving','state',2,0,'OBO','RECEIVER','[type:\"state\",fillColor:\"#c0c0c0\",pos:[202,20],size:[116,53]]','[:]',1),('releasing','building_permit','Releasing','state',14,1,'OBO','RELEASER','[type:\"state\",fillColor:\"#c0c0c0\",pos:[1118,477],size:[134,63]]','[show_payment_order:true]',1),('releasing','occupancy_certificate','Releasing','state',13,1,'OBO','RELEASER','[type:\"state\",fillColor:\"#c0c0c0\",pos:[873,483],size:[134,63]]','[:]',1),('requirement-revision','building_permit','Requirements - For Revision','state',4,0,NULL,NULL,'[type:\"state\",fillColor:\"#ff0000\",pos:[15,181],size:[211,54]]','[:]',NULL),('requirement-revision','occupancy_certificate','Requirement Revision','state',4,0,NULL,NULL,'[type:\"state\",fillColor:\"#ff0000\",pos:[33,218],size:[178,56]]','[:]',NULL),('requirement-verification','building_permit','Verification of Requirements','state',3,1,'OBO','REQUIREMENT_REVIEWER','[type:\"state\",fillColor:\"#c0c0c0\",pos:[235,114],size:[198,59]]','[:]',1),('requirement-verification','occupancy_certificate','Verification of Requirements','state',3,1,'OBO','REQUIREMENT_REVIEWER','[type:\"state\",fillColor:\"#c0c0c0\",pos:[256,123],size:[198,59]]','[:]',1),('review','obo_app_taskitem','For Review','state',3,0,NULL,NULL,'[type:\"state\",fillColor:\"#c0c0c0\",pos:[277,29],size:[106,46]]','[:]',1),('schedule-inspection','occupancy_certificate','Schedule Inspection','state',5,0,'OBO','COORDINATOR','[type:\"state\",fillColor:\"#c0c0c0\",pos:[263,418],size:[176,60]]','[:]',1),('start','building_permit','Start','start',1,0,NULL,NULL,'[type:\"start\",fillColor:\"#00ff00\",pos:[81,21],size:[32,32]]','[:]',NULL),('start','obo_app_taskitem','Start','start',1,0,NULL,NULL,'[type:\"start\",fillColor:\"#00ff00\",pos:[71,33],size:[32,32]]','[:]',NULL),('start','occupancy_certificate','Start','start',1,0,NULL,NULL,'[type:\"start\",fillColor:\"#00ff00\",pos:[81,21],size:[32,32]]','[:]',NULL),('trade-evaluation','building_permit','Trade Evaluation Process','state',7,0,'OBO','SYSTEM','[type:\"state\",fillColor:\"#ffc800\",pos:[469,188],size:[188,55]]','[:]',1),('trade-evaluation-approval','building_permit','Trade Evaluation (For Approval)','state',9,0,NULL,NULL,'[type:\"state\",fillColor:\"#c0c0c0\",pos:[480,16],size:[234,48]]','[show_payment_order:true]',1),('trade-evaluation-review','building_permit','Trade Evaluation (For Review)','state',8,0,NULL,NULL,'[type:\"state\",fillColor:\"#c0c0c0\",pos:[476,100],size:[213,51]]','[:]',1),('trade-evaluation-revision','building_permit','Trade Evaluation For Revision','state',11,0,NULL,NULL,'[type:\"state\",fillColor:\"#ff0000\",pos:[786,332],size:[208,63]]','[:]',NULL),('trade-verification','building_permit','Trade Verification','state',10,0,'OBO','COORDINATOR','[type:\"state\",fillColor:\"#c0c0c0\",pos:[809,198],size:[156,55]]','[:]',1),('verification','occupancy_certificate','Inspection Finding Verification','state',9,0,'OBO','COORDINATOR','[type:\"state\",fillColor:\"#c0c0c0\",pos:[719,20],size:[130,58]]','[:]',1),('zoning-evaluation','building_permit','Zoning Evaluation Process','state',5,0,'OBO','SYSTEM','[type:\"state\",fillColor:\"#ffc800\",pos:[195,398],size:[182,59]]','[:]',1),('zoning-evaluation-revision','building_permit','Zoning - For Revision','state',6,0,NULL,NULL,'[type:\"state\",fillColor:\"#ff0000\",pos:[619,433],size:[151,64]]','[:]',NULL);
/*!40000 ALTER TABLE `sys_wf_node` ENABLE KEYS */;
UNLOCK TABLES;

--
-- Table structure for table `sys_wf_transition`
--

DROP TABLE IF EXISTS `sys_wf_transition`;
/*!40101 SET @saved_cs_client     = @@character_set_client */;
/*!40101 SET character_set_client = utf8 */;
CREATE TABLE `sys_wf_transition` (
  `parentid` varchar(50) NOT NULL DEFAULT '',
  `processname` varchar(50) NOT NULL DEFAULT '',
  `action` varchar(50) NOT NULL,
  `to` varchar(50) NOT NULL,
  `idx` int(11) DEFAULT NULL,
  `eval` mediumtext,
  `properties` varchar(255) DEFAULT NULL,
  `permission` varchar(255) DEFAULT NULL,
  `caption` varchar(255) DEFAULT NULL,
  `ui` text,
  PRIMARY KEY (`parentid`,`processname`,`to`,`action`) USING BTREE,
  KEY `fk_sys_wf_transition_processname_parentid` (`processname`,`parentid`) USING BTREE,
  CONSTRAINT `fk_sys_wf_transition_processname_parentid` FOREIGN KEY (`processname`, `parentid`) REFERENCES `sys_wf_node` (`processname`, `name`)
) ENGINE=InnoDB DEFAULT CHARSET=utf8;
/*!40101 SET character_set_client = @saved_cs_client */;

--
-- Dumping data for table `sys_wf_transition`
--

LOCK TABLES `sys_wf_transition` WRITE;
/*!40000 ALTER TABLE `sys_wf_transition` DISABLE KEYS */;
INSERT INTO `sys_wf_transition` VALUES ('approval','obo_app_taskitem','approve','check-has-findings',0,NULL,'[showConfirm:true,confirmMessage:\"You are about to approve this task. Proceed?\"]',NULL,'Approve','[points:[676,130,815,184],type:\"arrow\",pos:[676,130],size:[139,54]]'),('approval','occupancy_certificate','return-to-assessment','assessment',0,NULL,'[showConfirm:true,confirmMessage:\"You are about to return for reassessment. Proceed?\"]',NULL,'Return for Reassessment','[points:[1090,268,1133,175,1087,137],type:\"arrow\",pos:[1087,137],size:[46,131]]'),('approval','occupancy_certificate','approve-assessment','payment',0,NULL,'[showConfirm:true,confirmMessage:\"You are about to approve this for payment. Proceed?\"]',NULL,'Approve Assessment','[points:[1027,329,949,375],type:\"arrow\",pos:[949,329],size:[78,46]]'),('assessment','building_permit','approve-assessment','payment',0,NULL,'[showConfirm:true,confirmMessage:\"You are about to approve this for payment. Proceed?\"]',NULL,'Approve for Payment','[points:[1165,73,1161,238],type:\"arrow\",pos:[1161,73],size:[4,165]]'),('assessment','occupancy_certificate','send-for-assessment-approval','approval',0,NULL,'[showConfirm:true,confirmMessage:\"You are about to submit this for final approval. Proceed?\"]',NULL,'Send for Approval','[points:[1006,136,983,271],type:\"arrow\",pos:[983,136],size:[23,135]]'),('check-has-findings','obo_app_taskitem','send-to-end','end',0,'info.hasfindings == false','[:]',NULL,'Send to end','[points:[944,217,1121,245],type:\"arrow\",pos:[944,217],size:[177,28]]'),('check-has-findings','obo_app_taskitem','send-for-revision','for-revision',0,'info.hasfindings == true','[:]',NULL,'Send for Revision','[points:[866,249,949,366],type:\"arrow\",pos:[866,249],size:[83,117]]'),('check-has-inspection-findings','occupancy_certificate','send-for-assessment','assessment',0,'info.hasfindings == false','[:]',NULL,'Send for Assessment','[points:[850,156,984,122],type:\"arrow\",pos:[850,122],size:[134,34]]'),('check-has-inspection-findings','occupancy_certificate','send-for-verification','verification',0,'info.hasfindings == true','[:]',NULL,'Send for Verification','[points:[804,142,807,78],type:\"arrow\",pos:[804,78],size:[3,64]]'),('check-has-requirement-revision','building_permit','send-for-revision','requirement-revision',0,'info.hasrevision == true ','[:]',NULL,'Submit with revision','[points:[138,311,141,235],type:\"arrow\",pos:[138,235],size:[3,76]]'),('check-has-requirement-revision','building_permit','accept-application','zoning-evaluation',0,'info.hasrevision == false','[:]',NULL,'Accept Application','[points:[254,341,275,398],type:\"arrow\",pos:[254,341],size:[21,57]]'),('check-has-requirement-revision','occupancy_certificate','send-for-revision','requirement-revision',0,'info.hasrevision == true','[:]',NULL,'Send for Revision','[points:[243,316,179,274],type:\"arrow\",pos:[179,274],size:[64,42]]'),('check-has-requirement-revision','occupancy_certificate','accept-application','schedule-inspection',0,'info.hasrevision == false','[:]',NULL,'Accept application','[points:[350,348,349,418],type:\"arrow\",pos:[349,348],size:[1,70]]'),('check-has-trade-evaluation-findings','building_permit','send-for-assessment','assessment',0,'info.hasfindings == false','[:]',NULL,'Send for Assessment','[points:[878,60,872,27,1105,40],type:\"arrow\",pos:[872,27],size:[233,33]]'),('check-has-trade-evaluation-findings','building_permit','send-for-verification','trade-verification',0,'info.hasfindings == true','[:]',NULL,'Send for Verification','[points:[878,134,880,198],type:\"arrow\",pos:[878,134],size:[2,64]]'),('check-has-zoning-evaluation-findings','building_permit','send-for-trade-evaluation','trade-evaluation',0,'info.hasfindings == false','[:]',NULL,'Send for Trade Evaluation','[points:[519,296,543,243],type:\"arrow\",pos:[519,243],size:[24,53]]'),('check-has-zoning-evaluation-findings','building_permit','send-for-revision','zoning-evaluation-revision',0,'info.hasfindings == true','[:]',NULL,'Send for Revision','[points:[557,374,649,433],type:\"arrow\",pos:[557,374],size:[92,59]]'),('evaluation','obo_app_taskitem','send-for-approval','approval',0,NULL,'[visibleWhen:\"#{ !allowedstates.contains(\'review\') && allowedstates.contains(\'approval\') } \"]',NULL,'Send for Approval','[points:[205,232,555,126],type:\"arrow\",pos:[205,126],size:[350,106]]'),('evaluation','obo_app_taskitem','approve','check-has-findings',0,NULL,'[showConfirm:true,visibleWhen:\"#{ !allowedstates.contains(\'review\') && !allowedstates.contains(\'approval\')  }\",confirmMessage:\"You are about to approve this task. Proceed?\"]',NULL,'Approve','[points:[205,248,790,219],type:\"arrow\",pos:[205,219],size:[585,29]]'),('evaluation','obo_app_taskitem','send-for-review','review',0,NULL,'[visibleWhen:\"#{ allowedstates.contains(\'review\')  }\"]',NULL,'Send for Review','[points:[178,223,302,75],type:\"arrow\",pos:[178,75],size:[124,148]]'),('for-revision','obo_app_taskitem','reactivate','evaluation',0,NULL,'[visibleWhen:\"#{ false }\"]',NULL,'Reactivate','[points:[883,379,524,380,205,268],type:\"arrow\",pos:[205,268],size:[678,112]]'),('inspection','occupancy_certificate','submit','check-has-inspection-findings',0,NULL,'[:]',NULL,'Submit','[points:[631,215,714,178],type:\"arrow\",pos:[631,178],size:[83,37]]'),('inspection-revision','occupancy_certificate','reactivate','inspection',0,NULL,'[:]',NULL,'Reactivate','[points:[528,69,553,185],type:\"arrow\",pos:[528,69],size:[25,116]]'),('inspection-wait-state','occupancy_certificate','start-inspection','inspection',0,NULL,'[:]',NULL,'Start Inspection','[points:[636,328,559,240],type:\"arrow\",pos:[559,240],size:[77,88]]'),('payment','building_permit','return-to-assessment','assessment',0,NULL,'[:]',NULL,'Return for Assessment','[points:[1201,238,1282,179,1190,73],type:\"arrow\",pos:[1190,73],size:[92,165]]'),('payment','building_permit','post-payment','releasing',0,NULL,'[visibleWhen:\"#{ false }\"]',NULL,'Post Payment','[points:[1166,295,1180,480],type:\"arrow\",pos:[1166,295],size:[14,185]]'),('payment','occupancy_certificate','post-payment','releasing',0,NULL,'[visibleWhen:\"#{ false }\"]',NULL,'Post Payment','[points:[926,429,939,489],type:\"arrow\",pos:[926,429],size:[13,60]]'),('receiving','building_permit','send-for-requirement-verification','requirement-verification',0,NULL,'[:]',NULL,'Submit for Requirement Verification','[points:[282,75,292,114],type:\"arrow\",pos:[282,75],size:[10,39]]'),('receiving','occupancy_certificate','send-for-requirement-verification','requirement-verification',0,NULL,'[:]',NULL,'Submit for Requirement Verification','[points:[282,75,313,123],type:\"arrow\",pos:[282,75],size:[31,48]]'),('releasing','building_permit','release','end',0,NULL,'[:]',NULL,'Release','[points:[1249,515,1341,519],type:\"arrow\",pos:[1249,515],size:[92,4]]'),('releasing','occupancy_certificate','release','end',0,NULL,'[:]',NULL,'Release','[points:[1004,522,1097,522],type:\"arrow\",pos:[1004,522],size:[93,0]]'),('requirement-revision','building_permit','reactivate','requirement-verification',0,NULL,'[:]',NULL,'Reactivate','[points:[144,180,125,178,121,143,233,135],type:\"arrow\",pos:[121,135],size:[112,45]]'),('requirement-revision','occupancy_certificate','reactivate','requirement-verification',0,NULL,'[:]',NULL,'Reactivate','[points:[197,218,295,182],type:\"arrow\",pos:[197,182],size:[98,36]]'),('requirement-verification','building_permit','submit','check-has-requirement-revision',0,NULL,'[:]',NULL,'Submit','[points:[317,173,257,279],type:\"arrow\",pos:[257,173],size:[60,106]]'),('requirement-verification','occupancy_certificate','submit','check-has-requirement-revision',0,NULL,'[:]',NULL,'Submit','[points:[354,182,351,281],type:\"arrow\",pos:[351,182],size:[3,99]]'),('review','obo_app_taskitem','send-for-approval','approval',0,NULL,'[visibleWhen:\"#{ allowedstates.contains(\'approval\') }\"]',NULL,'Send for Approval','[points:[383,53,555,98],type:\"arrow\",pos:[383,53],size:[172,45]]'),('review','obo_app_taskitem','approve','check-has-findings',0,NULL,'[showConfirm:true,visibleWhen:\"#{ !allowedstates.contains( \'approval\' ) }\",confirmMessage:\"You are about to approve this task. Proceed?\"]',NULL,'Approve','[points:[383,49,822,33,858,184],type:\"arrow\",pos:[383,33],size:[475,151]]'),('schedule-inspection','occupancy_certificate','schedule-inspection','inspection-wait-state',0,NULL,'[showConfirm:true,confirmMessage:\"You are about to schedule this for inspection. Continue?\"]',NULL,'Schedule For Inspection','[points:[439,426,556,376],type:\"arrow\",pos:[439,376],size:[117,50]]'),('start','building_permit','start','receiving',0,NULL,'[:]',NULL,'Start','[points:[113,39,126,41,202,39],type:\"arrow\",pos:[113,39],size:[89,2]]'),('start','obo_app_taskitem','submit','evaluation',0,NULL,'[visibleWhen:\"#{ false }\"]',NULL,'Start','[points:[94,65,125,223],type:\"arrow\",pos:[94,65],size:[31,158]]'),('start','occupancy_certificate','start','receiving',0,NULL,'[:]',NULL,'Start','[points:[113,39,126,41,202,39],type:\"arrow\",pos:[113,39],size:[89,2]]'),('trade-evaluation','building_permit','submit','trade-evaluation-review',0,NULL,'[:]',NULL,'Submit','[points:[569,188,579,151],type:\"arrow\",pos:[569,151],size:[10,37]]'),('trade-evaluation-approval','building_permit','approve','check-has-trade-evaluation-findings',0,NULL,'[showConfirm:true,confirmMessage:\"You are about to approve this evaluation. Continue?\"]',NULL,'Approve','[points:[714,43,761,45,754,100,793,98],type:\"arrow\",pos:[714,43],size:[79,57]]'),('trade-evaluation-review','building_permit','submit-for-approval','trade-evaluation-approval',0,NULL,'[showConfirm:true,confirmMessage:\"You are about to submit this for approval. Proceed?\"]',NULL,'Submit for Approval','[points:[588,100,599,64],type:\"arrow\",pos:[588,64],size:[11,36]]'),('trade-evaluation-revision','building_permit','reactivate','trade-evaluation',0,NULL,'[:]',NULL,'Reactivate Trade Evaluation','[points:[807,332,605,243],type:\"arrow\",pos:[605,243],size:[202,89]]'),('trade-verification','building_permit','send-for-revision','trade-evaluation-revision',0,NULL,'[:]',NULL,'Send for Revision','[points:[884,253,888,332],type:\"arrow\",pos:[884,253],size:[4,79]]'),('verification','occupancy_certificate','send-for-revision','inspection-revision',0,NULL,'[:]',NULL,'Send for Revision','[points:[718,39,598,36],type:\"arrow\",pos:[598,36],size:[120,3]]'),('zoning-evaluation','building_permit','submit','check-has-zoning-evaluation-findings',0,NULL,'[:]',NULL,'Submit','[points:[358,398,453,350],type:\"arrow\",pos:[358,350],size:[95,48]]'),('zoning-evaluation-revision','building_permit','reactivate','zoning-evaluation',0,NULL,'[:]',NULL,'Reactivate Zoning Evaluation','[points:[623,470,377,435],type:\"arrow\",pos:[377,435],size:[246,35]]');
/*!40000 ALTER TABLE `sys_wf_transition` ENABLE KEYS */;
UNLOCK TABLES;

--
-- Temporary table structure for view `vw_building_permit`
--

DROP TABLE IF EXISTS `vw_building_permit`;
/*!50001 DROP VIEW IF EXISTS `vw_building_permit`*/;
SET @saved_cs_client     = @@character_set_client;
SET character_set_client = utf8;
/*!50001 CREATE VIEW `vw_building_permit` AS SELECT 
 1 AS `objid`,
 1 AS `doctypeid`,
 1 AS `appno`,
 1 AS `appdate`,
 1 AS `trackingno`,
 1 AS `applicantid`,
 1 AS `contact_name`,
 1 AS `contact_detail`,
 1 AS `contact_email`,
 1 AS `contact_mobileno`,
 1 AS `contact_phoneno`,
 1 AS `txnmode`,
 1 AS `orgcode`,
 1 AS `createdby_objid`,
 1 AS `createdby_name`,
 1 AS `dtcreated`,
 1 AS `apptype`,
 1 AS `txntype`,
 1 AS `taskid`,
 1 AS `amount`,
 1 AS `description`,
 1 AS `title`,
 1 AS `occupancytypeid`,
 1 AS `numunits`,
 1 AS `fixedcost`,
 1 AS `projectcost`,
 1 AS `dtproposedconstruction`,
 1 AS `dtexpectedcompletion`,
 1 AS `totalfloorarea`,
 1 AS `height`,
 1 AS `numfloors`,
 1 AS `worktypes`,
 1 AS `location_lotno`,
 1 AS `location_blockno`,
 1 AS `location_street`,
 1 AS `location_barangay_name`,
 1 AS `location_barangay_objid`,
 1 AS `supervisorid`,
 1 AS `location_unitno`,
 1 AS `location_bldgno`,
 1 AS `location_bldgname`,
 1 AS `location_subdivision`,
 1 AS `location_lotarea`,
 1 AS `applicant_name`,
 1 AS `occupancytype_objid`,
 1 AS `occupancytype_title`,
 1 AS `occupancytype_division_objid`,
 1 AS `occupancytype_division_title`,
 1 AS `occupancytype_group_objid`,
 1 AS `occupancytype_group_title`,
 1 AS `location_text`,
 1 AS `task_state`,
 1 AS `task_dtcreated`,
 1 AS `task_startdate`,
 1 AS `task_enddate`,
 1 AS `task_assignee_objid`,
 1 AS `task_assignee_name`,
 1 AS `task_actor_objid`,
 1 AS `task_actor_name`,
 1 AS `task_title`,
 1 AS `task_tracktime`,
 1 AS `task_properties`,
 1 AS `controlid`,
 1 AS `controlno`,
 1 AS `expirydate`,
 1 AS `dtissued`,
 1 AS `issuedby_name`,
 1 AS `approverid`,
 1 AS `endorserid`,
 1 AS `template`,
 1 AS `reportheader`*/;
SET character_set_client = @saved_cs_client;

--
-- Temporary table structure for view `vw_obo_app`
--

DROP TABLE IF EXISTS `vw_obo_app`;
/*!50001 DROP VIEW IF EXISTS `vw_obo_app`*/;
SET @saved_cs_client     = @@character_set_client;
SET character_set_client = utf8;
/*!50001 CREATE VIEW `vw_obo_app` AS SELECT 
 1 AS `objid`,
 1 AS `doctypeid`,
 1 AS `appno`,
 1 AS `appdate`,
 1 AS `trackingno`,
 1 AS `applicantid`,
 1 AS `contact_name`,
 1 AS `contact_detail`,
 1 AS `contact_email`,
 1 AS `contact_mobileno`,
 1 AS `contact_phoneno`,
 1 AS `txnmode`,
 1 AS `orgcode`,
 1 AS `createdby_objid`,
 1 AS `createdby_name`,
 1 AS `dtcreated`,
 1 AS `apptype`,
 1 AS `txntype`,
 1 AS `appclass`,
 1 AS `title`,
 1 AS `location_text`,
 1 AS `applicant_name`,
 1 AS `applicant_address_text`,
 1 AS `applicant_profileid`,
 1 AS `task_state`,
 1 AS `task_assignee_objid`,
 1 AS `processname`,
 1 AS `doctitle`,
 1 AS `schemaname`*/;
SET character_set_client = @saved_cs_client;

--
-- Temporary table structure for view `vw_obo_app_doc`
--

DROP TABLE IF EXISTS `vw_obo_app_doc`;
/*!50001 DROP VIEW IF EXISTS `vw_obo_app_doc`*/;
SET @saved_cs_client     = @@character_set_client;
SET character_set_client = utf8;
/*!50001 CREATE VIEW `vw_obo_app_doc` AS SELECT 
 1 AS `objid`,
 1 AS `appid`,
 1 AS `state`,
 1 AS `doctypeid`,
 1 AS `worktypes`,
 1 AS `remarks`,
 1 AS `amount`,
 1 AS `controlid`,
 1 AS `projectcost`,
 1 AS `equipmentcost`,
 1 AS `org_objid`,
 1 AS `task_state`,
 1 AS `task_assignee_objid`,
 1 AS `controlno`,
 1 AS `dtissued`,
 1 AS `expirydate`,
 1 AS `issuedby_name`,
 1 AS `issuedby_objid`,
 1 AS `template`,
 1 AS `endorserid`,
 1 AS `approverid`,
 1 AS `sectionid`*/;
SET character_set_client = @saved_cs_client;

--
-- Temporary table structure for view `vw_obo_app_doc_info`
--

DROP TABLE IF EXISTS `vw_obo_app_doc_info`;
/*!50001 DROP VIEW IF EXISTS `vw_obo_app_doc_info`*/;
SET @saved_cs_client     = @@character_set_client;
SET character_set_client = utf8;
/*!50001 CREATE VIEW `vw_obo_app_doc_info` AS SELECT 
 1 AS `objid`,
 1 AS `appid`,
 1 AS `parentid`,
 1 AS `name`,
 1 AS `stringvalue`,
 1 AS `decimalvalue`,
 1 AS `intvalue`,
 1 AS `datevalue`,
 1 AS `booleanvalue`,
 1 AS `remarks`,
 1 AS `lookupkey`,
 1 AS `lookupvalue`,
 1 AS `datatype`,
 1 AS `doctypeid`,
 1 AS `unit`,
 1 AS `caption`,
 1 AS `category`,
 1 AS `sortorder`,
 1 AS `lookuplistname`,
 1 AS `arrayvalues`,
 1 AS `multiselect`*/;
SET character_set_client = @saved_cs_client;

--
-- Temporary table structure for view `vw_obo_app_task`
--

DROP TABLE IF EXISTS `vw_obo_app_task`;
/*!50001 DROP VIEW IF EXISTS `vw_obo_app_task`*/;
SET @saved_cs_client     = @@character_set_client;
SET character_set_client = utf8;
/*!50001 CREATE VIEW `vw_obo_app_task` AS SELECT 
 1 AS `taskid`,
 1 AS `processname`,
 1 AS `refid`,
 1 AS `state`,
 1 AS `title`,
 1 AS `tracktime`,
 1 AS `nodetype`,
 1 AS `dtcreated`,
 1 AS `startdate`,
 1 AS `enddate`,
 1 AS `assignee_name`,
 1 AS `assignee_objid`*/;
SET character_set_client = @saved_cs_client;

--
-- Temporary table structure for view `vw_obo_app_taskitem`
--

DROP TABLE IF EXISTS `vw_obo_app_taskitem`;
/*!50001 DROP VIEW IF EXISTS `vw_obo_app_taskitem`*/;
SET @saved_cs_client     = @@character_set_client;
SET character_set_client = utf8;
/*!50001 CREATE VIEW `vw_obo_app_taskitem` AS SELECT 
 1 AS `objid`,
 1 AS `appid`,
 1 AS `typeid`,
 1 AS `taskid`,
 1 AS `sectionid`,
 1 AS `org_objid`,
 1 AS `type_title`,
 1 AS `type_sortindex`,
 1 AS `type_joinstate`,
 1 AS `app_task_state`,
 1 AS `task_state`,
 1 AS `task_dtcreated`,
 1 AS `task_startdate`,
 1 AS `task_enddate`,
 1 AS `task_assignee_objid`,
 1 AS `task_assignee_name`,
 1 AS `task_actor_objid`,
 1 AS `task_actor_name`,
 1 AS `task_title`,
 1 AS `task_tracktime`*/;
SET character_set_client = @saved_cs_client;

--
-- Temporary table structure for view `vw_obo_app_taskitem_task`
--

DROP TABLE IF EXISTS `vw_obo_app_taskitem_task`;
/*!50001 DROP VIEW IF EXISTS `vw_obo_app_taskitem_task`*/;
SET @saved_cs_client     = @@character_set_client;
SET character_set_client = utf8;
/*!50001 CREATE VIEW `vw_obo_app_taskitem_task` AS SELECT 
 1 AS `taskid`,
 1 AS `refid`,
 1 AS `parentprocessid`,
 1 AS `state`,
 1 AS `startdate`,
 1 AS `enddate`,
 1 AS `assignee_objid`,
 1 AS `assignee_name`,
 1 AS `actor_objid`,
 1 AS `actor_name`,
 1 AS `message`,
 1 AS `dtcreated`,
 1 AS `prevtaskid`,
 1 AS `appid`,
 1 AS `section`,
 1 AS `sectionid`,
 1 AS `title`,
 1 AS `tracktime`,
 1 AS `activationstate`,
 1 AS `joinstate`*/;
SET character_set_client = @saved_cs_client;

--
-- Temporary table structure for view `vw_obo_doctype`
--

DROP TABLE IF EXISTS `vw_obo_doctype`;
/*!50001 DROP VIEW IF EXISTS `vw_obo_doctype`*/;
SET @saved_cs_client     = @@character_set_client;
SET character_set_client = utf8;
/*!50001 CREATE VIEW `vw_obo_doctype` AS SELECT 
 1 AS `objid`,
 1 AS `title`,
 1 AS `sectionid`,
 1 AS `sortorder`,
 1 AS `type`,
 1 AS `template`,
 1 AS `autocreate`,
 1 AS `issuetype`,
 1 AS `requirefee`,
 1 AS `appnopattern`,
 1 AS `controlnopattern`,
 1 AS `subtypeof`,
 1 AS `apptype`,
 1 AS `system`,
 1 AS `role`,
 1 AS `endorserid`,
 1 AS `approverid`,
 1 AS `reportheader`,
 1 AS `refdoc`,
 1 AS `includeinemail`,
 1 AS `org_objid`,
 1 AS `org_name`*/;
SET character_set_client = @saved_cs_client;

--
-- Temporary table structure for view `vw_obo_occupancy_type`
--

DROP TABLE IF EXISTS `vw_obo_occupancy_type`;
/*!50001 DROP VIEW IF EXISTS `vw_obo_occupancy_type`*/;
SET @saved_cs_client     = @@character_set_client;
SET character_set_client = utf8;
/*!50001 CREATE VIEW `vw_obo_occupancy_type` AS SELECT 
 1 AS `objid`,
 1 AS `divisionid`,
 1 AS `title`,
 1 AS `division_objid`,
 1 AS `division_title`,
 1 AS `group_objid`,
 1 AS `group_title`*/;
SET character_set_client = @saved_cs_client;

--
-- Temporary table structure for view `vw_obo_payment`
--

DROP TABLE IF EXISTS `vw_obo_payment`;
/*!50001 DROP VIEW IF EXISTS `vw_obo_payment`*/;
SET @saved_cs_client     = @@character_set_client;
SET character_set_client = utf8;
/*!50001 CREATE VIEW `vw_obo_payment` AS SELECT 
 1 AS `objid`,
 1 AS `appid`,
 1 AS `parentid`,
 1 AS `itemid`,
 1 AS `amount`,
 1 AS `amtpaid`,
 1 AS `remarks`,
 1 AS `item_objid`,
 1 AS `item_title`,
 1 AS `item_sortorder`,
 1 AS `payment_type`,
 1 AS `payment_refno`,
 1 AS `payment_refid`,
 1 AS `payment_refdate`*/;
SET character_set_client = @saved_cs_client;

--
-- Temporary table structure for view `vw_obo_professional`
--

DROP TABLE IF EXISTS `vw_obo_professional`;
/*!50001 DROP VIEW IF EXISTS `vw_obo_professional`*/;
SET @saved_cs_client     = @@character_set_client;
SET character_set_client = utf8;
/*!50001 CREATE VIEW `vw_obo_professional` AS SELECT 
 1 AS `objid`,
 1 AS `firstname`,
 1 AS `middlename`,
 1 AS `lastname`,
 1 AS `resident`,
 1 AS `address_objid`,
 1 AS `address_text`,
 1 AS `address_unitno`,
 1 AS `address_bldgno`,
 1 AS `address_bldgname`,
 1 AS `address_street`,
 1 AS `address_subdivision`,
 1 AS `address_barangay_objid`,
 1 AS `address_barangay_name`,
 1 AS `address_citymunicipality`,
 1 AS `address_province`,
 1 AS `tin`,
 1 AS `email`,
 1 AS `mobileno`,
 1 AS `phoneno`,
 1 AS `id_idno`,
 1 AS `id_type_name`,
 1 AS `id_dtissued`,
 1 AS `id_placeissued`,
 1 AS `profession`,
 1 AS `prc_idno`,
 1 AS `prc_dtissued`,
 1 AS `prc_dtvalid`,
 1 AS `prc_placeissued`,
 1 AS `ptr_refno`,
 1 AS `ptr_dtissued`,
 1 AS `ptr_placeissued`,
 1 AS `profid`,
 1 AS `system`,
 1 AS `name`,
 1 AS `id_type_caption`,
 1 AS `id_type_title`*/;
SET character_set_client = @saved_cs_client;

--
-- Temporary table structure for view `vw_obo_professional_info`
--

DROP TABLE IF EXISTS `vw_obo_professional_info`;
/*!50001 DROP VIEW IF EXISTS `vw_obo_professional_info`*/;
SET @saved_cs_client     = @@character_set_client;
SET character_set_client = utf8;
/*!50001 CREATE VIEW `vw_obo_professional_info` AS SELECT 
 1 AS `objid`,
 1 AS `firstname`,
 1 AS `middlename`,
 1 AS `lastname`,
 1 AS `resident`,
 1 AS `address_objid`,
 1 AS `address_text`,
 1 AS `address_unitno`,
 1 AS `address_bldgno`,
 1 AS `address_bldgname`,
 1 AS `address_street`,
 1 AS `address_subdivision`,
 1 AS `address_barangay_objid`,
 1 AS `address_barangay_name`,
 1 AS `address_citymunicipality`,
 1 AS `address_province`,
 1 AS `tin`,
 1 AS `email`,
 1 AS `mobileno`,
 1 AS `phoneno`,
 1 AS `id_idno`,
 1 AS `id_type_name`,
 1 AS `id_dtissued`,
 1 AS `id_placeissued`,
 1 AS `profession`,
 1 AS `prc_idno`,
 1 AS `prc_dtissued`,
 1 AS `prc_dtvalid`,
 1 AS `prc_placeissued`,
 1 AS `ptr_refno`,
 1 AS `ptr_dtissued`,
 1 AS `ptr_placeissued`,
 1 AS `profid`,
 1 AS `system`,
 1 AS `name`,
 1 AS `id_type_caption`,
 1 AS `id_type_title`*/;
SET character_set_client = @saved_cs_client;

--
-- Temporary table structure for view `vw_obo_professional_info_lookup`
--

DROP TABLE IF EXISTS `vw_obo_professional_info_lookup`;
/*!50001 DROP VIEW IF EXISTS `vw_obo_professional_info_lookup`*/;
SET @saved_cs_client     = @@character_set_client;
SET character_set_client = utf8;
/*!50001 CREATE VIEW `vw_obo_professional_info_lookup` AS SELECT 
 1 AS `objid`,
 1 AS `firstname`,
 1 AS `middlename`,
 1 AS `lastname`,
 1 AS `resident`,
 1 AS `address_objid`,
 1 AS `address_text`,
 1 AS `address_unitno`,
 1 AS `address_bldgno`,
 1 AS `address_bldgname`,
 1 AS `address_street`,
 1 AS `address_subdivision`,
 1 AS `address_barangay_objid`,
 1 AS `address_barangay_name`,
 1 AS `address_citymunicipality`,
 1 AS `address_province`,
 1 AS `tin`,
 1 AS `email`,
 1 AS `mobileno`,
 1 AS `phoneno`,
 1 AS `id_idno`,
 1 AS `id_type_name`,
 1 AS `id_dtissued`,
 1 AS `id_placeissued`,
 1 AS `profession`,
 1 AS `prc_idno`,
 1 AS `prc_dtissued`,
 1 AS `prc_dtvalid`,
 1 AS `prc_placeissued`,
 1 AS `ptr_refno`,
 1 AS `ptr_dtissued`,
 1 AS `ptr_placeissued`,
 1 AS `profid`,
 1 AS `system`,
 1 AS `name`,
 1 AS `id_type_caption`,
 1 AS `id_type_title`*/;
SET character_set_client = @saved_cs_client;

--
-- Temporary table structure for view `vw_obo_taskitem_consolidated`
--

DROP TABLE IF EXISTS `vw_obo_taskitem_consolidated`;
/*!50001 DROP VIEW IF EXISTS `vw_obo_taskitem_consolidated`*/;
SET @saved_cs_client     = @@character_set_client;
SET character_set_client = utf8;
/*!50001 CREATE VIEW `vw_obo_taskitem_consolidated` AS SELECT 
 1 AS `objid`,
 1 AS `appid`,
 1 AS `typeid`,
 1 AS `type_title`,
 1 AS `sortindex`,
 1 AS `role`,
 1 AS `org_objid`*/;
SET character_set_client = @saved_cs_client;

--
-- Temporary table structure for view `vw_occupancy_certificate`
--

DROP TABLE IF EXISTS `vw_occupancy_certificate`;
/*!50001 DROP VIEW IF EXISTS `vw_occupancy_certificate`*/;
SET @saved_cs_client     = @@character_set_client;
SET character_set_client = utf8;
/*!50001 CREATE VIEW `vw_occupancy_certificate` AS SELECT 
 1 AS `objid`,
 1 AS `doctypeid`,
 1 AS `appno`,
 1 AS `appdate`,
 1 AS `trackingno`,
 1 AS `applicantid`,
 1 AS `contact_name`,
 1 AS `contact_detail`,
 1 AS `contact_email`,
 1 AS `contact_mobileno`,
 1 AS `contact_phoneno`,
 1 AS `txnmode`,
 1 AS `orgcode`,
 1 AS `createdby_objid`,
 1 AS `createdby_name`,
 1 AS `dtcreated`,
 1 AS `apptype`,
 1 AS `txntype`,
 1 AS `taskid`,
 1 AS `bldgpermitid`,
 1 AS `totalmaterialcost`,
 1 AS `totaldirectlaborcost`,
 1 AS `totalequipmentcost`,
 1 AS `totalothercost`,
 1 AS `occupancytypeid`,
 1 AS `actualnumunits`,
 1 AS `actualtotalfloorarea`,
 1 AS `actualheight`,
 1 AS `actualnumfloors`,
 1 AS `dtactualstarted`,
 1 AS `dtactualcompleted`,
 1 AS `inspectiondate`,
 1 AS `supervisorid`,
 1 AS `contractor_name`,
 1 AS `contractor_address`,
 1 AS `contractor_pcab_idno`,
 1 AS `contractor_pcab_dtvalid`,
 1 AS `contractor_tin`,
 1 AS `contractor_manager_name`,
 1 AS `contractor_manager_email`,
 1 AS `actualfixedcost`,
 1 AS `actualprojectcost`,
 1 AS `occupancystate`,
 1 AS `amount`,
 1 AS `task_state`,
 1 AS `task_startdate`,
 1 AS `task_enddate`,
 1 AS `task_assignee_objid`,
 1 AS `task_assignee_name`,
 1 AS `task_actor_objid`,
 1 AS `task_actor_name`,
 1 AS `task_title`,
 1 AS `task_tracktime`,
 1 AS `task_properties`,
 1 AS `occupancytype_objid`,
 1 AS `occupancytype_title`,
 1 AS `occupancytype_division_objid`,
 1 AS `occupancytype_division_title`,
 1 AS `occupancytype_group_objid`,
 1 AS `occupancytype_group_title`,
 1 AS `controlno`,
 1 AS `expirydate`,
 1 AS `dtissued`,
 1 AS `issuedby_name`,
 1 AS `approverid`,
 1 AS `endorserid`,
 1 AS `template`,
 1 AS `reportheader`,
 1 AS `title`,
 1 AS `location_text`,
 1 AS `fixedcost`,
 1 AS `projectcost`*/;
SET character_set_client = @saved_cs_client;

--
-- Final view structure for view `vw_building_permit`
--

/*!50001 DROP VIEW IF EXISTS `vw_building_permit`*/;
/*!50001 SET @saved_cs_client          = @@character_set_client */;
/*!50001 SET @saved_cs_results         = @@character_set_results */;
/*!50001 SET @saved_col_connection     = @@collation_connection */;
/*!50001 SET character_set_client      = utf8mb4 */;
/*!50001 SET character_set_results     = utf8mb4 */;
/*!50001 SET collation_connection      = utf8mb4_general_ci */;
/*!50001 CREATE ALGORITHM=UNDEFINED */
/*!50013 DEFINER=`root`@`localhost` SQL SECURITY DEFINER */
/*!50001 VIEW `vw_building_permit` AS select `a`.`objid` AS `objid`,`a`.`doctypeid` AS `doctypeid`,`a`.`appno` AS `appno`,`a`.`appdate` AS `appdate`,`a`.`trackingno` AS `trackingno`,`a`.`applicantid` AS `applicantid`,`a`.`contact_name` AS `contact_name`,`a`.`contact_detail` AS `contact_detail`,`a`.`contact_email` AS `contact_email`,`a`.`contact_mobileno` AS `contact_mobileno`,`a`.`contact_phoneno` AS `contact_phoneno`,`a`.`txnmode` AS `txnmode`,`a`.`orgcode` AS `orgcode`,`a`.`createdby_objid` AS `createdby_objid`,`a`.`createdby_name` AS `createdby_name`,`a`.`dtcreated` AS `dtcreated`,`a`.`apptype` AS `apptype`,`a`.`txntype` AS `txntype`,`bp`.`taskid` AS `taskid`,`bp`.`amount` AS `amount`,`bp`.`description` AS `description`,`bp`.`title` AS `title`,`bp`.`occupancytypeid` AS `occupancytypeid`,`bp`.`numunits` AS `numunits`,`bp`.`fixedcost` AS `fixedcost`,`bp`.`projectcost` AS `projectcost`,`bp`.`dtproposedconstruction` AS `dtproposedconstruction`,`bp`.`dtexpectedcompletion` AS `dtexpectedcompletion`,`bp`.`totalfloorarea` AS `totalfloorarea`,`bp`.`height` AS `height`,`bp`.`numfloors` AS `numfloors`,`bp`.`worktypes` AS `worktypes`,`bp`.`location_lotno` AS `location_lotno`,`bp`.`location_blockno` AS `location_blockno`,`bp`.`location_street` AS `location_street`,`bp`.`location_barangay_name` AS `location_barangay_name`,`bp`.`location_barangay_objid` AS `location_barangay_objid`,`bp`.`supervisorid` AS `supervisorid`,`bp`.`location_unitno` AS `location_unitno`,`bp`.`location_bldgno` AS `location_bldgno`,`bp`.`location_bldgname` AS `location_bldgname`,`bp`.`location_subdivision` AS `location_subdivision`,`bp`.`location_lotarea` AS `location_lotarea`,`ae`.`name` AS `applicant_name`,`bt`.`objid` AS `occupancytype_objid`,`bt`.`title` AS `occupancytype_title`,`od`.`objid` AS `occupancytype_division_objid`,`od`.`title` AS `occupancytype_division_title`,`og`.`objid` AS `occupancytype_group_objid`,`og`.`title` AS `occupancytype_group_title`,ltrim(concat((case when isnull(`bp`.`location_unitno`) then '' else concat(' ',`bp`.`location_unitno`) end),(case when isnull(`bp`.`location_bldgno`) then '' else concat(' ',`bp`.`location_bldgno`) end),(case when isnull(`bp`.`location_bldgname`) then '' else concat(' ',`bp`.`location_bldgname`) end),(case when isnull(`bp`.`location_lotno`) then '' else concat(' Lot.',`bp`.`location_lotno`) end),(case when isnull(`bp`.`location_blockno`) then '' else concat(' Blk.',`bp`.`location_blockno`) end),(case when isnull(`bp`.`location_street`) then '' else concat(' ',`bp`.`location_street`) end),(case when isnull(`bp`.`location_subdivision`) then '' else concat(', ',`bp`.`location_subdivision`) end),(case when isnull(`bp`.`location_barangay_name`) then '' else concat(', ',`bp`.`location_barangay_name`) end))) AS `location_text`,`t`.`state` AS `task_state`,`t`.`dtcreated` AS `task_dtcreated`,`t`.`startdate` AS `task_startdate`,`t`.`enddate` AS `task_enddate`,`t`.`assignee_objid` AS `task_assignee_objid`,`t`.`assignee_name` AS `task_assignee_name`,`t`.`actor_objid` AS `task_actor_objid`,`t`.`actor_name` AS `task_actor_name`,`sn`.`title` AS `task_title`,`sn`.`tracktime` AS `task_tracktime`,`sn`.`properties` AS `task_properties`,`pmt`.`objid` AS `controlid`,`pmt`.`controlno` AS `controlno`,`pmt`.`expirydate` AS `expirydate`,`pmt`.`dtissued` AS `dtissued`,`pmt`.`issuedby_name` AS `issuedby_name`,`pmt`.`approverid` AS `approverid`,`pmt`.`endorserid` AS `endorserid`,`pmt`.`template` AS `template`,`pmt`.`reportheader` AS `reportheader` from ((((((((`obo_app` `a` join `building_permit` `bp` on((`a`.`objid` = `bp`.`objid`))) join `building_permit_task` `t` on((`bp`.`taskid` = `t`.`taskid`))) join `obo_app_entity` `ae` on((`a`.`applicantid` = `ae`.`objid`))) join `sys_wf_node` `sn` on(((`sn`.`processname` = 'building_permit') and (`sn`.`name` = `t`.`state`)))) join `obo_occupancy_type` `bt` on((`bp`.`occupancytypeid` = `bt`.`objid`))) join `obo_occupancy_type_division` `od` on((`bt`.`divisionid` = `od`.`objid`))) join `obo_occupancy_type_group` `og` on((`od`.`groupid` = `og`.`objid`))) left join `obo_control` `pmt` on(((`pmt`.`appid` = `a`.`objid`) and (`pmt`.`doctypeid` = 'BUILDING_PERMIT')))) */;
/*!50001 SET character_set_client      = @saved_cs_client */;
/*!50001 SET character_set_results     = @saved_cs_results */;
/*!50001 SET collation_connection      = @saved_col_connection */;

--
-- Final view structure for view `vw_obo_app`
--

/*!50001 DROP VIEW IF EXISTS `vw_obo_app`*/;
/*!50001 SET @saved_cs_client          = @@character_set_client */;
/*!50001 SET @saved_cs_results         = @@character_set_results */;
/*!50001 SET @saved_col_connection     = @@collation_connection */;
/*!50001 SET character_set_client      = utf8 */;
/*!50001 SET character_set_results     = utf8 */;
/*!50001 SET collation_connection      = utf8_general_ci */;
/*!50001 CREATE ALGORITHM=UNDEFINED */
/*!50013 DEFINER=`root`@`localhost` SQL SECURITY DEFINER */
/*!50001 VIEW `vw_obo_app` AS select `app`.`objid` AS `objid`,`app`.`doctypeid` AS `doctypeid`,`app`.`appno` AS `appno`,`app`.`appdate` AS `appdate`,`app`.`trackingno` AS `trackingno`,`app`.`applicantid` AS `applicantid`,`app`.`contact_name` AS `contact_name`,`app`.`contact_detail` AS `contact_detail`,`app`.`contact_email` AS `contact_email`,`app`.`contact_mobileno` AS `contact_mobileno`,`app`.`contact_phoneno` AS `contact_phoneno`,`app`.`txnmode` AS `txnmode`,`app`.`orgcode` AS `orgcode`,`app`.`createdby_objid` AS `createdby_objid`,`app`.`createdby_name` AS `createdby_name`,`app`.`dtcreated` AS `dtcreated`,`app`.`apptype` AS `apptype`,`app`.`txntype` AS `txntype`,'building_permit' AS `appclass`,`bp`.`title` AS `title`,ltrim(concat((case when isnull(`bp`.`location_unitno`) then '' else concat(' ',`bp`.`location_unitno`) end),(case when isnull(`bp`.`location_bldgno`) then '' else concat(' ',`bp`.`location_bldgno`) end),(case when isnull(`bp`.`location_bldgname`) then '' else concat(' ',`bp`.`location_bldgname`) end),(case when isnull(`bp`.`location_lotno`) then '' else concat(' Lot.',`bp`.`location_lotno`) end),(case when isnull(`bp`.`location_blockno`) then '' else concat(' Blk.',`bp`.`location_blockno`) end),(case when isnull(`bp`.`location_street`) then '' else concat(' ',`bp`.`location_street`) end),(case when isnull(`bp`.`location_subdivision`) then '' else concat(', ',`bp`.`location_subdivision`) end),(case when isnull(`bp`.`location_barangay_name`) then '' else concat(', ',`bp`.`location_barangay_name`) end))) AS `location_text`,`be`.`name` AS `applicant_name`,`be`.`address_text` AS `applicant_address_text`,`be`.`profileid` AS `applicant_profileid`,`bt`.`state` AS `task_state`,`bt`.`assignee_objid` AS `task_assignee_objid`,'building_permit' AS `processname`,'BUILDING PERMIT' AS `doctitle`,'vw_building_permit' AS `schemaname` from (((`obo_app` `app` join `building_permit` `bp` on((`app`.`objid` = `bp`.`objid`))) join `obo_app_entity` `be` on((`app`.`applicantid` = `be`.`objid`))) join `building_permit_task` `bt` on((`bp`.`taskid` = `bt`.`taskid`))) union select `app`.`objid` AS `objid`,`app`.`doctypeid` AS `doctypeid`,`app`.`appno` AS `appno`,`app`.`appdate` AS `appdate`,`app`.`trackingno` AS `trackingno`,`app`.`applicantid` AS `applicantid`,`app`.`contact_name` AS `contact_name`,`app`.`contact_detail` AS `contact_detail`,`app`.`contact_email` AS `contact_email`,`app`.`contact_mobileno` AS `contact_mobileno`,`app`.`contact_phoneno` AS `contact_phoneno`,`app`.`txnmode` AS `txnmode`,`app`.`orgcode` AS `orgcode`,`app`.`createdby_objid` AS `createdby_objid`,`app`.`createdby_name` AS `createdby_name`,`app`.`dtcreated` AS `dtcreated`,`app`.`apptype` AS `apptype`,`app`.`txntype` AS `txntype`,'occupancy_certificate' AS `appclass`,`bp`.`title` AS `title`,ltrim(concat((case when isnull(`bp`.`location_unitno`) then '' else concat(' ',`bp`.`location_unitno`) end),(case when isnull(`bp`.`location_bldgno`) then '' else concat(' ',`bp`.`location_bldgno`) end),(case when isnull(`bp`.`location_bldgname`) then '' else concat(' ',`bp`.`location_bldgname`) end),(case when isnull(`bp`.`location_lotno`) then '' else concat(' Lot.',`bp`.`location_lotno`) end),(case when isnull(`bp`.`location_blockno`) then '' else concat(' Blk.',`bp`.`location_blockno`) end),(case when isnull(`bp`.`location_street`) then '' else concat(' ',`bp`.`location_street`) end),(case when isnull(`bp`.`location_subdivision`) then '' else concat(', ',`bp`.`location_subdivision`) end),(case when isnull(`bp`.`location_barangay_name`) then '' else concat(', ',`bp`.`location_barangay_name`) end))) AS `location_text`,`be`.`name` AS `applicant_name`,`be`.`address_text` AS `applicant_address_text`,`be`.`profileid` AS `applicant_profileid`,`bt`.`state` AS `task_state`,`bt`.`assignee_objid` AS `task_assignee_objid`,'occupancy_certificate' AS `processname`,'OCCUPANCY CERTIFICATE' AS `doctitle`,'vw_occupancy_certificate' AS `schemaname` from ((((`obo_app` `app` join `occupancy_certificate` `oc` on((`oc`.`objid` = `app`.`objid`))) join `building_permit` `bp` on((`oc`.`bldgpermitid` = `bp`.`objid`))) join `obo_app_entity` `be` on((`app`.`applicantid` = `be`.`objid`))) join `occupancy_certificate_task` `bt` on((`oc`.`taskid` = `bt`.`taskid`))) */;
/*!50001 SET character_set_client      = @saved_cs_client */;
/*!50001 SET character_set_results     = @saved_cs_results */;
/*!50001 SET collation_connection      = @saved_col_connection */;

--
-- Final view structure for view `vw_obo_app_doc`
--

/*!50001 DROP VIEW IF EXISTS `vw_obo_app_doc`*/;
/*!50001 SET @saved_cs_client          = @@character_set_client */;
/*!50001 SET @saved_cs_results         = @@character_set_results */;
/*!50001 SET @saved_col_connection     = @@collation_connection */;
/*!50001 SET character_set_client      = utf8mb4 */;
/*!50001 SET character_set_results     = utf8mb4 */;
/*!50001 SET collation_connection      = utf8mb4_general_ci */;
/*!50001 CREATE ALGORITHM=UNDEFINED */
/*!50013 DEFINER=`root`@`localhost` SQL SECURITY DEFINER */
/*!50001 VIEW `vw_obo_app_doc` AS select `a`.`objid` AS `objid`,`a`.`appid` AS `appid`,`a`.`state` AS `state`,`a`.`doctypeid` AS `doctypeid`,`a`.`worktypes` AS `worktypes`,`a`.`remarks` AS `remarks`,`a`.`amount` AS `amount`,`a`.`controlid` AS `controlid`,`a`.`projectcost` AS `projectcost`,`a`.`equipmentcost` AS `equipmentcost`,`os`.`org_objid` AS `org_objid`,`ba`.`task_state` AS `task_state`,`ba`.`task_assignee_objid` AS `task_assignee_objid`,`iss`.`controlno` AS `controlno`,`iss`.`dtissued` AS `dtissued`,`iss`.`expirydate` AS `expirydate`,`iss`.`issuedby_name` AS `issuedby_name`,`iss`.`issuedby_objid` AS `issuedby_objid`,`iss`.`template` AS `template`,`iss`.`endorserid` AS `endorserid`,`iss`.`approverid` AS `approverid`,`od`.`sectionid` AS `sectionid` from ((((`obo_app_doc` `a` join `obo_doctype` `od` on((`a`.`doctypeid` = `od`.`objid`))) left join `obo_section` `os` on((`od`.`sectionid` = `os`.`objid`))) left join `obo_control` `iss` on((`a`.`controlid` = `iss`.`objid`))) join `vw_obo_app` `ba` on((`a`.`appid` = `ba`.`objid`))) */;
/*!50001 SET character_set_client      = @saved_cs_client */;
/*!50001 SET character_set_results     = @saved_cs_results */;
/*!50001 SET collation_connection      = @saved_col_connection */;

--
-- Final view structure for view `vw_obo_app_doc_info`
--

/*!50001 DROP VIEW IF EXISTS `vw_obo_app_doc_info`*/;
/*!50001 SET @saved_cs_client          = @@character_set_client */;
/*!50001 SET @saved_cs_results         = @@character_set_results */;
/*!50001 SET @saved_col_connection     = @@collation_connection */;
/*!50001 SET character_set_client      = utf8mb4 */;
/*!50001 SET character_set_results     = utf8mb4 */;
/*!50001 SET collation_connection      = utf8mb4_general_ci */;
/*!50001 CREATE ALGORITHM=UNDEFINED */
/*!50013 DEFINER=`root`@`localhost` SQL SECURITY DEFINER */
/*!50001 VIEW `vw_obo_app_doc_info` AS select `ai`.`objid` AS `objid`,`ai`.`appid` AS `appid`,`ai`.`parentid` AS `parentid`,`ai`.`name` AS `name`,`ai`.`stringvalue` AS `stringvalue`,`ai`.`decimalvalue` AS `decimalvalue`,`ai`.`intvalue` AS `intvalue`,`ai`.`datevalue` AS `datevalue`,`ai`.`booleanvalue` AS `booleanvalue`,`ai`.`remarks` AS `remarks`,`ai`.`lookupkey` AS `lookupkey`,`ai`.`lookupvalue` AS `lookupvalue`,`ov`.`datatype` AS `datatype`,`ov`.`doctypeid` AS `doctypeid`,`ov`.`unit` AS `unit`,`ov`.`caption` AS `caption`,`ov`.`category` AS `category`,`ov`.`sortorder` AS `sortorder`,`ov`.`lookuplistname` AS `lookuplistname`,`ov`.`arrayvalues` AS `arrayvalues`,`ov`.`multiselect` AS `multiselect` from (`obo_app_doc_info` `ai` join `obo_variable` `ov` on((`ov`.`objid` = `ai`.`name`))) */;
/*!50001 SET character_set_client      = @saved_cs_client */;
/*!50001 SET character_set_results     = @saved_cs_results */;
/*!50001 SET collation_connection      = @saved_col_connection */;

--
-- Final view structure for view `vw_obo_app_task`
--

/*!50001 DROP VIEW IF EXISTS `vw_obo_app_task`*/;
/*!50001 SET @saved_cs_client          = @@character_set_client */;
/*!50001 SET @saved_cs_results         = @@character_set_results */;
/*!50001 SET @saved_col_connection     = @@collation_connection */;
/*!50001 SET character_set_client      = utf8mb4 */;
/*!50001 SET character_set_results     = utf8mb4 */;
/*!50001 SET collation_connection      = utf8mb4_general_ci */;
/*!50001 CREATE ALGORITHM=UNDEFINED */
/*!50013 DEFINER=`root`@`localhost` SQL SECURITY DEFINER */
/*!50001 VIEW `vw_obo_app_task` AS select `t`.`taskid` AS `taskid`,'building_permit' AS `processname`,`t`.`refid` AS `refid`,`t`.`state` AS `state`,`wf`.`title` AS `title`,`wf`.`tracktime` AS `tracktime`,`wf`.`nodetype` AS `nodetype`,`t`.`dtcreated` AS `dtcreated`,`t`.`startdate` AS `startdate`,`t`.`enddate` AS `enddate`,`t`.`assignee_name` AS `assignee_name`,`t`.`assignee_objid` AS `assignee_objid` from (`building_permit_task` `t` join `sys_wf_node` `wf` on(((`wf`.`processname` = 'building_permit') and (`t`.`state` = `wf`.`name`) and (`wf`.`nodetype` = 'state')))) union select `t`.`taskid` AS `taskid`,'occupancy_certificate' AS `processname`,`t`.`refid` AS `refid`,`t`.`state` AS `state`,`wf`.`title` AS `title`,`wf`.`tracktime` AS `tracktime`,`wf`.`nodetype` AS `nodetype`,`t`.`dtcreated` AS `dtcreated`,`t`.`startdate` AS `startdate`,`t`.`enddate` AS `enddate`,`t`.`assignee_name` AS `assignee_name`,`t`.`assignee_objid` AS `assignee_objid` from (`occupancy_certificate_task` `t` join `sys_wf_node` `wf` on(((`wf`.`processname` = 'occupancy_certificate') and (`t`.`state` = `wf`.`name`) and (`wf`.`nodetype` = 'state')))) */;
/*!50001 SET character_set_client      = @saved_cs_client */;
/*!50001 SET character_set_results     = @saved_cs_results */;
/*!50001 SET collation_connection      = @saved_col_connection */;

--
-- Final view structure for view `vw_obo_app_taskitem`
--

/*!50001 DROP VIEW IF EXISTS `vw_obo_app_taskitem`*/;
/*!50001 SET @saved_cs_client          = @@character_set_client */;
/*!50001 SET @saved_cs_results         = @@character_set_results */;
/*!50001 SET @saved_col_connection     = @@collation_connection */;
/*!50001 SET character_set_client      = utf8mb4 */;
/*!50001 SET character_set_results     = utf8mb4 */;
/*!50001 SET collation_connection      = utf8mb4_general_ci */;
/*!50001 CREATE ALGORITHM=UNDEFINED */
/*!50013 DEFINER=`root`@`localhost` SQL SECURITY DEFINER */
/*!50001 VIEW `vw_obo_app_taskitem` AS select `a`.`objid` AS `objid`,`a`.`appid` AS `appid`,`a`.`typeid` AS `typeid`,`a`.`taskid` AS `taskid`,`os`.`objid` AS `sectionid`,`os`.`org_objid` AS `org_objid`,`et`.`title` AS `type_title`,`et`.`sortindex` AS `type_sortindex`,`et`.`joinstate` AS `type_joinstate`,`app`.`task_state` AS `app_task_state`,`t`.`state` AS `task_state`,`t`.`dtcreated` AS `task_dtcreated`,`t`.`startdate` AS `task_startdate`,`t`.`enddate` AS `task_enddate`,`t`.`assignee_objid` AS `task_assignee_objid`,`t`.`assignee_name` AS `task_assignee_name`,`t`.`actor_objid` AS `task_actor_objid`,`t`.`actor_name` AS `task_actor_name`,`sn`.`title` AS `task_title`,`sn`.`tracktime` AS `task_tracktime` from (((((`obo_app_taskitem` `a` join `obo_app_taskitem_task` `t` on((`a`.`taskid` = `t`.`taskid`))) join `obo_taskitem_type` `et` on((`a`.`typeid` = `et`.`objid`))) left join `obo_section` `os` on((`et`.`sectionid` = `os`.`objid`))) join `sys_wf_node` `sn` on(((`sn`.`processname` = 'obo_app_taskitem') and (`sn`.`name` = `t`.`state`)))) join `vw_obo_app` `app` on((`a`.`appid` = `app`.`objid`))) */;
/*!50001 SET character_set_client      = @saved_cs_client */;
/*!50001 SET character_set_results     = @saved_cs_results */;
/*!50001 SET collation_connection      = @saved_col_connection */;

--
-- Final view structure for view `vw_obo_app_taskitem_task`
--

/*!50001 DROP VIEW IF EXISTS `vw_obo_app_taskitem_task`*/;
/*!50001 SET @saved_cs_client          = @@character_set_client */;
/*!50001 SET @saved_cs_results         = @@character_set_results */;
/*!50001 SET @saved_col_connection     = @@collation_connection */;
/*!50001 SET character_set_client      = utf8mb4 */;
/*!50001 SET character_set_results     = utf8mb4 */;
/*!50001 SET collation_connection      = utf8mb4_general_ci */;
/*!50001 CREATE ALGORITHM=UNDEFINED */
/*!50013 DEFINER=`root`@`localhost` SQL SECURITY DEFINER */
/*!50001 VIEW `vw_obo_app_taskitem_task` AS select `t`.`taskid` AS `taskid`,`t`.`refid` AS `refid`,`t`.`parentprocessid` AS `parentprocessid`,`t`.`state` AS `state`,`t`.`startdate` AS `startdate`,`t`.`enddate` AS `enddate`,`t`.`assignee_objid` AS `assignee_objid`,`t`.`assignee_name` AS `assignee_name`,`t`.`actor_objid` AS `actor_objid`,`t`.`actor_name` AS `actor_name`,`t`.`message` AS `message`,`t`.`dtcreated` AS `dtcreated`,`t`.`prevtaskid` AS `prevtaskid`,`ti`.`appid` AS `appid`,`typ`.`title` AS `section`,`typ`.`sectionid` AS `sectionid`,`wf`.`title` AS `title`,`wf`.`tracktime` AS `tracktime`,`typ`.`activationstate` AS `activationstate`,`typ`.`joinstate` AS `joinstate` from (((`obo_app_taskitem_task` `t` join `obo_app_taskitem` `ti` on((`t`.`refid` = `ti`.`objid`))) join `obo_taskitem_type` `typ` on((`ti`.`typeid` = `typ`.`objid`))) join `sys_wf_node` `wf` on(((`wf`.`processname` = 'obo_app_taskitem') and (`t`.`state` = `wf`.`name`)))) where (`wf`.`nodetype` = 'state') */;
/*!50001 SET character_set_client      = @saved_cs_client */;
/*!50001 SET character_set_results     = @saved_cs_results */;
/*!50001 SET collation_connection      = @saved_col_connection */;

--
-- Final view structure for view `vw_obo_doctype`
--

/*!50001 DROP VIEW IF EXISTS `vw_obo_doctype`*/;
/*!50001 SET @saved_cs_client          = @@character_set_client */;
/*!50001 SET @saved_cs_results         = @@character_set_results */;
/*!50001 SET @saved_col_connection     = @@collation_connection */;
/*!50001 SET character_set_client      = utf8mb4 */;
/*!50001 SET character_set_results     = utf8mb4 */;
/*!50001 SET collation_connection      = utf8mb4_general_ci */;
/*!50001 CREATE ALGORITHM=UNDEFINED */
/*!50013 DEFINER=`root`@`localhost` SQL SECURITY DEFINER */
/*!50001 VIEW `vw_obo_doctype` AS select `od`.`objid` AS `objid`,`od`.`title` AS `title`,`od`.`sectionid` AS `sectionid`,`od`.`sortorder` AS `sortorder`,`od`.`type` AS `type`,`od`.`template` AS `template`,`od`.`autocreate` AS `autocreate`,`od`.`issuetype` AS `issuetype`,`od`.`requirefee` AS `requirefee`,`od`.`appnopattern` AS `appnopattern`,`od`.`controlnopattern` AS `controlnopattern`,`od`.`subtypeof` AS `subtypeof`,`od`.`apptype` AS `apptype`,`od`.`system` AS `system`,`od`.`role` AS `role`,`od`.`endorserid` AS `endorserid`,`od`.`approverid` AS `approverid`,`od`.`reportheader` AS `reportheader`,`od`.`refdoc` AS `refdoc`,`od`.`includeinemail` AS `includeinemail`,`os`.`org_objid` AS `org_objid`,`os`.`org_name` AS `org_name` from (`obo_doctype` `od` left join `obo_section` `os` on((`od`.`sectionid` = `os`.`objid`))) */;
/*!50001 SET character_set_client      = @saved_cs_client */;
/*!50001 SET character_set_results     = @saved_cs_results */;
/*!50001 SET collation_connection      = @saved_col_connection */;

--
-- Final view structure for view `vw_obo_occupancy_type`
--

/*!50001 DROP VIEW IF EXISTS `vw_obo_occupancy_type`*/;
/*!50001 SET @saved_cs_client          = @@character_set_client */;
/*!50001 SET @saved_cs_results         = @@character_set_results */;
/*!50001 SET @saved_col_connection     = @@collation_connection */;
/*!50001 SET character_set_client      = utf8mb4 */;
/*!50001 SET character_set_results     = utf8mb4 */;
/*!50001 SET collation_connection      = utf8mb4_general_ci */;
/*!50001 CREATE ALGORITHM=UNDEFINED */
/*!50013 DEFINER=`root`@`localhost` SQL SECURITY DEFINER */
/*!50001 VIEW `vw_obo_occupancy_type` AS select `ot`.`objid` AS `objid`,`ot`.`divisionid` AS `divisionid`,`ot`.`title` AS `title`,`od`.`objid` AS `division_objid`,`od`.`title` AS `division_title`,`og`.`objid` AS `group_objid`,`og`.`title` AS `group_title` from ((`obo_occupancy_type` `ot` join `obo_occupancy_type_division` `od` on((`ot`.`divisionid` = `od`.`objid`))) join `obo_occupancy_type_group` `og` on((`od`.`groupid` = `og`.`objid`))) */;
/*!50001 SET character_set_client      = @saved_cs_client */;
/*!50001 SET character_set_results     = @saved_cs_results */;
/*!50001 SET collation_connection      = @saved_col_connection */;

--
-- Final view structure for view `vw_obo_payment`
--

/*!50001 DROP VIEW IF EXISTS `vw_obo_payment`*/;
/*!50001 SET @saved_cs_client          = @@character_set_client */;
/*!50001 SET @saved_cs_results         = @@character_set_results */;
/*!50001 SET @saved_col_connection     = @@collation_connection */;
/*!50001 SET character_set_client      = utf8mb4 */;
/*!50001 SET character_set_results     = utf8mb4 */;
/*!50001 SET collation_connection      = utf8mb4_general_ci */;
/*!50001 CREATE ALGORITHM=UNDEFINED */
/*!50013 DEFINER=`root`@`localhost` SQL SECURITY DEFINER */
/*!50001 VIEW `vw_obo_payment` AS select `bf`.`objid` AS `objid`,`bf`.`appid` AS `appid`,`bf`.`parentid` AS `parentid`,`bf`.`itemid` AS `itemid`,`bf`.`amount` AS `amount`,`bf`.`amtpaid` AS `amtpaid`,`bf`.`remarks` AS `remarks`,`oi`.`objid` AS `item_objid`,`oi`.`title` AS `item_title`,`oi`.`sortorder` AS `item_sortorder`,`pt`.`reftype` AS `payment_type`,`pt`.`refno` AS `payment_refno`,`pt`.`refid` AS `payment_refid`,`pt`.`refdate` AS `payment_refdate` from ((`obo_app_fee` `bf` join `obo_itemaccount` `oi` on((`bf`.`itemid` = `oi`.`objid`))) left join `obo_payment` `pt` on((`bf`.`appid` = `pt`.`appid`))) where (isnull(`pt`.`voided`) or (`pt`.`voided` = 0)) */;
/*!50001 SET character_set_client      = @saved_cs_client */;
/*!50001 SET character_set_results     = @saved_cs_results */;
/*!50001 SET collation_connection      = @saved_col_connection */;

--
-- Final view structure for view `vw_obo_professional`
--

/*!50001 DROP VIEW IF EXISTS `vw_obo_professional`*/;
/*!50001 SET @saved_cs_client          = @@character_set_client */;
/*!50001 SET @saved_cs_results         = @@character_set_results */;
/*!50001 SET @saved_col_connection     = @@collation_connection */;
/*!50001 SET character_set_client      = utf8mb4 */;
/*!50001 SET character_set_results     = utf8mb4 */;
/*!50001 SET collation_connection      = utf8mb4_general_ci */;
/*!50001 CREATE ALGORITHM=UNDEFINED */
/*!50013 DEFINER=`root`@`localhost` SQL SECURITY DEFINER */
/*!50001 VIEW `vw_obo_professional` AS select `pi`.`objid` AS `objid`,`pi`.`firstname` AS `firstname`,`pi`.`middlename` AS `middlename`,`pi`.`lastname` AS `lastname`,`pi`.`resident` AS `resident`,`pi`.`address_objid` AS `address_objid`,`pi`.`address_text` AS `address_text`,`pi`.`address_unitno` AS `address_unitno`,`pi`.`address_bldgno` AS `address_bldgno`,`pi`.`address_bldgname` AS `address_bldgname`,`pi`.`address_street` AS `address_street`,`pi`.`address_subdivision` AS `address_subdivision`,`pi`.`address_barangay_objid` AS `address_barangay_objid`,`pi`.`address_barangay_name` AS `address_barangay_name`,`pi`.`address_citymunicipality` AS `address_citymunicipality`,`pi`.`address_province` AS `address_province`,`pi`.`tin` AS `tin`,`pi`.`email` AS `email`,`pi`.`mobileno` AS `mobileno`,`pi`.`phoneno` AS `phoneno`,`pi`.`id_idno` AS `id_idno`,`pi`.`id_type_name` AS `id_type_name`,`pi`.`id_dtissued` AS `id_dtissued`,`pi`.`id_placeissued` AS `id_placeissued`,`pi`.`profession` AS `profession`,`pi`.`prc_idno` AS `prc_idno`,`pi`.`prc_dtissued` AS `prc_dtissued`,`pi`.`prc_dtvalid` AS `prc_dtvalid`,`pi`.`prc_placeissued` AS `prc_placeissued`,`pi`.`ptr_refno` AS `ptr_refno`,`pi`.`ptr_dtissued` AS `ptr_dtissued`,`pi`.`ptr_placeissued` AS `ptr_placeissued`,`pi`.`profid` AS `profid`,`pi`.`system` AS `system`,concat(`pi`.`lastname`,', ',`pi`.`firstname`,' ',substr(`pi`.`middlename`,0,1),'.') AS `name`,`id`.`caption` AS `id_type_caption`,`id`.`title` AS `id_type_title` from ((`obo_professional` `p` join `obo_professional_info` `pi` on((`p`.`infoid` = `pi`.`objid`))) left join `idtype` `id` on((`pi`.`id_type_name` = `id`.`name`))) */;
/*!50001 SET character_set_client      = @saved_cs_client */;
/*!50001 SET character_set_results     = @saved_cs_results */;
/*!50001 SET collation_connection      = @saved_col_connection */;

--
-- Final view structure for view `vw_obo_professional_info`
--

/*!50001 DROP VIEW IF EXISTS `vw_obo_professional_info`*/;
/*!50001 SET @saved_cs_client          = @@character_set_client */;
/*!50001 SET @saved_cs_results         = @@character_set_results */;
/*!50001 SET @saved_col_connection     = @@collation_connection */;
/*!50001 SET character_set_client      = utf8mb4 */;
/*!50001 SET character_set_results     = utf8mb4 */;
/*!50001 SET collation_connection      = utf8mb4_general_ci */;
/*!50001 CREATE ALGORITHM=UNDEFINED */
/*!50013 DEFINER=`root`@`localhost` SQL SECURITY DEFINER */
/*!50001 VIEW `vw_obo_professional_info` AS select `pi`.`objid` AS `objid`,`pi`.`firstname` AS `firstname`,`pi`.`middlename` AS `middlename`,`pi`.`lastname` AS `lastname`,`pi`.`resident` AS `resident`,`pi`.`address_objid` AS `address_objid`,`pi`.`address_text` AS `address_text`,`pi`.`address_unitno` AS `address_unitno`,`pi`.`address_bldgno` AS `address_bldgno`,`pi`.`address_bldgname` AS `address_bldgname`,`pi`.`address_street` AS `address_street`,`pi`.`address_subdivision` AS `address_subdivision`,`pi`.`address_barangay_objid` AS `address_barangay_objid`,`pi`.`address_barangay_name` AS `address_barangay_name`,`pi`.`address_citymunicipality` AS `address_citymunicipality`,`pi`.`address_province` AS `address_province`,`pi`.`tin` AS `tin`,`pi`.`email` AS `email`,`pi`.`mobileno` AS `mobileno`,`pi`.`phoneno` AS `phoneno`,`pi`.`id_idno` AS `id_idno`,`pi`.`id_type_name` AS `id_type_name`,`pi`.`id_dtissued` AS `id_dtissued`,`pi`.`id_placeissued` AS `id_placeissued`,`pi`.`profession` AS `profession`,`pi`.`prc_idno` AS `prc_idno`,`pi`.`prc_dtissued` AS `prc_dtissued`,`pi`.`prc_dtvalid` AS `prc_dtvalid`,`pi`.`prc_placeissued` AS `prc_placeissued`,`pi`.`ptr_refno` AS `ptr_refno`,`pi`.`ptr_dtissued` AS `ptr_dtissued`,`pi`.`ptr_placeissued` AS `ptr_placeissued`,`pi`.`profid` AS `profid`,`pi`.`system` AS `system`,concat(`pi`.`lastname`,', ',`pi`.`firstname`,' ',substr(`pi`.`middlename`,0,1),'.') AS `name`,`id`.`caption` AS `id_type_caption`,`id`.`title` AS `id_type_title` from (`obo_professional_info` `pi` left join `idtype` `id` on((`pi`.`id_type_name` = `id`.`name`))) */;
/*!50001 SET character_set_client      = @saved_cs_client */;
/*!50001 SET character_set_results     = @saved_cs_results */;
/*!50001 SET collation_connection      = @saved_col_connection */;

--
-- Final view structure for view `vw_obo_professional_info_lookup`
--

/*!50001 DROP VIEW IF EXISTS `vw_obo_professional_info_lookup`*/;
/*!50001 SET @saved_cs_client          = @@character_set_client */;
/*!50001 SET @saved_cs_results         = @@character_set_results */;
/*!50001 SET @saved_col_connection     = @@collation_connection */;
/*!50001 SET character_set_client      = utf8mb4 */;
/*!50001 SET character_set_results     = utf8mb4 */;
/*!50001 SET collation_connection      = utf8mb4_general_ci */;
/*!50001 CREATE ALGORITHM=UNDEFINED */
/*!50013 DEFINER=`root`@`localhost` SQL SECURITY DEFINER */
/*!50001 VIEW `vw_obo_professional_info_lookup` AS select `pi`.`objid` AS `objid`,`pi`.`firstname` AS `firstname`,`pi`.`middlename` AS `middlename`,`pi`.`lastname` AS `lastname`,`pi`.`resident` AS `resident`,`pi`.`address_objid` AS `address_objid`,`pi`.`address_text` AS `address_text`,`pi`.`address_unitno` AS `address_unitno`,`pi`.`address_bldgno` AS `address_bldgno`,`pi`.`address_bldgname` AS `address_bldgname`,`pi`.`address_street` AS `address_street`,`pi`.`address_subdivision` AS `address_subdivision`,`pi`.`address_barangay_objid` AS `address_barangay_objid`,`pi`.`address_barangay_name` AS `address_barangay_name`,`pi`.`address_citymunicipality` AS `address_citymunicipality`,`pi`.`address_province` AS `address_province`,`pi`.`tin` AS `tin`,`pi`.`email` AS `email`,`pi`.`mobileno` AS `mobileno`,`pi`.`phoneno` AS `phoneno`,`pi`.`id_idno` AS `id_idno`,`pi`.`id_type_name` AS `id_type_name`,`pi`.`id_dtissued` AS `id_dtissued`,`pi`.`id_placeissued` AS `id_placeissued`,`pi`.`profession` AS `profession`,`pi`.`prc_idno` AS `prc_idno`,`pi`.`prc_dtissued` AS `prc_dtissued`,`pi`.`prc_dtvalid` AS `prc_dtvalid`,`pi`.`prc_placeissued` AS `prc_placeissued`,`pi`.`ptr_refno` AS `ptr_refno`,`pi`.`ptr_dtissued` AS `ptr_dtissued`,`pi`.`ptr_placeissued` AS `ptr_placeissued`,`pi`.`profid` AS `profid`,`pi`.`system` AS `system`,concat(`pi`.`lastname`,', ',`pi`.`firstname`,' ',substr(`pi`.`middlename`,0,1),'.') AS `name`,`id`.`caption` AS `id_type_caption`,`id`.`title` AS `id_type_title` from ((`obo_professional_info` `pi` join `obo_professional` `p` on((`p`.`infoid` = `pi`.`objid`))) left join `idtype` `id` on((`pi`.`id_type_name` = `id`.`name`))) union all select `pi`.`objid` AS `objid`,`pi`.`firstname` AS `firstname`,`pi`.`middlename` AS `middlename`,`pi`.`lastname` AS `lastname`,`pi`.`resident` AS `resident`,`pi`.`address_objid` AS `address_objid`,`pi`.`address_text` AS `address_text`,`pi`.`address_unitno` AS `address_unitno`,`pi`.`address_bldgno` AS `address_bldgno`,`pi`.`address_bldgname` AS `address_bldgname`,`pi`.`address_street` AS `address_street`,`pi`.`address_subdivision` AS `address_subdivision`,`pi`.`address_barangay_objid` AS `address_barangay_objid`,`pi`.`address_barangay_name` AS `address_barangay_name`,`pi`.`address_citymunicipality` AS `address_citymunicipality`,`pi`.`address_province` AS `address_province`,`pi`.`tin` AS `tin`,`pi`.`email` AS `email`,`pi`.`mobileno` AS `mobileno`,`pi`.`phoneno` AS `phoneno`,`pi`.`id_idno` AS `id_idno`,`pi`.`id_type_name` AS `id_type_name`,`pi`.`id_dtissued` AS `id_dtissued`,`pi`.`id_placeissued` AS `id_placeissued`,`pi`.`profession` AS `profession`,`pi`.`prc_idno` AS `prc_idno`,`pi`.`prc_dtissued` AS `prc_dtissued`,`pi`.`prc_dtvalid` AS `prc_dtvalid`,`pi`.`prc_placeissued` AS `prc_placeissued`,`pi`.`ptr_refno` AS `ptr_refno`,`pi`.`ptr_dtissued` AS `ptr_dtissued`,`pi`.`ptr_placeissued` AS `ptr_placeissued`,`pi`.`profid` AS `profid`,`pi`.`system` AS `system`,concat(`pi`.`lastname`,', ',`pi`.`firstname`,' ',substr(`pi`.`middlename`,0,1),'.') AS `name`,`id`.`caption` AS `id_type_caption`,`id`.`title` AS `id_type_title` from (`obo_professional_info` `pi` left join `idtype` `id` on((`pi`.`id_type_name` = `id`.`name`))) where (not(`pi`.`prc_idno` in (select `obo_professional`.`prcno` from `obo_professional`))) */;
/*!50001 SET character_set_client      = @saved_cs_client */;
/*!50001 SET character_set_results     = @saved_cs_results */;
/*!50001 SET collation_connection      = @saved_col_connection */;

--
-- Final view structure for view `vw_obo_taskitem_consolidated`
--

/*!50001 DROP VIEW IF EXISTS `vw_obo_taskitem_consolidated`*/;
/*!50001 SET @saved_cs_client          = @@character_set_client */;
/*!50001 SET @saved_cs_results         = @@character_set_results */;
/*!50001 SET @saved_col_connection     = @@collation_connection */;
/*!50001 SET character_set_client      = utf8mb4 */;
/*!50001 SET character_set_results     = utf8mb4 */;
/*!50001 SET collation_connection      = utf8mb4_general_ci */;
/*!50001 CREATE ALGORITHM=UNDEFINED */
/*!50013 DEFINER=`root`@`localhost` SQL SECURITY DEFINER */
/*!50001 VIEW `vw_obo_taskitem_consolidated` AS select `be`.`objid` AS `objid`,`be`.`appid` AS `appid`,`be`.`typeid` AS `typeid`,`bt`.`title` AS `type_title`,`bt`.`sortindex` AS `sortindex`,`betr`.`role` AS `role`,`os`.`org_objid` AS `org_objid` from (((`obo_app_taskitem` `be` join `obo_taskitem_type` `bt` on((`be`.`typeid` = `bt`.`objid`))) left join `obo_section` `os` on((`bt`.`sectionid` = `os`.`objid`))) join `obo_taskitem_type_role` `betr` on((`betr`.`typeid` = `bt`.`objid`))) union all select `be`.`objid` AS `objid`,`be`.`appid` AS `appid`,`be`.`typeid` AS `typeid`,`bt`.`title` AS `type_title`,`bt`.`sortindex` AS `sortindex`,`wn`.`role` AS `role`,`os`.`org_objid` AS `org_objid` from (((`obo_app_taskitem` `be` join `obo_taskitem_type` `bt` on((`be`.`typeid` = `bt`.`objid`))) left join `obo_section` `os` on((`bt`.`sectionid` = `os`.`objid`))) join `sys_wf_node` `wn` on(((`wn`.`processname` = 'obo_app_taskitem') and (`wn`.`tracktime` = 1)))) where (not(`wn`.`name` in (select `obo_taskitem_type_role`.`state` from `obo_taskitem_type_role` where (`obo_taskitem_type_role`.`typeid` = `be`.`typeid`)))) */;
/*!50001 SET character_set_client      = @saved_cs_client */;
/*!50001 SET character_set_results     = @saved_cs_results */;
/*!50001 SET collation_connection      = @saved_col_connection */;

--
-- Final view structure for view `vw_occupancy_certificate`
--

/*!50001 DROP VIEW IF EXISTS `vw_occupancy_certificate`*/;
/*!50001 SET @saved_cs_client          = @@character_set_client */;
/*!50001 SET @saved_cs_results         = @@character_set_results */;
/*!50001 SET @saved_col_connection     = @@collation_connection */;
/*!50001 SET character_set_client      = utf8mb4 */;
/*!50001 SET character_set_results     = utf8mb4 */;
/*!50001 SET collation_connection      = utf8mb4_general_ci */;
/*!50001 CREATE ALGORITHM=UNDEFINED */
/*!50013 DEFINER=`root`@`localhost` SQL SECURITY DEFINER */
/*!50001 VIEW `vw_occupancy_certificate` AS select `a`.`objid` AS `objid`,`a`.`doctypeid` AS `doctypeid`,`a`.`appno` AS `appno`,`a`.`appdate` AS `appdate`,`a`.`trackingno` AS `trackingno`,`a`.`applicantid` AS `applicantid`,`a`.`contact_name` AS `contact_name`,`a`.`contact_detail` AS `contact_detail`,`a`.`contact_email` AS `contact_email`,`a`.`contact_mobileno` AS `contact_mobileno`,`a`.`contact_phoneno` AS `contact_phoneno`,`a`.`txnmode` AS `txnmode`,`a`.`orgcode` AS `orgcode`,`a`.`createdby_objid` AS `createdby_objid`,`a`.`createdby_name` AS `createdby_name`,`a`.`dtcreated` AS `dtcreated`,`a`.`apptype` AS `apptype`,`a`.`txntype` AS `txntype`,`op`.`taskid` AS `taskid`,`op`.`bldgpermitid` AS `bldgpermitid`,`op`.`totalmaterialcost` AS `totalmaterialcost`,`op`.`totaldirectlaborcost` AS `totaldirectlaborcost`,`op`.`totalequipmentcost` AS `totalequipmentcost`,`op`.`totalothercost` AS `totalothercost`,`op`.`occupancytypeid` AS `occupancytypeid`,`op`.`actualnumunits` AS `actualnumunits`,`op`.`actualtotalfloorarea` AS `actualtotalfloorarea`,`op`.`actualheight` AS `actualheight`,`op`.`actualnumfloors` AS `actualnumfloors`,`op`.`dtactualstarted` AS `dtactualstarted`,`op`.`dtactualcompleted` AS `dtactualcompleted`,`op`.`inspectiondate` AS `inspectiondate`,`op`.`supervisorid` AS `supervisorid`,`op`.`contractor_name` AS `contractor_name`,`op`.`contractor_address` AS `contractor_address`,`op`.`contractor_pcab_idno` AS `contractor_pcab_idno`,`op`.`contractor_pcab_dtvalid` AS `contractor_pcab_dtvalid`,`op`.`contractor_tin` AS `contractor_tin`,`op`.`contractor_manager_name` AS `contractor_manager_name`,`op`.`contractor_manager_email` AS `contractor_manager_email`,`op`.`actualfixedcost` AS `actualfixedcost`,`op`.`actualprojectcost` AS `actualprojectcost`,`op`.`occupancystate` AS `occupancystate`,`op`.`amount` AS `amount`,`t`.`state` AS `task_state`,`t`.`startdate` AS `task_startdate`,`t`.`enddate` AS `task_enddate`,`t`.`assignee_objid` AS `task_assignee_objid`,`t`.`assignee_name` AS `task_assignee_name`,`t`.`actor_objid` AS `task_actor_objid`,`t`.`actor_name` AS `task_actor_name`,`sn`.`title` AS `task_title`,`sn`.`tracktime` AS `task_tracktime`,`sn`.`properties` AS `task_properties`,`ot`.`objid` AS `occupancytype_objid`,`ot`.`title` AS `occupancytype_title`,`od`.`objid` AS `occupancytype_division_objid`,`od`.`title` AS `occupancytype_division_title`,`og`.`objid` AS `occupancytype_group_objid`,`og`.`title` AS `occupancytype_group_title`,`ctl`.`controlno` AS `controlno`,`ctl`.`expirydate` AS `expirydate`,`ctl`.`dtissued` AS `dtissued`,`ctl`.`issuedby_name` AS `issuedby_name`,`ctl`.`approverid` AS `approverid`,`ctl`.`endorserid` AS `endorserid`,`ctl`.`template` AS `template`,`ctl`.`reportheader` AS `reportheader`,`bp`.`title` AS `title`,`bp`.`location_text` AS `location_text`,`op`.`actualfixedcost` AS `fixedcost`,`op`.`actualprojectcost` AS `projectcost` from ((((((((`obo_app` `a` join `occupancy_certificate` `op` on((`a`.`objid` = `op`.`objid`))) join `vw_building_permit` `bp` on((`op`.`bldgpermitid` = `bp`.`objid`))) join `occupancy_certificate_task` `t` on((`op`.`taskid` = `t`.`taskid`))) join `sys_wf_node` `sn` on(((`sn`.`processname` = 'occupancy_certificate') and (`sn`.`name` = `t`.`state`)))) join `obo_occupancy_type` `ot` on((`op`.`occupancytypeid` = `ot`.`objid`))) join `obo_occupancy_type_division` `od` on((`ot`.`divisionid` = `od`.`objid`))) join `obo_occupancy_type_group` `og` on((`od`.`groupid` = `og`.`objid`))) left join `obo_control` `ctl` on(((`ctl`.`appid` = `a`.`objid`) and (`ctl`.`doctypeid` = 'OCCUPANCY_CERTIFICATE')))) */;
/*!50001 SET character_set_client      = @saved_cs_client */;
/*!50001 SET character_set_results     = @saved_cs_results */;
/*!50001 SET collation_connection      = @saved_col_connection */;
/*!40103 SET TIME_ZONE=@OLD_TIME_ZONE */;

/*!40101 SET SQL_MODE=@OLD_SQL_MODE */;
/*!40014 SET FOREIGN_KEY_CHECKS=@OLD_FOREIGN_KEY_CHECKS */;
/*!40014 SET UNIQUE_CHECKS=@OLD_UNIQUE_CHECKS */;
/*!40101 SET CHARACTER_SET_CLIENT=@OLD_CHARACTER_SET_CLIENT */;
/*!40101 SET CHARACTER_SET_RESULTS=@OLD_CHARACTER_SET_RESULTS */;
/*!40101 SET COLLATION_CONNECTION=@OLD_COLLATION_CONNECTION */;
/*!40111 SET SQL_NOTES=@OLD_SQL_NOTES */;

-- Dump completed on 2021-05-20 18:46:31
